22:16051249:C:T
22:16052167:A:AAAAC
22:16052962:C:T
22:16053444:A:T
22:16053659:A:C
22:16053791:A:C
22:16053862:C:T
22:16054454:C:T
22:16055122:G:T
22:16055942:C:T
22:16057417:C:T
22:16058758:A:C
22:16058766:A:G
22:16058767:A:G
22:16060797:A:C
22:16061016:C:T
22:16061992:A:C
22:16062865:C:CT
22:16069707:C:G
22:16069783:A:T
22:16113892:C:T
22:16143946:A:G
22:16152553:A:G
22:16212480:C:T
22:16212542:C:T
22:16212580:A:G
22:16215888:A:G
22:16218680:A:G
22:16219838:A:G
22:16225293:C:T
22:16228299:G:T
22:16231371:A:T
22:16242273:C:CTT
22:16246420:A:T
22:16265110:C:T
22:16287156:C:T
22:16290842:A:G
22:16345401:G:T
22:16364923:A:C
22:16399162:C:T
22:16425814:C:T
22:16438164:G:T
22:16442974:C:T
22:16448899:A:G
22:16449050:A:G
22:16459587:A:G
22:16459639:A:AATAT
22:16460679:C:G
22:16460869:C:T
22:16462088:C:T
22:16487825:G:GT
22:16488635:A:C
22:16489239:A:G
22:16490252:C:CT
22:16498387:C:T
22:16498458:A:G
22:16498659:A:T
22:16499220:C:T
22:16505854:A:G
22:16508801:A:C
22:16508839:C:T
22:16509047:A:G
22:16511719:C:T
22:16512519:C:G
22:16514160:A:G
22:16514951:A:C
22:16517477:A:G
22:16528060:A:G
22:16528441:A:G
22:16528995:A:G
22:16531913:G:GT
22:16532046:C:G
22:16539931:A:C
22:16541711:G:T
22:16546923:C:T
22:16547075:A:G
22:16553555:A:G
22:16555820:C:G
22:16557053:A:G
22:16557488:A:C
22:16566779:A:G
22:16568404:C:T
22:16568405:G:T
22:16569666:C:G
22:16572047:C:G
22:16573733:A:G
22:16575221:C:T
22:16577093:A:G
22:16579906:A:G
22:16580254:A:T
22:16581642:A:T
22:16584095:T:TGTGA
22:16585233:C:T
22:16589430:C:T
22:16590657:C:T
22:16592355:A:G
22:16592721:C:G
22:16593244:A:G
22:16602668:A:ACACT
22:16603512:G:T
22:16613932:A:G
22:16614145:A:G
22:16615463:C:T
22:16615781:C:G
22:16616889:C:T
22:16617490:C:T
22:16617844:A:C
22:16619898:C:T
22:16620189:C:T
22:16624210:A:G
22:16626992:A:C
22:16628321:A:G
22:16629874:C:T
22:16630698:A:G
22:16631921:A:G
22:16636057:C:T
22:16636560:A:G
22:16636563:A:G
22:16636916:A:G
22:16637483:G:T
22:16637641:G:GT
22:16641128:G:T
22:16641660:A:C
22:16642105:C:G
22:16643846:A:G
22:16644857:C:G
22:16645075:A:G
22:16645749:C:T
22:16648273:C:T
22:16656792:A:T
22:16658027:A:C
22:16658046:T:TG
22:16659755:C:T
22:16673521:C:T
22:16676273:A:G
22:16695829:A:C
22:16847963:A:G
22:16848080:A:G
22:16848165:C:T
22:16848337:A:C
22:16848470:A:G
22:16848484:A:G
22:16848493:A:G
22:16848519:A:G
22:16848520:A:T
22:16849105:A:G
22:16849228:C:CGAATG
22:16849573:A:G
22:16849681:C:G
22:16849725:A:G
22:16849843:A:G
22:16849871:C:T
22:16849933:C:T
22:16849971:A:T
22:16850089:C:T
22:16850115:C:T
22:16850164:C:T
22:16850281:C:T
22:16850297:C:T
22:16850298:A:G
22:16850437:A:G
22:16850463:A:G
22:16850634:C:T
22:16850671:A:T
22:16850676:C:T
22:16850744:A:T
22:16850752:A:T
22:16851053:A:G
22:16851079:G:T
22:16851081:G:T
22:16851088:C:G
22:16851108:C:T
22:16851125:C:G
22:16851141:A:G
22:16851225:C:T
22:16851477:C:T
22:16851489:G:T
22:16851640:C:T
22:16851673:A:G
22:16851796:A:G
22:16851822:A:G
22:16851899:C:G
22:16852303:A:G
22:16852312:A:G
22:16852315:A:T
22:16852652:A:G
22:16852667:A:T
22:16852683:G:T
22:16852820:A:T
22:16852835:A:T
22:16852914:A:G
22:16853019:A:G
22:16853055:C:T
22:16853071:A:G
22:16853122:C:T
22:16853178:C:T
22:16853218:A:G
22:16853231:C:T
22:16853232:A:G
22:16853328:A:G
22:16853399:C:T
22:16853425:C:T
22:16853625:A:C
22:16853940:A:G
22:16853948:A:T
22:16854064:A:G
22:16854330:G:T
22:16854396:A:G
22:16854448:A:C
22:16854565:A:G
22:16854617:A:G
22:16854643:A:G
22:16854652:C:T
22:16854792:C:T
22:16854859:G:T
22:16855038:A:G
22:16855160:A:G
22:16855274:A:G
22:16855280:C:T
22:16855350:A:G
22:16855476:A:G
22:16855563:A:G
22:16855618:A:G
22:16855677:A:G
22:16855731:C:G
22:16855764:A:C
22:16855904:A:G
22:16856181:C:T
22:16856188:C:T
22:16856465:C:T
22:16856544:A:G
22:16856609:G:GA
22:16856672:C:T
22:16856702:A:C
22:16856705:C:T
22:16856803:C:T
22:16856809:A:G
22:16856830:A:G
22:16856878:C:T
22:16857015:C:T
22:16857035:A:C
22:16857041:C:T
22:16857140:A:G
22:16857165:C:T
22:16857166:A:G
22:16857414:C:T
22:16857418:C:T
22:16857422:A:C
22:16857510:G:T
22:16857566:A:ATCC
22:16857943:C:CGAATG
22:16857952:A:G
22:16857983:C:G
22:16858076:A:G
22:16858218:C:G
22:16858219:C:G
22:16858253:A:G
22:16858364:C:T
22:16858472:A:G
22:16858723:A:G
22:16858804:A:G
22:16858863:A:C
22:16859182:A:G
22:16859254:G:GAATCGAATGGAATCAT
22:16859301:A:G
22:16859587:C:T
22:16860036:A:T
22:16860139:G:T
22:16860199:A:C
22:16860228:A:G
22:16860257:T:TCATCGAA
22:16860258:T:TGGA
22:16860336:C:T
22:16860360:A:G
22:16860413:A:G
22:16860442:A:G
22:16860496:C:T
22:16860617:A:G
22:16860656:A:G
22:16860752:A:G
22:16860767:A:T
22:16860813:C:G
22:16860935:A:C
22:16860967:A:G
22:16860985:C:T
22:16861056:A:G
22:16861182:G:T
22:16861246:A:G
22:16861293:A:G
22:16861339:C:T
22:16861420:C:T
22:16861450:A:G
22:16861485:C:T
22:16861577:C:T
22:16861592:A:G
22:16861595:A:G
22:16861599:C:G
22:16861711:A:G
22:16861728:A:G
22:16861786:A:G
22:16861862:A:G
22:16861919:A:G
22:16861975:C:T
22:16862057:G:T
22:16862178:A:G
22:16862213:A:G
22:16862223:A:G
22:16862226:A:T
22:16862245:A:C
22:16862282:A:G
22:16862531:C:T
22:16862729:A:C
22:16862889:A:G
22:16863070:A:G
22:16863378:A:ACT
22:16863454:G:T
22:16863815:A:G
22:16864090:A:T
22:16865450:A:T
22:16865596:C:CACA
22:16865803:A:G
22:16866749:A:G
22:16866894:A:G
22:16867414:C:G
22:16867451:C:T
22:16867535:C:T
22:16867625:A:G
22:16867938:C:T
22:16867958:C:G
22:16868142:G:T
22:16868143:C:T
22:16868195:A:AC
22:16868198:A:C
22:16868364:A:G
22:16869223:A:G
22:16869511:A:G
22:16869527:A:C
22:16869565:A:G
22:16869959:G:T
22:16870055:A:G
22:16870108:C:T
22:16870162:A:G
22:16870173:A:G
22:16870183:C:T
22:16870214:A:G
22:16870381:A:G
22:16870393:G:T
22:16870425:C:T
22:16870561:G:T
22:16870590:A:G
22:16870764:C:G
22:16870890:C:T
22:16870891:A:G
22:16871080:A:C
22:16871133:A:G
22:16871318:A:G
22:16871440:A:C
22:16871463:A:G
22:16871506:C:T
22:16871709:A:T
22:16871746:A:G
22:16871863:C:T
22:16871885:A:AG
22:16871903:A:C
22:16871951:A:G
22:16872056:A:G
22:16872459:A:G
22:16872643:A:G
22:16872891:C:G
22:16872904:A:G
22:16873140:A:G
22:16873226:A:G
22:16874667:A:G
22:16874687:G:T
22:16874715:C:T
22:16874741:G:T
22:16875195:A:C
22:16875337:A:G
22:16875538:G:GA
22:16876002:A:T
22:16876216:A:G
22:16876253:C:T
22:16876257:A:G
22:16876292:C:T
22:16876305:C:T
22:16876565:A:T
22:16876566:A:T
22:16876585:A:G
22:16876636:A:G
22:16876715:A:G
22:16877799:C:T
22:16878039:A:G
22:16878365:C:T
22:16878882:C:T
22:16878941:C:T
22:16879056:G:T
22:16879151:C:G
22:16879530:A:G
22:16879591:C:T
22:16880072:A:G
22:16880098:A:G
22:16880117:C:T
22:16880129:A:G
22:16880230:G:T
22:16880437:A:G
22:16880730:A:T
22:16881071:C:T
22:16881523:A:T
22:16881563:A:G
22:16881645:A:C
22:16881807:A:C
22:16882562:A:C
22:16883615:C:T
22:16883912:A:C
22:16883930:A:C
22:16884242:A:T
22:16884494:G:T
22:16884830:C:T
22:16885002:A:G
22:16885620:A:G
22:16885868:A:G
22:16885967:C:T
22:16885971:C:G
22:16886339:A:G
22:16886618:A:G
22:16886781:A:T
22:16886848:A:G
22:16886970:T:TA
22:16887294:C:T
22:16887607:A:G
22:16888300:G:T
22:16888495:C:T
22:16888538:A:T
22:16888577:A:G
22:16888762:A:T
22:16888784:A:G
22:16888900:C:G
22:16889393:C:T
22:16889414:A:T
22:16889868:A:G
22:16890125:C:T
22:16890296:A:T
22:16890307:C:T
22:16890816:C:T
22:16892060:C:G
22:16892143:C:T
22:16892411:A:G
22:16892549:C:G
22:16892613:C:T
22:16892654:A:G
22:16893270:A:G
22:16894090:C:T
22:16894117:C:T
22:16894182:A:G
22:16894192:A:G
22:16894196:C:T
22:16894264:A:C
22:16894311:A:T
22:16894524:A:G
22:16894678:A:T
22:16894757:A:G
22:16895246:A:G
22:16895382:A:G
22:16895990:A:T
22:16896334:C:T
22:16896468:C:T
22:16896705:A:C
22:16896737:C:T
22:16896762:A:G
22:16897060:A:T
22:16897176:C:G
22:16897334:A:G
22:16897352:A:G
22:16897621:A:T
22:16897749:A:G
22:16897762:C:T
22:16897765:C:T
22:16898156:A:T
22:16898290:A:T
22:16898389:G:T
22:16898935:A:T
22:16899004:A:G
22:16899123:A:G
22:16899526:C:T
22:16899734:A:G
22:16899951:A:T
22:16900134:A:G
22:16900393:A:G
22:16900619:C:T
22:16901849:C:T
22:16902099:A:T
22:16902391:G:T
22:16902425:C:T
22:16902665:C:G
22:16902965:C:T
22:16903138:A:G
22:16903413:A:G
22:16903446:A:C
22:16903536:C:T
22:16903845:T:TAC
22:16903895:A:G
22:16904056:A:G
22:16904979:A:C
22:16905308:A:G
22:16905526:C:T
22:16905630:A:G
22:16905757:C:G
22:16906273:A:C
22:16906466:A:G
22:16906517:A:C
22:16907348:A:T
22:16907558:C:T
22:16908145:C:CA
22:16908214:C:T
22:16908514:C:T
22:16910205:C:G
22:16910781:G:T
22:16911053:A:T
22:16912487:A:C
22:16912638:A:G
22:16912915:C:T
22:16913263:G:T
22:16913264:C:T
22:16913596:C:T
22:16913973:A:G
22:16914941:A:G
22:16914997:G:T
22:16915550:C:G
22:16915596:A:G
22:16915616:A:G
22:16915998:A:T
22:16916698:C:T
22:16917433:A:T
22:16917903:A:T
22:16918268:C:T
22:16918335:C:T
22:16918406:G:T
22:16918442:C:T
22:16918469:C:T
22:16918867:C:T
22:16918898:A:G
22:16919099:C:T
22:16919536:A:G
22:16919927:A:G
22:16919979:A:AT
22:16920198:A:G
22:16920269:A:G
22:16920316:A:G
22:16920434:A:G
22:16920667:C:T
22:16920668:A:G
22:16920694:C:T
22:16920731:G:GA
22:16921146:C:T
22:16921569:A:G
22:16922622:C:T
22:16922758:A:G
22:16922910:C:G
22:16922911:A:G
22:16923041:C:G
22:16923693:A:G
22:16923711:A:T
22:16924424:G:T
22:16924779:C:T
22:16924803:A:G
22:16924826:C:T
22:16925363:A:G
22:16926260:A:G
22:16926896:A:G
22:16927519:C:T
22:16927705:C:CA
22:16927888:A:C
22:16928476:A:G
22:16929527:C:T
22:16929529:C:T
22:16929934:G:T
22:16930122:A:G
22:16930184:C:T
22:16930252:A:G
22:16930326:A:G
22:16930573:A:T
22:16930691:A:C
22:16930851:A:G
22:16931689:C:T
22:16931780:C:G
22:16931852:A:C
22:16931869:C:T
22:16931947:C:T
22:16932130:A:G
22:16932408:A:G
22:16932440:A:G
22:16932517:A:G
22:16932518:C:T
22:16932565:A:C
22:16932678:C:T
22:16933140:C:T
22:16933279:A:G
22:16933455:A:G
22:16933658:C:T
22:16933929:C:T
22:16933993:G:T
22:16934374:A:G
22:16934385:A:G
22:16934613:C:T
22:16934657:G:T
22:16935084:A:T
22:16935176:A:G
22:16935355:A:G
22:16935528:A:T
22:16935609:A:C
22:16935663:G:T
22:16935834:A:G
22:16935836:C:T
22:16935852:A:G
22:16936090:A:G
22:16936171:A:T
22:16936412:C:T
22:16936451:C:T
22:16936454:A:G
22:16936600:C:T
22:16937079:A:G
22:16937123:C:T
22:16937131:A:C
22:16937309:A:C
22:16937537:A:G
22:16937583:A:G
22:16938155:C:T
22:16938183:G:T
22:16938303:C:T
22:16938334:A:G
22:16938376:A:G
22:16938658:A:G
22:16938961:A:T
22:16939143:G:T
22:16939224:A:AC
22:16939232:C:T
22:16939256:A:T
22:16939604:A:G
22:16939769:A:T
22:16939838:G:T
22:16940305:A:G
22:16940346:G:T
22:16940418:C:T
22:16941186:C:T
22:16941398:C:T
22:16941709:A:C
22:16942035:C:T
22:16942072:C:G
22:16942673:A:T
22:16942697:A:G
22:16942941:A:C
22:16943415:A:T
22:16943612:C:T
22:16944123:A:T
22:16944686:G:GAAGCC
22:16944695:G:GA
22:16944700:A:AC
22:16944705:G:T
22:16945045:C:T
22:16945602:C:CT
22:16946586:A:T
22:16946860:C:T
22:16947183:A:G
22:16947481:G:GA
22:16947544:C:T
22:16947962:C:G
22:16948659:C:G
22:16948732:C:G
22:16948810:A:C
22:16948947:A:C
22:16949116:A:G
22:16949797:A:C
22:16950229:A:T
22:16950364:A:G
22:16950404:C:T
22:16951509:A:C
22:16951562:A:G
22:16951599:A:T
22:16951631:A:T
22:16951755:A:G
22:16951842:C:T
22:16951942:A:G
22:16952200:C:T
22:16952503:C:T
22:16952770:A:C
22:16952830:C:G
22:16952978:C:T
22:16953120:C:T
22:16953505:A:G
22:16953560:C:T
22:16953562:C:T
22:16953587:A:C
22:16953620:A:G
22:16953727:A:G
22:16953744:A:T
22:16953912:C:T
22:16954191:A:G
22:16955297:A:T
22:16955480:C:T
22:16955588:A:T
22:16956141:A:G
22:16956415:A:G
22:16956840:A:T
22:16956997:A:G
22:16957017:A:G
22:16957187:A:G
22:16957305:A:C
22:16957339:C:T
22:16957902:A:G
22:16958001:G:T
22:16958009:G:T
22:16958051:A:G
22:16958277:C:T
22:16958530:A:G
22:16958616:C:T
22:16958940:C:T
22:16959043:G:T
22:16959180:G:GA
22:16959347:A:G
22:16959362:C:T
22:16959367:A:C
22:16959657:A:G
22:16959660:A:C
22:16959721:C:T
22:16959898:A:C
22:16959920:C:CA
22:16960113:A:G
22:16960469:C:G
22:16960574:G:T
22:16960595:A:G
22:16960666:C:T
22:16960799:C:G
22:16964034:A:G
22:17000928:C:CAA
22:17003412:C:T
22:17003679:A:G
22:17003990:A:C
22:17004454:C:T
22:17004914:C:T
22:17005246:C:T
22:17005260:A:G
22:17005343:A:G
22:17006280:C:T
22:17006478:C:G
22:17006632:C:G
22:17006833:A:G
22:17007058:A:G
22:17007448:G:T
22:17008023:C:T
22:17008139:C:T
22:17008575:A:C
22:17008661:C:T
22:17008980:C:T
22:17009174:C:T
22:17009231:C:G
22:17009245:A:C
22:17009340:A:ATGCCC
22:17009877:G:T
22:17010173:A:G
22:17010225:A:G
22:17010387:C:T
22:17010737:A:G
22:17010978:C:T
22:17011010:A:T
22:17011221:C:T
22:17011236:C:G
22:17011507:G:T
22:17011656:C:G
22:17011701:A:G
22:17012057:C:T
22:17012169:A:G
22:17012392:C:T
22:17012524:C:T
22:17012830:C:G
22:17012924:A:G
22:17012935:A:G
22:17013004:A:G
22:17013111:A:G
22:17013156:A:C
22:17013187:G:T
22:17013976:A:C
22:17014031:A:G
22:17014115:A:C
22:17014571:C:G
22:17015024:A:G
22:17015723:A:G
22:17015794:A:T
22:17017045:A:G
22:17018404:C:T
22:17018509:A:C
22:17018607:G:T
22:17018874:C:G
22:17019554:A:G
22:17019796:A:T
22:17020036:A:G
22:17020039:A:C
22:17020454:A:G
22:17020735:G:T
22:17020786:C:CTTATAAAGAATATGATTGTTGG
22:17020873:C:T
22:17020982:C:T
22:17021372:C:G
22:17021611:C:T
22:17021691:A:C
22:17021723:A:T
22:17022043:C:T
22:17022196:A:G
22:17022415:T:TTGTC
22:17022437:T:TTA
22:17023100:A:T
22:17023514:C:T
22:17023726:C:T
22:17024561:A:C
22:17024785:A:G
22:17024823:A:G
22:17024866:C:T
22:17024887:C:CAAGG
22:17024983:A:C
22:17025218:G:T
22:17025365:C:T
22:17025366:A:G
22:17025420:A:G
22:17025507:A:G
22:17025669:C:T
22:17025879:C:T
22:17026339:<CN0>:T
22:17026552:G:T
22:17026563:C:T
22:17026579:C:T
22:17026920:G:T
22:17029120:A:G
22:17029410:A:C
22:17029525:G:T
22:17029739:G:T
22:17030029:A:G
22:17030031:A:G
22:17030126:A:T
22:17030391:A:C
22:17030442:C:T
22:17030449:A:G
22:17030469:C:T
22:17030533:A:G
22:17030614:C:T
22:17030620:A:G
22:17030647:A:T
22:17030710:A:G
22:17030792:A:G
22:17030900:C:T
22:17030949:C:T
22:17031072:C:T
22:17031088:A:C
22:17031115:G:T
22:17031447:A:G
22:17031494:A:G
22:17031510:C:CTTTA
22:17032102:A:G
22:17032232:A:C
22:17032233:A:G
22:17032282:C:T
22:17032430:A:C
22:17032666:G:T
22:17032698:C:T
22:17032739:A:G
22:17032873:G:GTC
22:17033070:A:G
22:17033685:A:G
22:17033784:A:AT
22:17034452:A:T
22:17034677:C:G
22:17034805:C:G
22:17034845:A:G
22:17034874:C:G
22:17034945:C:T
22:17034956:A:C
22:17035072:C:G
22:17035120:C:T
22:17035496:A:G
22:17035502:C:T
22:17035557:A:G
22:17035786:C:T
22:17035811:C:T
22:17035898:A:G
22:17035966:C:T
22:17035967:A:G
22:17036033:A:G
22:17036080:A:C
22:17036642:C:T
22:17036757:C:G
22:17036843:C:T
22:17036956:A:G
22:17036973:G:T
22:17037192:C:T
22:17037504:G:T
22:17037779:C:T
22:17037783:C:T
22:17037807:C:T
22:17038426:A:G
22:17038636:A:G
22:17039136:A:C
22:17041499:A:C
22:17041656:C:G
22:17042030:C:G
22:17042361:A:G
22:17042407:C:T
22:17043136:C:T
22:17043194:G:GA
22:17043379:C:G
22:17043680:A:G
22:17045071:C:T
22:17045180:A:G
22:17045626:A:G
22:17045641:A:G
22:17046083:G:T
22:17046111:C:T
22:17046587:C:T
22:17046719:C:T
22:17047609:A:G
22:17048696:C:G
22:17049115:A:G
22:17049827:C:T
22:17050088:A:G
22:17050605:A:G
22:17050777:A:T
22:17050980:A:ACATT
22:17051419:G:T
22:17051775:G:T
22:17052123:A:G
22:17052871:A:G
22:17054103:A:G
22:17054332:C:T
22:17054720:C:T
22:17054795:A:G
22:17055074:A:T
22:17055458:A:G
22:17055569:G:T
22:17055818:C:T
22:17055841:C:T
22:17055978:A:G
22:17055984:C:T
22:17056038:A:G
22:17056298:G:T
22:17056415:C:T
22:17056840:C:T
22:17057597:A:G
22:17058482:C:T
22:17058560:A:G
22:17058616:C:T
22:17058972:T:TA
22:17059560:C:T
22:17059681:G:GA
22:17059916:C:T
22:17060166:C:T
22:17060409:T:TTTTG
22:17060419:C:T
22:17060707:A:G
22:17061093:C:T
22:17061305:A:G
22:17062679:A:G
22:17063084:C:CTG
22:17063121:A:AAAAG
22:17063176:C:T
22:17063359:A:G
22:17064010:A:G
22:17064218:A:AC
22:17064885:C:T
22:17065023:C:T
22:17065079:A:T
22:17065457:A:G
22:17065545:A:G
22:17065548:A:T
22:17065549:C:G
22:17065551:A:G
22:17065552:A:C
22:17066034:A:G
22:17066400:C:G
22:17066428:A:G
22:17066493:A:G
22:17066622:C:T
22:17066700:C:T
22:17066768:A:G
22:17067504:G:T
22:17067856:C:T
22:17068400:C:T
22:17069064:A:T
22:17070120:C:G
22:17070764:C:G
22:17071043:A:G
22:17071513:A:G
22:17071582:C:CAA
22:17072483:A:G
22:17073066:A:G
22:17074150:A:G
22:17074427:A:G
22:17074622:A:C
22:17075353:A:C
22:17075476:A:G
22:17075647:A:G
22:17076889:A:AAAAT
22:17077901:C:T
22:17077949:A:G
22:17078105:C:T
22:17078853:A:T
22:17079417:C:G
22:17079469:A:G
22:17079536:C:T
22:17079911:A:G
22:17080190:C:G
22:17080325:T:TG
22:17080378:A:G
22:17081040:C:T
22:17081763:A:G
22:17083152:A:G
22:17083590:C:G
22:17083747:A:G
22:17084609:A:G
22:17084717:C:G
22:17084751:A:AT
22:17084762:A:T
22:17085109:C:T
22:17086614:A:G
22:17087084:G:GTT
22:17087283:A:G
22:17087705:A:G
22:17088114:A:G
22:17088983:G:T
22:17089061:A:G
22:17089228:A:G
22:17089569:A:G
22:17089639:C:G
22:17090624:C:T
22:17090669:C:CG
22:17090784:A:G
22:17091026:C:G
22:17091201:A:C
22:17091996:G:T
22:17093416:C:T
22:17093467:C:T
22:17093523:A:G
22:17093947:A:C
22:17094154:A:G
22:17094509:A:G
22:17094670:G:T
22:17094749:A:C
22:17094971:A:G
22:17095652:A:G
22:17096707:C:G
22:17096864:C:T
22:17097205:C:T
22:17097339:A:G
22:17097416:C:G
22:17097910:A:G
22:17099107:C:T
22:17099462:C:G
22:17099492:C:T
22:17099883:A:G
22:17100141:G:T
22:17100497:C:T
22:17100730:A:G
22:17100911:A:G
22:17101074:A:G
22:17101208:T:TG
22:17101213:T:TAC
22:17101672:A:G
22:17101987:A:G
22:17102425:C:CCT
22:17102433:A:G
22:17102505:C:T
22:17102631:C:T
22:17103034:A:G
22:17103078:C:G
22:17103717:G:T
22:17103916:C:T
22:17104269:A:T
22:17105497:C:T
22:17105666:C:T
22:17106443:G:T
22:17106549:A:G
22:17107266:A:G
22:17107330:A:T
22:17107631:C:T
22:17109678:A:C
22:17109733:A:T
22:17109801:C:CTTG
22:17110265:A:T
22:17110753:G:T
22:17111658:C:T
22:17112342:C:T
22:17112636:C:T
22:17113826:G:T
22:17114304:A:G
22:17114897:A:G
22:17115797:A:T
22:17116398:G:T
22:17116620:A:AT
22:17117059:C:T
22:17117094:A:G
22:17118747:C:T
22:17118882:A:C
22:17118907:G:T
22:17118945:C:T
22:17119095:A:C
22:17119955:A:T
22:17121550:A:G
22:17121787:A:T
22:17122332:C:T
22:17122591:A:G
22:17122884:A:G
22:17123175:C:T
22:17123332:C:T
22:17123971:A:G
22:17124052:A:G
22:17124134:A:G
22:17124307:A:G
22:17126077:A:T
22:17126427:A:G
22:17127008:G:GA
22:17127010:G:GACAGA
22:17127157:C:G
22:17127617:A:G
22:17127706:A:G
22:17128089:A:G
22:17128705:C:T
22:17128908:A:G
22:17129645:C:T
22:17129738:C:T
22:17130142:C:T
22:17130268:A:G
22:17130402:C:G
22:17130409:C:T
22:17130647:C:T
22:17130657:C:T
22:17131307:C:T
22:17131413:C:T
22:17131416:A:G
22:17132490:A:G
22:17132608:G:T
22:17132719:A:G
22:17133436:A:G
22:17133465:C:G
22:17133617:A:G
22:17133893:C:T
22:17134494:A:G
22:17134498:C:T
22:17134526:C:G
22:17134578:G:GAC
22:17134584:A:AAAC
22:17135337:C:T
22:17136658:G:T
22:17136860:A:G
22:17136863:G:T
22:17137036:C:CAGTAAGTA
22:17137718:A:AAAT
22:17139061:G:GTA
22:17139096:C:CAT
22:17139103:G:GTA
22:17139188:C:CAT
22:17139200:C:T
22:17139225:G:GTA
22:17139339:G:GTGTA
22:17139866:C:T
22:17140023:C:G
22:17140593:A:G
22:17141229:G:GAA
22:17141339:C:T
22:17141349:A:G
22:17141389:A:T
22:17141436:C:CCGAACG
22:17141753:A:G
22:17141817:C:CACAG
22:17142108:A:G
22:17142197:A:AAACT
22:17142633:C:T
22:17143028:A:G
22:17143793:G:T
22:17143842:G:T
22:17144555:A:G
22:17145110:C:T
22:17145314:C:T
22:17145419:C:G
22:17145796:A:G
22:17145814:C:T
22:17147156:A:G
22:17147306:G:T
22:17147355:A:G
22:17148060:T:TA
22:17148769:C:G
22:17149033:C:G
22:17149300:C:T
22:17150031:A:G
22:17150676:C:T
22:17151068:C:T
22:17153549:A:G
22:17153964:C:T
22:17154984:A:G
22:17155383:A:G
22:17159637:C:CA
22:17161189:A:C
22:17196213:C:T
22:17197386:A:T
22:17198802:A:G
22:17198962:C:CT
22:17199093:A:G
22:17199651:T:TTTAAAACAAGACGGTC
22:17200646:A:T
22:17201824:C:G
22:17202535:A:C
22:17202602:C:T
22:17203103:A:G
22:17203532:A:G
22:17203568:A:G
22:17203762:C:T
22:17205013:C:CGT
22:17205176:T:TAGTATAATATGC
22:17206652:A:T
22:17207798:G:T
22:17208210:A:G
22:17208423:G:T
22:17208726:C:T
22:17210318:A:T
22:17211075:A:G
22:17212113:C:T
22:17212553:A:G
22:17212788:A:AT
22:17213094:G:T
22:17213298:C:T
22:17214008:C:T
22:17214252:C:T
22:17214669:C:T
22:17216536:A:C
22:17217025:C:T
22:17217063:A:AC
22:17217247:A:G
22:17217317:A:G
22:17217474:C:T
22:17219085:C:CA
22:17219250:A:T
22:17219356:A:G
22:17219625:A:C
22:17220001:C:T
22:17220153:A:ACAAT
22:17220560:A:C
22:17220599:A:G
22:17220813:A:G
22:17221495:C:T
22:17221812:A:G
22:17222463:A:G
22:17222785:A:T
22:17222894:A:T
22:17222934:C:T
22:17222962:C:T
22:17223271:C:G
22:17223534:A:G
22:17223562:A:G
22:17223854:C:CT
22:17224038:C:T
22:17224283:A:G
22:17224285:A:C
22:17224430:A:T
22:17224544:C:T
22:17224835:A:G
22:17225174:A:G
22:17225193:C:T
22:17225319:A:C
22:17225407:C:T
22:17225652:C:T
22:17225692:G:T
22:17225715:A:T
22:17225773:C:T
22:17225903:A:G
22:17225938:A:G
22:17225950:A:G
22:17226065:A:G
22:17226149:C:G
22:17226199:A:AG
22:17226822:A:G
22:17226906:C:T
22:17226948:A:G
22:17227182:G:T
22:17227210:C:T
22:17227439:A:G
22:17227461:C:T
22:17227497:C:G
22:17228655:C:CT
22:17228796:A:G
22:17229353:C:T
22:17229362:A:G
22:17230116:A:T
22:17230232:A:G
22:17231133:C:G
22:17231603:C:T
22:17231719:C:T
22:17232922:A:G
22:17233467:A:G
22:17234497:A:G
22:17234933:A:T
22:17234938:A:G
22:17237465:C:T
22:17237702:C:G
22:17238270:C:G
22:17238335:A:C
22:17238398:G:T
22:17238906:C:T
22:17239552:C:T
22:17239605:A:G
22:17243554:G:GA
22:17245435:C:CTCTG
22:17276523:A:C
22:17276865:A:AG
22:17278430:A:C
22:17278454:A:G
22:17278465:A:G
22:17278682:C:CA
22:17278762:C:T
22:17278938:C:T
22:17279084:A:C
22:17279115:A:T
22:17279464:A:G
22:17279823:A:C
22:17280345:C:T
22:17280388:C:T
22:17280822:A:G
22:17281097:T:TA
22:17281110:A:C
22:17281392:A:G
22:17281931:A:G
22:17282305:A:G
22:17282425:A:C
22:17282549:A:G
22:17282576:C:CAA
22:17282665:C:T
22:17282666:A:G
22:17282706:A:T
22:17283381:C:CT
22:17283820:A:G
22:17283967:C:CAT
22:17284065:C:T
22:17284363:A:G
22:17284657:A:C
22:17285049:C:G
22:17286147:A:T
22:17286329:G:T
22:17286712:A:T
22:17287053:A:G
22:17287150:C:CAAAAAA
22:17287199:C:CAT
22:17287359:G:GT
22:17287835:A:T
22:17288058:A:G
22:17288200:C:T
22:17288220:C:T
22:17288274:C:T
22:17288377:A:C
22:17289118:C:T
22:17290010:G:T
22:17290106:C:T
22:17290674:A:G
22:17292156:C:T
22:17292258:A:C
22:17292599:A:G
22:17292877:C:T
22:17293143:A:T
22:17293295:A:G
22:17293346:A:C
22:17293393:C:T
22:17294042:C:T
22:17294204:A:C
22:17294251:G:T
22:17294997:A:G
22:17295703:C:T
22:17295764:A:G
22:17295981:G:T
22:17296114:C:G
22:17296235:A:T
22:17296426:A:G
22:17296720:A:G
22:17296836:C:T
22:17297210:A:AT
22:17297256:G:GTAGT
22:17297558:A:G
22:17297636:A:G
22:17298053:A:ATATAATTCTC
22:17298243:C:CCAAT
22:17299033:C:T
22:17299901:G:T
22:17300230:A:G
22:17300320:A:G
22:17300408:A:G
22:17300622:A:G
22:17301217:A:G
22:17301526:A:ATACATAGTC
22:17301539:A:C
22:17301551:C:T
22:17301606:A:AC
22:17301843:A:G
22:17301901:C:T
22:17302170:C:T
22:17302415:A:AT
22:17302458:C:G
22:17302486:A:T
22:17302509:C:T
22:17302685:A:T
22:17302747:A:G
22:17302763:C:G
22:17302774:C:G
22:17302803:A:G
22:17302823:C:T
22:17302836:C:T
22:17302886:C:T
22:17302972:A:C
22:17303040:C:T
22:17303276:A:T
22:17303281:A:AAT
22:17303383:C:T
22:17303464:A:C
22:17303469:C:T
22:17303596:G:T
22:17303921:A:T
22:17304132:A:G
22:17304246:C:T
22:17304395:A:G
22:17304887:A:G
22:17305777:A:G
22:17306104:G:T
22:17306184:G:T
22:17306270:A:G
22:17306941:T:TAAC
22:17307399:C:T
22:17307742:A:G
22:17307805:T:TATTA
22:17307809:A:T
22:17307904:C:T
22:17307923:C:T
22:17308086:C:T
22:17308241:A:G
22:17309257:G:GT
22:17309296:A:G
22:17309881:A:G
22:17310488:C:T
22:17310741:A:G
22:17311027:A:C
22:17311348:A:C
22:17312596:C:T
22:17312790:C:T
22:17313288:C:T
22:17313798:C:G
22:17314151:A:G
22:17314353:A:G
22:17314977:A:G
22:17315102:C:T
22:17315458:G:T
22:17315503:A:G
22:17315621:C:G
22:17315622:C:T
22:17315920:C:CT
22:17316313:C:T
22:17316555:C:T
22:17316987:C:T
22:17316990:G:T
22:17317100:C:T
22:17317233:A:C
22:17317346:C:T
22:17318682:C:T
22:17318864:A:C
22:17319156:C:T
22:17320140:A:ATAGAC
22:17320481:C:T
22:17320662:C:CA
22:17321028:C:T
22:17321284:C:CAAAAAAA
22:17322355:A:G
22:17323026:G:T
22:17323243:A:G
22:17324579:A:C
22:17325892:C:CA
22:17326181:A:C
22:17326278:C:T
22:17326432:C:T
22:17326475:T:TCA
22:17326516:C:T
22:17326550:A:G
22:17326668:A:G
22:17326914:A:G
22:17327139:C:G
22:17327200:C:T
22:17327366:C:T
22:17327595:C:T
22:17327712:A:G
22:17328627:C:T
22:17328802:C:T
22:17329007:C:T
22:17329083:A:G
22:17329601:G:T
22:17329731:C:CCT
22:17330370:C:T
22:17330610:A:G
22:17330740:C:CA
22:17331020:A:G
22:17331698:G:T
22:17333497:C:T
22:17333682:C:G
22:17333872:C:T
22:17333902:C:CA
22:17336223:G:GA
22:17337454:C:T
22:17338062:A:T
22:17338286:C:T
22:17338707:G:T
22:17338794:A:G
22:17339003:A:G
22:17339040:C:T
22:17339041:A:G
22:17339068:C:T
22:17339129:C:G
22:17339242:A:G
22:17339404:A:G
22:17339612:C:T
22:17339674:C:T
22:17339752:A:G
22:17339844:A:T
22:17340077:A:G
22:17340639:C:T
22:17340669:C:T
22:17340906:C:T
22:17341234:A:C
22:17341800:A:G
22:17341904:G:T
22:17342240:C:T
22:17342480:A:C
22:17342603:A:C
22:17342700:C:T
22:17342985:A:C
22:17343037:A:T
22:17343384:C:T
22:17344500:C:T
22:17344859:C:T
22:17344867:A:G
22:17345122:A:G
22:17345321:A:G
22:17346384:C:G
22:17346602:A:G
22:17346884:A:G
22:17347115:G:T
22:17347846:C:T
22:17348229:A:C
22:17348272:C:G
22:17348324:A:ATT
22:17348591:A:G
22:17349297:C:G
22:17349327:C:T
22:17349440:C:T
22:17350075:A:G
22:17350534:C:G
22:17350588:C:T
22:17350693:C:G
22:17350707:A:G
22:17350854:A:G
22:17350969:A:C
22:17351242:C:T
22:17351507:A:G
22:17352097:A:G
22:17352946:A:G
22:17353229:A:T
22:17353830:A:G
22:17353947:A:G
22:17354203:A:T
22:17354396:A:G
22:17356749:A:AC
22:17357880:G:T
22:17357998:A:AAC
22:17358636:A:G
22:17358736:A:G
22:17359058:G:T
22:17359702:C:T
22:17359880:C:T
22:17359912:A:G
22:17360076:A:G
22:17361396:T:TA
22:17362237:A:G
22:17362710:A:G
22:17362789:C:G
22:17362912:A:G
22:17363394:C:T
22:17363395:G:T
22:17363408:A:G
22:17363412:A:G
22:17363427:A:G
22:17363605:A:C
22:17363636:G:T
22:17363927:A:G
22:17364234:A:G
22:17365226:A:T
22:17365240:G:T
22:17365406:G:T
22:17365838:A:AT
22:17366493:C:T
22:17366677:A:T
22:17367072:C:CA
22:17368493:A:G
22:17368530:C:G
22:17368570:A:C
22:17368850:A:C
22:17369080:C:T
22:17369241:C:T
22:17369658:C:T
22:17370093:A:G
22:17370734:C:CA
22:17372256:A:G
22:17372357:C:T
22:17372602:G:T
22:17373331:A:G
22:17373797:G:T
22:17373997:A:G
22:17374284:C:T
22:17374688:C:T
22:17376372:C:T
22:17376435:C:T
22:17376877:C:T
22:17377184:A:G
22:17377487:C:G
22:17377574:A:T
22:17377851:C:T
22:17378257:C:G
22:17378985:A:T
22:17380965:C:T
22:17381000:C:T
22:17381339:C:T
22:17382011:A:G
22:17382053:C:T
22:17382709:A:G
22:17382715:C:T
22:17382735:A:G
22:17382940:G:GA
22:17383185:A:T
22:17383817:C:G
22:17384394:C:T
22:17384429:A:G
22:17384519:C:T
22:17384855:A:T
22:17384957:A:G
22:17385050:A:G
22:17385088:A:G
22:17385146:C:T
22:17385259:A:G
22:17385346:C:T
22:17386134:A:G
22:17386225:A:G
22:17386251:A:G
22:17387168:A:T
22:17387195:G:GC
22:17387854:A:G
22:17387970:A:G
22:17388039:G:T
22:17388093:A:G
22:17388150:A:G
22:17388187:A:G
22:17388287:C:T
22:17388578:C:T
22:17388627:A:G
22:17389156:A:T
22:17389912:C:T
22:17390084:A:T
22:17390158:G:T
22:17390798:C:G
22:17391088:A:G
22:17394677:C:T
22:17394799:A:G
22:17394800:A:G
22:17394989:C:T
22:17395610:A:G
22:17395724:C:G
22:17395974:A:C
22:17396459:C:T
22:17396465:A:G
22:17396612:C:T
22:17396613:C:G
22:17396966:C:G
22:17397875:C:T
22:17398508:C:T
22:17398800:C:T
22:17398812:A:G
22:17399091:A:G
22:17399211:A:C
22:17399588:C:T
22:17400617:A:G
22:17402459:C:G
22:17402515:C:CCAAA
22:17403036:A:G
22:17403474:A:T
22:17403618:G:T
22:17403936:C:G
22:17404055:C:T
22:17404605:A:G
22:17404911:C:G
22:17405173:C:T
22:17406229:C:CA
22:17406581:C:T
22:17406672:A:G
22:17407349:C:T
22:17407566:C:T
22:17407755:C:T
22:17408037:A:G
22:17408116:A:G
22:17408859:C:G
22:17409813:A:G
22:17409897:A:G
22:17409957:C:G
22:17410128:C:T
22:17410658:A:C
22:17410724:A:C
22:17410745:C:G
22:17410790:A:G
22:17411899:A:G
22:17412168:A:G
22:17412216:A:G
22:17412806:C:T
22:17413443:A:G
22:17413595:A:C
22:17414162:A:T
22:17414385:C:T
22:17414394:C:T
22:17414640:A:G
22:17414892:G:T
22:17414998:A:G
22:17415956:C:T
22:17416434:T:TTA
22:17416442:A:ATATG
22:17416478:A:G
22:17416605:A:G
22:17417205:A:T
22:17417226:G:GT
22:17417742:C:T
22:17419090:A:G
22:17419275:A:G
22:17420578:C:G
22:17421555:G:GAACTAA
22:17421989:C:T
22:17422686:C:T
22:17422787:A:G
22:17423965:A:C
22:17424362:C:T
22:17424873:A:T
22:17425379:T:TAAG
22:17426187:G:GATGTAA
22:17426401:C:T
22:17426414:C:T
22:17426417:C:G
22:17426623:C:T
22:17427664:A:C
22:17428277:A:G
22:17428815:A:G
22:17429384:C:T
22:17429434:A:G
22:17430931:A:T
22:17431065:C:CA
22:17431067:A:AC
22:17432482:G:T
22:17432715:T:TA
22:17433210:G:T
22:17433221:A:G
22:17433524:A:ATC
22:17433992:C:T
22:17434084:A:G
22:17434253:C:T
22:17434521:C:T
22:17434924:C:G
22:17434931:C:T
22:17435939:C:G
22:17436762:G:T
22:17437310:C:T
22:17437500:C:T
22:17437617:C:G
22:17439040:C:T
22:17439826:A:G
22:17440049:T:TGCAGTCC
22:17441303:A:G
22:17441449:C:T
22:17441524:A:G
22:17441525:C:G
22:17442154:C:T
22:17442206:A:C
22:17442223:C:T
22:17442720:A:G
22:17442739:C:T
22:17442770:A:G
22:17442987:C:T
22:17443131:C:T
22:17443238:A:T
22:17443263:A:T
22:17443381:A:G
22:17444231:C:T
22:17445502:A:C
22:17446715:A:G
22:17446906:A:G
22:17446914:G:T
22:17446991:C:T
22:17447438:A:G
22:17448143:A:G
22:17449076:C:G
22:17449115:C:G
22:17450515:A:G
22:17451613:C:T
22:17451883:A:C
22:17452300:G:T
22:17452925:A:G
22:17452966:C:T
22:17453844:A:T
22:17453902:A:G
22:17454078:C:T
22:17454486:C:T
22:17454695:C:T
22:17454945:A:G
22:17455630:A:C
22:17455735:A:G
22:17456370:A:G
22:17456642:A:C
22:17456773:A:C
22:17457136:C:T
22:17457276:C:T
22:17457761:C:T
22:17457979:A:G
22:17458083:G:T
22:17458238:C:CAA
22:17458962:G:GA
22:17459768:C:T
22:17462185:A:C
22:17463189:C:T
22:17463620:A:C
22:17464839:A:G
22:17465108:A:G
22:17465175:A:G
22:17467411:A:G
22:17467474:A:C
22:17467684:A:G
22:17469026:A:G
22:17469049:A:C
22:17469310:C:T
22:17469664:A:G
22:17470779:A:C
22:17471354:C:T
22:17472032:A:T
22:17472071:A:G
22:17473888:C:G
22:17474812:A:G
22:17475921:C:T
22:17476064:C:T
22:17476702:A:C
22:17477589:A:G
22:17477706:C:T
22:17478728:A:G
22:17479400:G:T
22:17480064:A:T
22:17480198:C:T
22:17480951:C:T
22:17481048:C:T
22:17481355:C:CT
22:17482086:G:T
22:17482825:A:G
22:17483804:A:AG
22:17484650:A:C
22:17485123:G:T
22:17485434:A:T
22:17486333:C:T
22:17486937:C:T
22:17486964:A:G
22:17488026:C:G
22:17488195:A:G
22:17488727:A:C
22:17488823:C:CG
22:17489124:C:G
22:17489281:A:C
22:17489958:G:T
22:17490133:A:C
22:17491584:A:G
22:17492452:C:T
22:17492987:G:T
22:17492989:C:T
22:17493293:A:G
22:17493431:C:G
22:17493708:G:T
22:17493720:C:G
22:17494000:C:T
22:17494039:C:T
22:17494101:A:G
22:17494547:A:G
22:17495145:C:T
22:17495969:A:AATTTTTTTCT
22:17496576:A:G
22:17497295:A:G
22:17497391:A:T
22:17497413:A:G
22:17498469:C:T
22:17498535:C:G
22:17499030:C:T
22:17500036:C:T
22:17500417:C:T
22:17500869:A:G
22:17501161:A:G
22:17501980:C:T
22:17502297:C:T
22:17502456:A:G
22:17502795:A:G
22:17502944:A:G
22:17503328:A:C
22:17503527:G:GA
22:17504047:A:G
22:17504281:A:G
22:17504998:G:GA
22:17505406:C:G
22:17506199:G:T
22:17506245:C:T
22:17506306:A:T
22:17507402:A:G
22:17507608:A:G
22:17507757:C:T
22:17508342:C:T
22:17508426:A:G
22:17508453:A:T
22:17508946:C:G
22:17509382:A:G
22:17511159:T:TATA
22:17511308:A:T
22:17511451:A:G
22:17511546:A:T
22:17512175:A:G
22:17512640:C:G
22:17512709:A:AT
22:17512820:C:G
22:17514026:A:G
22:17514484:C:G
22:17516684:G:T
22:17517198:C:T
22:17517298:C:T
22:17517343:T:TG
22:17517388:C:T
22:17517450:A:G
22:17517452:C:G
22:17517492:C:T
22:17517599:C:G
22:17519579:A:G
22:17520024:C:T
22:17522003:C:T
22:17522728:A:G
22:17522911:A:G
22:17523190:A:G
22:17523706:A:AT
22:17524203:C:T
22:17524434:A:G
22:17525584:A:G
22:17525970:G:T
22:17526055:C:T
22:17526450:C:T
22:17526532:A:G
22:17526688:A:T
22:17526755:G:GA
22:17527240:A:G
22:17527495:C:G
22:17527847:C:T
22:17528214:C:G
22:17529814:C:T
22:17530370:A:G
22:17530798:C:T
22:17531750:C:T
22:17533056:A:G
22:17534022:A:G
22:17534271:C:G
22:17534540:C:G
22:17537477:A:G
22:17538082:A:C
22:17538189:C:T
22:17538354:T:TC
22:17538439:C:T
22:17538980:C:G
22:17539129:A:G
22:17539678:C:T
22:17540626:C:T
22:17541673:C:T
22:17542157:A:T
22:17542534:G:T
22:17542810:C:T
22:17544087:C:T
22:17545364:A:G
22:17545859:C:T
22:17547160:A:C
22:17548439:A:ATTTTGTT
22:17548986:C:T
22:17551807:A:G
22:17554354:G:T
22:17554656:C:T
22:17556914:A:G
22:17557144:A:G
22:17559168:C:T
22:17559967:T:TA
22:17560389:G:GA
22:17560683:C:T
22:17561513:A:T
22:17561913:A:C
22:17563027:T:TAAATA
22:17563386:T:TAA
22:17567006:C:G
22:17567177:A:G
22:17567262:G:GA
22:17569993:A:T
22:17570769:A:C
22:17570873:C:CT
22:17571355:A:G
22:17572567:C:CA
22:17573915:G:T
22:17575800:A:G
22:17576646:T:TG
22:17577287:C:T
22:17577557:A:G
22:17579013:A:C
22:17582044:A:T
22:17582061:A:G
22:17582776:C:T
22:17582788:C:T
22:17583492:T:TA
22:17583789:T:TG
22:17584677:A:AGT
22:17584815:A:AGT
22:17584921:A:AGT
22:17585441:C:T
22:17585465:G:T
22:17585808:C:G
22:17586471:C:T
22:17586583:C:G
22:17586631:A:G
22:17587515:C:T
22:17587746:G:GGGC
22:17589152:G:T
22:17589209:C:T
22:17589246:A:G
22:17589567:C:T
22:17590180:A:G
22:17590269:C:T
22:17590744:C:T
22:17591089:A:G
22:17591144:C:T
22:17591697:A:G
22:17591823:C:G
22:17593024:A:G
22:17593047:C:CAT
22:17594216:A:G
22:17594472:A:G
22:17594623:C:T
22:17594755:A:G
22:17594886:C:T
22:17594915:A:G
22:17595070:G:T
22:17595915:A:C
22:17595929:C:G
22:17596229:C:T
22:17596322:A:G
22:17596388:C:G
22:17597056:G:GAAGGA
22:17597297:A:G
22:17597713:C:G
22:17598108:G:GGGAGA
22:17598310:C:T
22:17598409:A:G
22:17598512:A:G
22:17598813:A:G
22:17599844:G:T
22:17600148:A:G
22:17601466:C:T
22:17602164:C:G
22:17602839:A:G
22:17603153:C:G
22:17603801:A:C
22:17603823:A:G
22:17604191:C:T
22:17605824:A:G
22:17605899:C:T
22:17606007:T:TA
22:17606463:A:G
22:17606639:A:G
22:17606774:C:G
22:17606953:A:G
22:17607318:A:AT
22:17607390:A:C
22:17607894:A:T
22:17608038:G:T
22:17608377:A:G
22:17608379:C:G
22:17608507:A:G
22:17609153:A:AT
22:17609398:G:T
22:17609399:C:T
22:17609825:G:T
22:17610304:C:T
22:17610791:C:G
22:17611657:A:G
22:17612284:C:T
22:17612292:G:GA
22:17612518:A:C
22:17612572:A:G
22:17612604:C:T
22:17612750:C:T
22:17612815:C:G
22:17613330:C:G
22:17613415:A:G
22:17613565:C:T
22:17613614:C:T
22:17613668:C:T
22:17614011:A:C
22:17614422:A:G
22:17614488:A:G
22:17614498:A:G
22:17614692:G:T
22:17615234:C:G
22:17615302:C:T
22:17615372:A:G
22:17615851:A:G
22:17616041:A:G
22:17616068:C:CGT
22:17616151:A:G
22:17616245:A:G
22:17616855:A:G
22:17617253:A:C
22:17617766:C:CA
22:17619292:C:T
22:17619368:A:G
22:17619393:A:G
22:17619716:A:G
22:17620294:G:T
22:17620405:A:G
22:17620416:T:TA
22:17620429:A:C
22:17620491:A:C
22:17621704:C:T
22:17622267:C:T
22:17622618:C:T
22:17623216:A:G
22:17623408:A:G
22:17624072:A:G
22:17624425:A:G
22:17624720:G:T
22:17626236:C:T
22:17626466:A:C
22:17626581:C:CA
22:17626665:C:T
22:17627226:C:T
22:17627405:A:G
22:17627653:A:G
22:17628648:C:T
22:17629061:A:G
22:17629544:G:GA
22:17630393:C:T
22:17630486:A:C
22:17631454:A:G
22:17631471:C:T
22:17631691:C:G
22:17631893:C:T
22:17632194:C:T
22:17632202:A:G
22:17632552:A:G
22:17632614:C:T
22:17632670:G:T
22:17632680:A:G
22:17632693:C:G
22:17632885:C:T
22:17633180:A:AAAG
22:17633669:A:G
22:17633785:C:T
22:17633837:C:T
22:17634050:A:G
22:17634711:C:T
22:17635277:C:CAGG
22:17635527:C:G
22:17635657:C:T
22:17635858:A:G
22:17636385:G:T
22:17637040:A:ACT
22:17637351:A:AAT
22:17637456:A:G
22:17638231:C:T
22:17638501:A:C
22:17639152:A:C
22:17639299:A:C
22:17639837:A:G
22:17639918:G:T
22:17640022:C:G
22:17640045:A:G
22:17640399:G:GGGC
22:17641550:A:T
22:17641553:A:T
22:17641685:C:T
22:17641873:A:G
22:17642094:C:G
22:17642117:C:T
22:17642285:C:T
22:17643546:C:T
22:17643689:A:G
22:17645139:C:T
22:17645823:C:T
22:17646444:C:T
22:17647981:G:T
22:17648486:A:G
22:17648717:C:CTG
22:17649496:C:T
22:17649549:C:T
22:17649774:C:T
22:17650617:A:G
22:17650699:A:ATCTCTC
22:17650931:C:T
22:17651273:A:G
22:17651299:A:AAAAAAT
22:17651407:C:G
22:17651441:A:C
22:17651524:C:T
22:17651573:G:T
22:17651665:C:CAGG
22:17651800:A:G
22:17652081:T:TTTTG
22:17652219:C:G
22:17652609:G:T
22:17652646:C:T
22:17652955:C:G
22:17653020:A:G
22:17653030:C:T
22:17653038:C:T
22:17653221:C:G
22:17653367:C:T
22:17653645:A:AC
22:17653955:C:G
22:17654089:C:T
22:17654109:A:C
22:17654341:C:CA
22:17654356:G:T
22:17654725:C:T
22:17654727:A:G
22:17654790:A:G
22:17654883:C:T
22:17654943:A:G
22:17655099:G:GA
22:17655176:C:G
22:17655388:A:G
22:17655536:A:G
22:17655625:G:GT
22:17655920:A:G
22:17655995:C:T
22:17656027:A:G
22:17656165:G:T
22:17656198:C:CA
22:17656216:A:T
22:17656259:A:C
22:17656508:A:T
22:17656580:A:G
22:17656774:G:GT
22:17656831:C:T
22:17656851:A:G
22:17657000:C:T
22:17657076:A:ATTTG
22:17657107:A:G
22:17657118:A:G
22:17657174:A:G
22:17657214:A:T
22:17657236:C:T
22:17657292:A:G
22:17657378:C:T
22:17658006:A:G
22:17658060:C:CAA
22:17658341:A:G
22:17658599:A:AG
22:17658716:C:T
22:17658776:A:C
22:17658862:A:G
22:17658882:A:G
22:17659152:C:T
22:17659157:A:G
22:17659289:C:T
22:17659301:A:G
22:17659348:A:C
22:17659363:A:G
22:17659380:C:T
22:17659579:A:G
22:17659612:A:AGAGTGAT
22:17659752:C:G
22:17659774:A:G
22:17660051:C:G
22:17660056:A:G
22:17660303:A:T
22:17660473:A:G
22:17660556:C:T
22:17660646:A:G
22:17660686:C:T
22:17661178:A:G
22:17661347:C:G
22:17661372:A:G
22:17661508:C:G
22:17661764:C:T
22:17661791:C:T
22:17661935:A:T
22:17662214:C:CT
22:17662591:C:G
22:17662679:C:T
22:17662699:A:G
22:17662793:A:G
22:17662917:C:G
22:17663117:C:T
22:17663804:A:G
22:17663999:A:C
22:17664296:C:G
22:17664307:C:T
22:17664556:C:T
22:17664788:A:G
22:17665016:A:AT
22:17665080:A:G
22:17665144:A:G
22:17665413:C:T
22:17665661:A:C
22:17665826:C:G
22:17666164:C:T
22:17666199:A:G
22:17666223:A:G
22:17666306:A:AAAAATAAAAT
22:17666437:A:T
22:17666702:C:T
22:17666725:G:T
22:17666727:C:T
22:17667451:A:G
22:17667466:A:T
22:17667737:T:TGACA
22:17668765:A:C
22:17668818:A:C
22:17668850:C:T
22:17668851:A:G
22:17668992:G:GAA
22:17669199:A:G
22:17669686:A:G
22:17669870:A:G
22:17669896:A:C
22:17669909:C:CTT
22:17670042:C:G
22:17670256:C:T
22:17671042:C:T
22:17671052:C:T
22:17674117:C:T
22:17674295:A:G
22:17675173:C:G
22:17676384:A:T
22:17676414:A:G
22:17676590:A:G
22:17676932:C:T
22:17677699:C:T
22:17677892:A:G
22:17677908:C:G
22:17678128:C:G
22:17678159:C:CT
22:17678195:C:T
22:17678307:A:G
22:17678551:C:G
22:17678667:A:G
22:17678935:A:C
22:17679312:A:G
22:17679377:C:G
22:17679549:C:G
22:17679877:G:GAA
22:17679997:A:G
22:17680059:C:T
22:17680519:A:C
22:17680584:T:TAGG
22:17680656:A:G
22:17681581:A:G
22:17681725:C:T
22:17681848:C:T
22:17681849:A:G
22:17681921:A:G
22:17682092:C:CA
22:17682165:A:G
22:17682963:A:G
22:17683106:A:G
22:17683114:A:G
22:17683259:A:G
22:17683675:G:T
22:17684344:C:T
22:17685194:A:T
22:17685351:A:C
22:17685565:C:T
22:17685648:C:T
22:17685677:A:T
22:17685684:C:CT
22:17686033:C:G
22:17686162:A:G
22:17688402:A:G
22:17689335:G:GA
22:17691082:A:AT
22:17691668:A:G
22:17691795:A:T
22:17692032:A:G
22:17692120:A:G
22:17692507:A:T
22:17693341:C:T
22:17696224:C:T
22:17697428:A:G
22:17697605:A:G
22:17697861:C:T
22:17697944:A:G
22:17698006:A:C
22:17698080:C:T
22:17698173:A:G
22:17699402:A:T
22:17699642:C:T
22:17699818:A:G
22:17699865:A:G
22:17700002:A:G
22:17700809:A:G
22:17700810:C:T
22:17701234:A:G
22:17701304:A:C
22:17701530:C:T
22:17701811:A:C
22:17701868:C:T
22:17701870:C:T
22:17702046:A:G
22:17702201:A:C
22:17702250:C:T
22:17702322:C:T
22:17702355:A:G
22:17702505:A:G
22:17702580:C:T
22:17702662:C:T
22:17702673:A:AG
22:17702778:C:T
22:17702858:C:T
22:17702876:G:T
22:17703119:A:T
22:17703297:A:ACC
22:17703396:A:G
22:17703474:A:G
22:17703504:T:TC
22:17703572:C:T
22:17703658:C:T
22:17703993:G:T
22:17704184:A:AT
22:17704275:C:T
22:17704462:A:G
22:17704950:C:T
22:17705196:C:G
22:17705622:C:T
22:17705808:C:T
22:17706435:A:G
22:17706811:A:G
22:17707618:A:G
22:17707727:A:G
22:17707865:G:T
22:17708087:C:T
22:17709771:C:T
22:17709828:A:G
22:17709883:A:G
22:17709935:C:T
22:17710860:C:T
22:17711567:A:C
22:17712142:A:G
22:17712382:C:G
22:17713763:A:G
22:17714695:A:G
22:17717841:C:T
22:17719348:A:G
22:17720216:A:C
22:17720703:C:T
22:17721595:C:T
22:17722053:A:G
22:17722055:A:G
22:17722442:A:T
22:17722982:G:T
22:17723634:C:CTG
22:17724049:A:C
22:17724093:A:G
22:17725150:C:T
22:17725304:A:G
22:17725365:A:ACCAT
22:17726469:G:T
22:17726704:C:G
22:17726764:C:T
22:17727236:C:T
22:17727877:C:T
22:17727898:C:T
22:17728038:C:T
22:17728087:A:G
22:17728246:A:G
22:17728290:A:G
22:17728985:A:C
22:17728988:G:GCT
22:17728991:A:C
22:17728998:C:T
22:17729044:G:T
22:17729048:A:C
22:17729706:A:G
22:17729730:C:T
22:17730681:C:G
22:17731977:C:T
22:17732736:A:G
22:17733147:A:G
22:17733263:C:T
22:17733569:G:T
22:17733865:A:T
22:17733896:C:T
22:17734420:C:G
22:17734427:A:G
22:17734504:G:T
22:17734506:C:T
22:17734507:A:G
22:17734565:A:G
22:17735346:A:G
22:17735427:A:G
22:17735624:C:CA
22:17735864:C:T
22:17735943:A:T
22:17736045:G:T
22:17736410:C:G
22:17736507:C:T
22:17737500:A:G
22:17739646:C:T
22:17739660:A:G
22:17740243:C:CT
22:17740310:C:T
22:17740871:C:CAAAAAGAA
22:17740995:A:G
22:17741701:C:T
22:17742174:C:T
22:17743228:A:T
22:17743245:C:T
22:17743426:C:T
22:17743563:C:T
22:17743581:C:T
22:17744073:A:G
22:17744553:C:T
22:17746528:C:T
22:17747278:C:T
22:17747340:C:T
22:17747694:C:T
22:17748210:A:G
22:17748737:A:G
22:17749096:A:G
22:17750190:C:T
22:17750681:C:T
22:17751765:T:TC
22:17751803:A:G
22:17751902:C:T
22:17751996:A:G
22:17752135:G:T
22:17752246:C:T
22:17752280:C:T
22:17752392:C:T
22:17752414:A:G
22:17753505:A:G
22:17753699:A:G
22:17754718:C:T
22:17754876:C:T
22:17755560:C:T
22:17755695:A:T
22:17757629:A:T
22:17757828:C:T
22:17758059:C:T
22:17758677:C:T
22:17759041:C:CT
22:17759187:C:T
22:17759340:A:G
22:17759549:A:G
22:17759713:C:T
22:17759885:C:G
22:17760350:A:G
22:17761290:C:CA
22:17762536:C:G
22:17763180:G:T
22:17766437:A:G
22:17767067:G:GTA
22:17770181:G:T
22:17780188:C:G
22:17781035:A:G
22:17782813:C:T
22:17782966:C:T
22:17783351:A:G
22:17783569:C:T
22:17783570:A:G
22:17783574:C:T
22:17783600:A:G
22:17783912:G:T
22:17783923:A:G
22:17783945:C:T
22:17784163:A:G
22:17784197:A:G
22:17784292:G:T
22:17784364:G:T
22:17784380:A:C
22:17784836:C:T
22:17784937:A:G
22:17784970:A:G
22:17785199:A:G
22:17785300:A:G
22:17785383:C:T
22:17785815:A:C
22:17785825:C:T
22:17785838:A:T
22:17785893:C:T
22:17785937:A:G
22:17786171:A:G
22:17787879:T:TACTA
22:17787955:A:C
22:17787999:C:T
22:17788152:A:G
22:17788200:A:C
22:17788328:A:C
22:17788401:A:G
22:17788549:A:G
22:17788695:A:G
22:17788696:A:G
22:17789226:A:ATATC
22:17789245:G:T
22:17789257:A:T
22:17789260:A:C
22:17790349:C:T
22:17790885:C:T
22:17791132:G:T
22:17791159:C:CT
22:17792740:A:G
22:17795169:A:ATTATTAC
22:17796520:A:G
22:17796685:A:T
22:17796971:A:C
22:17797447:C:T
22:17797450:A:T
22:17797806:C:T
22:17799863:C:T
22:17800508:C:T
22:17802814:A:C
22:17802827:A:C
22:17803728:T:TCAGA
22:17804834:C:T
22:17805209:A:G
22:17805213:C:T
22:17805452:A:G
22:17805615:T:TTTTC
22:17805788:A:AT
22:17806948:C:T
22:17808057:C:T
22:17808479:A:G
22:17808508:A:G
22:17808635:A:G
22:17809044:G:T
22:17809449:A:G
22:17810053:A:G
22:17810643:C:T
22:17810858:A:AAAAAG
22:17810876:C:G
22:17812030:G:T
22:17812561:C:CAA
22:17812596:A:G
22:17812660:A:G
22:17812797:A:C
22:17812824:A:G
22:17813139:C:T
22:17815696:C:G
22:17817071:A:AT
22:17818807:C:T
22:17824347:A:G
22:17824813:C:CT
22:17825432:A:T
22:17825908:A:G
22:17826017:A:G
22:17826461:T:TCAAA
22:17826909:A:AT
22:17827976:A:T
22:17828146:T:TATTC
22:17829096:C:T
22:17829110:A:C
22:17831813:C:T
22:17832142:G:T
22:17832206:A:T
22:17833100:C:T
22:17833154:A:G
22:17833425:C:CA
22:17834460:C:T
22:17834480:C:G
22:17834525:C:T
22:17835819:C:T
22:17837987:C:T
22:17839980:C:T
22:17840123:A:G
22:17840229:C:T
22:17840629:C:G
22:17840791:C:T
22:17841068:G:T
22:17841198:C:G
22:17841408:C:T
22:17842386:A:G
22:17842731:A:G
22:17843124:A:G
22:17843440:A:AT
22:17843997:A:G
22:17844929:G:T
22:17846055:A:G
22:17846171:C:T
22:17846754:A:C
22:17848106:G:T
22:17848567:T:TA
22:17848569:A:G
22:17848594:C:CAA
22:17848665:C:G
22:17849249:A:G
22:17849329:A:G
22:17849592:G:T
22:17850136:A:G
22:17850661:C:T
22:17854257:C:T
22:17855300:C:T
22:17856344:T:TTGGTGTATTAGGAAAGCCTTGG
22:17856604:C:T
22:17856605:A:G
22:17856770:C:T
22:17858226:C:CTGTTTTTT
22:17858763:A:G
22:17860048:C:T
22:17860253:C:G
22:17860634:A:G
22:17861476:A:G
22:17861994:G:T
22:17862121:C:T
22:17865945:A:G
22:17866198:C:T
22:17866252:T:TA
22:17866588:C:T
22:17866989:G:T
22:17867034:A:G
22:17867152:G:T
22:17867397:A:G
22:17867826:C:T
22:17867830:G:GT
22:17868156:A:T
22:17868593:A:C
22:17870915:C:T
22:17872574:G:GA
22:17873099:A:G
22:17873777:A:AT
22:17873873:G:T
22:17874223:A:G
22:17874348:C:T
22:17874733:A:G
22:17874972:A:G
22:17875101:C:T
22:17875153:A:G
22:17875243:C:CT
22:17875478:C:T
22:17875512:C:G
22:17875554:C:T
22:17875960:A:G
22:17876250:A:G
22:17876275:C:T
22:17876293:C:T
22:17876362:C:T
22:17876448:C:CAAAA
22:17880070:A:G
22:17880143:C:T
22:17880415:C:G
22:17881271:C:T
22:17881797:A:G
22:17881973:A:C
22:17882931:C:G
22:17883220:C:T
22:17883721:A:AT
22:17883957:G:T
22:17884155:C:T
22:17884158:C:CA
22:17886806:C:T
22:17886937:A:ACT
22:17887739:C:G
22:17888891:A:T
22:17890558:A:G
22:17890752:C:T
22:17893080:C:T
22:17893202:A:G
22:17893226:A:G
22:17893636:A:G
22:17893850:C:T
22:17894080:A:G
22:17894083:A:G
22:17894438:A:G
22:17894454:A:G
22:17895051:A:G
22:17895568:A:G
22:17896066:C:CT
22:17896534:A:T
22:17897040:A:C
22:17897464:C:G
22:17897608:C:T
22:17897822:A:G
22:17897917:C:T
22:17898193:G:T
22:17898226:C:T
22:17898241:C:T
22:17898545:A:AGAGGAAGAGGAG
22:17899113:C:G
22:17899175:A:G
22:17899209:A:G
22:17899841:A:G
22:17900525:A:G
22:17900804:C:T
22:17900897:T:TA
22:17900934:A:T
22:17901326:A:G
22:17901766:C:T
22:17901769:A:T
22:17901925:C:T
22:17901939:C:T
22:17901940:A:G
22:17902023:C:G
22:17902056:C:G
22:17902357:C:T
22:17902842:A:G
22:17903330:A:G
22:17903550:C:G
22:17904786:A:AG
22:17904931:A:T
22:17905017:G:T
22:17905591:A:G
22:17905910:A:G
22:17905978:C:G
22:17906176:A:C
22:17906238:C:T
22:17906513:A:G
22:17906659:A:G
22:17906707:A:G
22:17906895:G:T
22:17906920:A:C
22:17906945:A:G
22:17907001:G:T
22:17907058:A:G
22:17907350:C:G
22:17907411:A:G
22:17907548:T:TATC
22:17907569:C:G
22:17907738:A:G
22:17907772:C:T
22:17907873:A:G
22:17908162:A:G
22:17908285:C:T
22:17908590:A:C
22:17908596:A:C
22:17909077:A:G
22:17909998:C:T
22:17910440:C:T
22:17910464:A:C
22:17910586:G:T
22:17910638:C:T
22:17910814:T:TATTTTTTCACAG
22:17910815:A:ATTTTTTCACAGAT
22:17910844:C:T
22:17910952:A:G
22:17911299:A:T
22:17911826:A:G
22:17911886:C:T
22:17912086:C:T
22:17913214:C:G
22:17914004:A:C
22:17915430:C:T
22:17916116:A:C
22:17916154:C:T
22:17916414:A:G
22:17917312:A:G
22:17917390:C:CAT
22:17917546:A:G
22:17917663:A:AT
22:17918100:C:G
22:17918594:A:AT
22:17919251:C:CTG
22:17919331:C:T
22:17919366:A:G
22:17919650:A:T
22:17919702:A:G
22:17919832:A:C
22:17920083:C:T
22:17921071:A:G
22:17921457:C:T
22:17921671:C:G
22:17922116:C:T
22:17922346:A:G
22:17922431:C:T
22:17922770:A:G
22:17922965:A:G
22:17923532:A:G
22:17925388:C:T
22:17925571:C:T
22:17927480:C:T
22:17927926:A:T
22:17928247:C:CT
22:17928268:A:G
22:17928520:C:T
22:17929037:A:G
22:17929348:C:T
22:17929613:A:G
22:17930082:A:C
22:17930792:A:G
22:17931483:A:G
22:17932250:A:G
22:17932686:C:T
22:17932859:A:G
22:17933488:A:T
22:17933641:C:CA
22:17933659:C:T
22:17933897:A:G
22:17934854:A:G
22:17936287:C:G
22:17937630:A:G
22:17939695:A:ACAAGTCTTAGATTGTATGGAGA
22:17939816:C:T
22:17939887:G:T
22:17940031:C:G
22:17940494:A:G
22:17940737:C:T
22:17941207:C:T
22:17941321:A:G
22:17941723:C:T
22:17942124:C:T
22:17942684:A:C
22:17942912:C:G
22:17943333:C:T
22:17943430:A:G
22:17943467:A:G
22:17943600:C:G
22:17943622:A:G
22:17943827:C:T
22:17944029:C:T
22:17944118:C:T
22:17944167:C:T
22:17944193:C:T
22:17944197:A:G
22:17944224:C:T
22:17944270:A:G
22:17944271:C:T
22:17944366:A:G
22:17944441:C:T
22:17944524:A:G
22:17944625:C:T
22:17944963:G:T
22:17945047:C:T
22:17945187:A:G
22:17945424:A:G
22:17945634:G:GC
22:17945713:G:T
22:17945813:A:G
22:17945919:C:T
22:17945922:A:G
22:17946058:C:T
22:17946168:C:T
22:17946202:C:T
22:17946287:A:T
22:17946441:C:T
22:17946494:G:T
22:17946547:C:T
22:17946604:A:G
22:17946617:C:T
22:17946618:A:G
22:17946675:C:T
22:17946835:A:AAGAG
22:17947712:C:T
22:17948117:C:CAGAA
22:17948140:A:AGT
22:17948335:C:T
22:17948342:A:G
22:17948473:A:C
22:17948635:G:GTT
22:17948652:C:T
22:17948917:C:T
22:17949734:C:CT
22:17949763:C:T
22:17950796:C:T
22:17951061:A:G
22:17952607:G:GA
22:17952623:A:T
22:17952719:A:G
22:17953570:A:G
22:17953763:A:G
22:17953988:C:T
22:17954110:G:T
22:17954739:C:G
22:17954977:C:T
22:17955962:C:G
22:17956368:A:G
22:17957357:A:G
22:17957492:A:G
22:17957614:C:G
22:17957981:A:G
22:17958006:A:ATTCG
22:17958070:G:GT
22:17958195:A:G
22:17958221:A:C
22:17958441:C:T
22:17958622:T:TC
22:17958633:A:G
22:17959495:C:G
22:17961077:C:T
22:17961108:A:G
22:17961109:A:C
22:17961794:C:CT
22:17961915:A:G
22:17965531:A:G
22:17965557:C:T
22:17965860:G:T
22:17965964:C:T
22:17966172:C:T
22:17966503:G:T
22:17966569:A:T
22:17966606:A:G
22:17966747:C:G
22:17966816:C:T
22:17967773:A:G
22:17967962:A:G
22:17968084:G:T
22:17968104:C:T
22:17968311:A:G
22:17968364:C:T
22:17968594:C:T
22:17968914:C:CTT
22:17969594:A:G
22:17969928:A:AC
22:17970087:C:CTTCA
22:17970614:G:T
22:17971225:A:G
22:17971347:C:T
22:17971841:A:G
22:17971883:C:T
22:17972676:A:G
22:17973003:G:T
22:17973379:C:T
22:17973479:C:T
22:17973664:A:C
22:17973688:A:G
22:17974850:C:T
22:17975148:C:CA
22:17975281:C:G
22:17975834:A:G
22:17977024:C:T
22:17977198:A:G
22:17977340:A:G
22:17977812:A:AAAC
22:17978090:C:T
22:17978146:C:T
22:17978311:A:G
22:17978346:C:T
22:17978355:A:C
22:17978600:C:G
22:17979240:C:CA
22:17979416:C:T
22:17979434:C:T
22:17979626:C:T
22:17981196:C:T
22:17981752:G:T
22:17982400:C:T
22:17982621:A:C
22:17982986:A:G
22:17983078:C:CTAAATAAATAAA
22:17983132:A:G
22:17983397:A:T
22:17983399:C:G
22:17983467:T:TTTTATTTA
22:17983635:A:ATT
22:17984907:C:T
22:17984962:A:G
22:17985024:G:T
22:17985257:A:C
22:17985259:C:T
22:17985410:C:T
22:17986344:A:G
22:17986811:C:T
22:17987057:C:T
22:17987962:A:G
22:17989347:C:G
22:17989378:C:T
22:17989502:A:AC
22:17990606:A:G
22:17990852:A:G
22:17991442:C:T
22:17991515:G:T
22:17992184:C:T
22:17992215:C:G
22:17992952:T:TTC
22:17993969:A:G
22:17994585:C:T
22:17994639:A:G
22:17994789:C:T
22:17995145:C:T
22:17995311:A:AT
22:17995661:T:TTTGCTGTTG
22:17995759:A:G
22:17996035:G:T
22:17996280:G:GCTCT
22:17996358:C:T
22:17996579:G:T
22:17996931:A:G
22:17997169:C:G
22:17997454:C:T
22:17997569:G:T
22:17997619:G:T
22:17998254:A:G
22:17998327:G:T
22:17998807:G:T
22:17998974:C:T
22:17999158:A:G
22:17999964:C:T
22:18000090:C:T
22:18000280:A:G
22:18000380:A:T
22:18001109:C:T
22:18001375:G:T
22:18001894:A:G
22:18002038:A:G
22:18002039:A:G
22:18002040:A:G
22:18002041:A:G
22:18002042:A:G
22:18002105:A:G
22:18002277:C:G
22:18003540:C:T
22:18003573:<CN0>:G
22:18003584:C:T
22:18003597:A:G
22:18003601:A:G
22:18004289:G:T
22:18004617:A:G
22:18004756:C:G
22:18004927:G:T
22:18004928:C:T
22:18005227:C:G
22:18005596:A:G
22:18005947:A:G
22:18006236:A:G
22:18006604:A:G
22:18007439:C:G
22:18007886:T:TGTG
22:18007943:A:G
22:18009361:A:G
22:18009909:C:T
22:18010308:A:G
22:18010662:A:T
22:18010706:A:G
22:18010945:G:T
22:18010946:C:T
22:18011195:G:T
22:18011380:A:G
22:18011745:A:G
22:18012012:G:T
22:18012158:C:T
22:18012443:A:G
22:18012661:C:T
22:18012775:A:G
22:18013723:C:T
22:18014373:C:CT
22:18014487:G:T
22:18014921:C:T
22:18015419:G:GA
22:18015430:A:T
22:18016508:A:G
22:18017117:C:G
22:18017560:A:G
22:18017740:C:G
22:18018509:C:T
22:18018516:C:T
22:18018604:A:C
22:18018940:C:T
22:18019260:C:T
22:18019539:C:T
22:18019923:C:CAATATAA
22:18020856:A:T
22:18021071:C:T
22:18021505:C:T
22:18021604:C:T
22:18022858:G:T
22:18022919:C:T
22:18024458:C:T
22:18024474:C:G
22:18024652:A:G
22:18024919:A:G
22:18025580:A:G
22:18025719:C:T
22:18025899:C:T
22:18026926:C:CT
22:18027334:A:C
22:18029546:A:C
22:18030667:C:T
22:18030738:A:G
22:18031530:A:G
22:18031544:A:G
22:18032226:A:G
22:18036253:A:G
22:18036388:A:C
22:18036431:A:G
22:18036785:C:T
22:18037113:A:G
22:18038176:C:T
22:18038432:C:T
22:18038646:C:T
22:18038786:A:G
22:18038910:A:G
22:18039514:C:T
22:18040339:C:T
22:18040465:C:T
22:18040888:C:T
22:18041093:C:T
22:18041137:A:G
22:18041741:T:TA
22:18042093:A:T
22:18042376:G:T
22:18043090:C:G
22:18044257:A:T
22:18044375:C:T
22:18044557:C:CAAAAAAAAAAA
22:18044722:C:T
22:18044936:C:T
22:18045084:A:G
22:18046289:A:G
22:18046630:G:T
22:18046680:A:T
22:18046830:A:G
22:18046944:A:G
22:18046993:C:CAACTT
22:18047028:A:G
22:18047058:A:C
22:18047163:C:G
22:18047231:A:G
22:18048673:A:C
22:18048690:C:G
22:18048751:C:G
22:18048911:C:T
22:18049681:C:T
22:18050386:C:T
22:18050636:G:T
22:18050728:A:G
22:18051188:G:T
22:18052063:C:T
22:18052478:A:AG
22:18052568:A:G
22:18052736:C:T
22:18052828:C:T
22:18052854:C:T
22:18052906:C:G
22:18053496:A:G
22:18054588:A:AT
22:18055062:A:G
22:18055234:G:T
22:18055605:C:G
22:18056267:A:G
22:18056332:C:G
22:18062987:C:T
22:18065822:C:CA
22:18065844:A:G
22:18067216:A:G
22:18067777:A:G
22:18068881:C:T
22:18069412:G:T
22:18071444:A:G
22:18071660:T:TA
22:18071809:C:CA
22:18071941:C:T
22:18072333:A:ACTT
22:18072623:C:G
22:18075053:A:G
22:18075263:C:T
22:18076523:A:G
22:18077640:C:T
22:18077720:G:T
22:18079177:C:T
22:18080431:C:T
22:18080723:A:G
22:18081136:A:G
22:18082669:A:G
22:18082708:A:C
22:18083167:C:T
22:18083197:C:T
22:18083260:C:T
22:18083591:C:T
22:18084033:C:T
22:18084272:A:G
22:18084331:C:G
22:18084675:C:CTTTG
22:18084977:C:T
22:18085115:C:T
22:18085146:C:CT
22:18085156:T:TC
22:18085157:C:T
22:18085646:A:G
22:18085872:C:T
22:18085873:A:G
22:18086130:T:TA
22:18086312:C:G
22:18086475:G:T
22:18086965:C:CAGGA
22:18086994:A:G
22:18087458:A:T
22:18087703:C:T
22:18087704:A:G
22:18087730:C:T
22:18087747:C:T
22:18088035:A:G
22:18088268:C:G
22:18088739:T:TA
22:18088795:A:G
22:18088903:A:C
22:18088945:A:C
22:18088977:C:G
22:18089058:A:G
22:18089141:C:CA
22:18089250:T:TA
22:18089257:C:G
22:18089601:C:G
22:18089615:C:T
22:18089828:C:T
22:18089854:C:T
22:18090006:A:G
22:18090105:G:T
22:18091087:G:T
22:18091363:A:T
22:18091367:A:C
22:18091929:C:CT
22:18092085:C:T
22:18092304:A:G
22:18092320:C:G
22:18092355:C:T
22:18092406:C:T
22:18092649:A:G
22:18092776:A:T
22:18092809:G:T
22:18092890:T:TA
22:18093279:T:TA
22:18093310:C:T
22:18093580:C:T
22:18093592:G:T
22:18093889:C:CAT
22:18094292:A:G
22:18094581:A:G
22:18094893:A:G
22:18095170:C:T
22:18095734:C:G
22:18095838:A:G
22:18095901:C:T
22:18096199:A:G
22:18096378:A:G
22:18096590:A:G
22:18096610:G:T
22:18096617:C:T
22:18096815:C:G
22:18096976:C:T
22:18097057:A:G
22:18097091:A:G
22:18097117:A:AAAAAATAAAAATAAAAAAT
22:18097196:A:G
22:18097260:C:T
22:18097463:A:G
22:18097689:A:C
22:18097720:C:CA
22:18097735:A:T
22:18097927:C:G
22:18098050:C:G
22:18098148:C:G
22:18098266:C:T
22:18098366:A:G
22:18098527:A:G
22:18098645:A:C
22:18098739:A:G
22:18098743:A:T
22:18098792:C:T
22:18098800:A:AAAAC
22:18098807:A:G
22:18098942:C:T
22:18099028:C:T
22:18099048:A:G
22:18099172:C:T
22:18099314:A:G
22:18099345:C:T
22:18099370:A:G
22:18099393:C:T
22:18099460:A:G
22:18099586:A:G
22:18100104:A:G
22:18100147:C:T
22:18100435:C:T
22:18100472:A:G
22:18100656:A:T
22:18101088:C:T
22:18101369:A:G
22:18101637:A:C
22:18101691:A:G
22:18101834:C:T
22:18101961:A:G
22:18102012:C:G
22:18102393:C:T
22:18102627:A:G
22:18103038:C:T
22:18103063:A:G
22:18103525:T:TTC
22:18103567:C:T
22:18103710:G:T
22:18103861:C:T
22:18103878:A:G
22:18104792:C:T
22:18105033:G:T
22:18105035:G:T
22:18105037:A:T
22:18105038:C:G
22:18105306:C:G
22:18106306:A:G
22:18106662:C:T
22:18107277:A:G
22:18107471:A:C
22:18107966:A:G
22:18108238:G:GTCTCAAACTCCCAACCTCAGGT
22:18108992:C:T
22:18109334:A:G
22:18109798:C:T
22:18111100:C:G
22:18111556:A:C
22:18111853:A:C
22:18112199:C:CT
22:18112845:A:G
22:18113387:C:T
22:18113871:A:ATT
22:18114042:A:G
22:18114956:A:G
22:18115451:A:G
22:18115452:A:C
22:18117434:C:T
22:18117658:A:G
22:18118191:A:AT
22:18118636:C:T
22:18118759:A:G
22:18119145:C:T
22:18119456:C:G
22:18119476:C:T
22:18119516:C:T
22:18119761:A:G
22:18119773:A:G
22:18119938:C:T
22:18119939:A:G
22:18119944:A:G
22:18119945:A:G
22:18119947:C:T
22:18121246:C:T
22:18122010:A:ACTT
22:18122937:A:AC
22:18122994:A:G
22:18122995:G:T
22:18123036:A:G
22:18123467:T:TA
22:18123664:A:AT
22:18123678:A:G
22:18124153:A:AT
22:18125797:C:T
22:18126188:A:G
22:18127324:A:T
22:18127725:A:G
22:18128960:A:G
22:18129265:G:T
22:18129347:T:TG
22:18129654:T:TTGTGTG
22:18129942:A:G
22:18130209:C:T
22:18130621:A:G
22:18130997:C:T
22:18131078:C:T
22:18131226:C:T
22:18132004:C:T
22:18132782:A:G
22:18132812:G:T
22:18132930:C:T
22:18133490:A:T
22:18133500:A:C
22:18134156:T:TTTA
22:18134162:T:TA
22:18134488:A:G
22:18134712:C:T
22:18134850:C:T
22:18134976:A:T
22:18135001:A:G
22:18137144:C:T
22:18137274:C:T
22:18139005:C:CA
22:18139017:A:T
22:18139348:A:T
22:18140589:C:CTTTT
22:18140816:C:G
22:18141321:A:G
22:18142254:C:T
22:18142426:A:AAAAAC
22:18144824:A:T
22:18146388:C:T
22:18146449:C:CTT
22:18146619:A:AT
22:18146989:A:G
22:18147026:C:T
22:18147071:C:T
22:18147211:A:G
22:18147568:A:G
22:18148966:A:ATTTTTAT
22:18150665:C:T
22:18150922:G:T
22:18152178:A:G
22:18153766:C:T
22:18153912:A:G
22:18154147:C:G
22:18154285:A:T
22:18154331:C:CA
22:18155411:A:G
22:18156299:A:AT
22:18156385:C:T
22:18156395:A:G
22:18156644:A:G
22:18157282:A:G
22:18157371:C:CAA
22:18157652:T:TATA
22:18157841:T:TAC
22:18158344:A:C
22:18159407:C:T
22:18159704:A:G
22:18160633:C:CA
22:18161543:A:G
22:18161979:A:G
22:18163136:A:C
22:18163158:C:T
22:18163795:C:T
22:18164602:A:G
22:18164866:C:T
22:18166494:C:T
22:18166495:A:T
22:18166497:C:T
22:18166500:T:TATA
22:18166610:C:CATTATTATT
22:18166741:C:T
22:18167478:C:T
22:18167859:C:T
22:18168703:A:C
22:18168774:A:G
22:18168776:A:G
22:18169012:G:T
22:18169221:A:T
22:18169672:A:G
22:18169900:C:T
22:18170207:A:G
22:18171111:C:T
22:18171567:C:T
22:18171590:A:G
22:18171650:C:T
22:18172236:C:G
22:18172857:C:T
22:18173007:A:G
22:18173095:G:GA
22:18174116:G:T
22:18174124:T:TTG
22:18174138:C:T
22:18174361:A:G
22:18174417:C:CA
22:18174518:C:T
22:18174634:A:AT
22:18174658:A:G
22:18174781:C:T
22:18175030:A:G
22:18175550:A:G
22:18175558:A:T
22:18176913:A:T
22:18177801:A:G
22:18177863:A:G
22:18178393:A:T
22:18178859:C:T
22:18179100:C:T
22:18179389:A:G
22:18180397:A:G
22:18181621:C:T
22:18181984:G:T
22:18182361:A:G
22:18183623:C:G
22:18184011:A:G
22:18184290:C:T
22:18184648:C:T
22:18184681:C:CA
22:18186805:C:T
22:18188469:A:T
22:18188525:C:T
22:18188924:A:G
22:18189296:C:T
22:18189469:A:G
22:18190777:A:G
22:18191951:A:G
22:18192136:A:G
22:18193116:A:G
22:18193240:A:G
22:18193381:A:G
22:18193519:C:T
22:18193560:A:G
22:18196239:G:T
22:18196831:A:G
22:18197053:C:T
22:18197161:C:T
22:18197172:C:G
22:18198327:C:G
22:18200878:G:T
22:18201526:C:G
22:18202129:A:G
22:18202150:C:T
22:18202207:A:G
22:18202467:C:T
22:18202663:A:G
22:18202856:A:G
22:18203179:C:G
22:18203870:A:G
22:18203935:C:CA
22:18203942:A:T
22:18203948:A:T
22:18204218:C:G
22:18204258:G:GT
22:18204416:A:G
22:18204522:C:G
22:18204587:C:T
22:18205144:G:T
22:18205146:C:T
22:18205187:A:G
22:18205430:A:T
22:18206653:C:T
22:18207927:G:T
22:18208764:C:T
22:18208876:A:G
22:18209920:C:T
22:18210560:G:T
22:18210618:A:G
22:18210800:T:TG
22:18211983:C:T
22:18212531:A:G
22:18213961:C:T
22:18214208:A:C
22:18215520:C:G
22:18217833:A:AAGAT
22:18218441:A:C
22:18218464:C:T
22:18218475:C:G
22:18219093:C:T
22:18219223:C:CAAA
22:18219686:C:T
22:18219727:A:G
22:18219731:A:G
22:18220324:C:G
22:18220831:A:G
22:18221167:A:G
22:18221312:A:G
22:18221942:A:ATCT
22:18221966:A:G
22:18221985:C:T
22:18222089:A:C
22:18222263:A:G
22:18222557:A:G
22:18222665:C:T
22:18223198:C:CT
22:18223228:C:T
22:18223617:C:T
22:18223624:A:G
22:18224731:A:C
22:18224781:C:T
22:18225040:T:TGGA
22:18225318:C:T
22:18226327:G:T
22:18226476:G:T
22:18226528:A:G
22:18226997:C:G
22:18227688:C:T
22:18228505:A:G
22:18228653:A:C
22:18229774:C:T
22:18230278:A:G
22:18230757:A:G
22:18230954:G:T
22:18230964:A:G
22:18230998:A:G
22:18231014:A:G
22:18231015:C:T
22:18231046:C:T
22:18231271:C:CA
22:18231866:A:G
22:18232768:A:G
22:18233154:C:T
22:18233408:C:T
22:18234062:C:G
22:18234263:C:T
22:18236693:C:T
22:18236956:A:G
22:18237436:A:T
22:18237906:A:G
22:18238291:A:G
22:18238565:C:CAA
22:18239312:C:T
22:18239716:T:TTAAC
22:18239770:C:CA
22:18245918:C:T
22:18246476:C:CT
22:18246670:T:TA
22:18246672:A:T
22:18246673:A:T
22:18246674:A:T
22:18246675:A:T
22:18246676:A:T
22:18247904:T:TCAAGACATCCTCCACAGAGGAC
22:18251626:A:G
22:18254058:G:T
22:18257138:G:T
22:18258344:G:T
22:18261587:C:T
22:18264831:A:G
22:18265828:C:G
22:18267982:C:T
22:18269050:C:CT
22:18270779:C:T
22:18271078:A:G
22:18271491:C:T
22:18271710:A:G
22:18271943:A:G
22:18273463:A:G
22:18276101:A:G
22:18280602:C:T
22:18281629:C:T
22:18281630:A:G
22:18282020:C:T
22:18282715:A:AACAC
22:18283876:C:T
22:18284420:C:G
22:18284615:G:T
22:18285299:C:T
22:18286342:A:G
22:18286884:A:G
22:18288040:A:G
22:18288090:A:G
22:18288110:A:AG
22:18289204:A:G
22:18289529:G:GT
22:18289555:A:G
22:18291198:C:T
22:18291217:G:GT
22:18291364:A:G
22:18291926:C:T
22:18292242:A:C
22:18292337:G:T
22:18293316:C:T
22:18295208:A:G
22:18296438:C:T
22:18296441:C:T
22:18296484:C:T
22:18297596:C:T
22:18297597:G:T
22:18297694:A:G
22:18297723:C:T
22:18297990:C:T
22:18298089:A:G
22:18298527:G:T
22:18298678:C:T
22:18298723:C:G
22:18299197:A:G
22:18299751:A:G
22:18299779:C:CCTGGTAGCA
22:18299936:C:T
22:18300022:G:GCCCCTCCCGCA
22:18300594:A:G
22:18300775:A:G
22:18300879:A:G
22:18301693:C:T
22:18302122:C:G
22:18302566:A:G
22:18302883:C:T
22:18302908:C:CA
22:18303070:C:T
22:18303409:C:T
22:18303768:A:G
22:18303790:C:CCT
22:18304392:G:T
22:18304583:C:T
22:18304753:C:T
22:18304784:A:C
22:18304821:A:G
22:18304891:C:T
22:18304978:A:G
22:18306485:C:T
22:18306812:C:T
22:18307381:A:C
22:18308601:C:T
22:18308788:A:G
22:18308936:C:T
22:18308968:C:CT
22:18309040:G:GC
22:18309359:T:TA
22:18309438:A:T
22:18309467:T:TGAGAA
22:18309546:C:T
22:18309658:C:T
22:18309666:C:T
22:18309803:A:G
22:18309826:A:G
22:18309859:C:T
22:18309951:C:G
22:18310068:A:G
22:18310110:C:T
22:18310363:C:T
22:18310367:C:T
22:18311931:C:CT
22:18312660:A:ACTG
22:18313018:A:G
22:18313591:C:G
22:18313615:C:T
22:18313672:C:G
22:18314019:C:CCCT
22:18314164:A:G
22:18314989:C:T
22:18315068:A:G
22:18315983:C:T
22:18316076:C:CCTG
22:18316091:C:T
22:18316114:A:G
22:18316304:C:T
22:18316333:C:T
22:18316620:C:T
22:18317142:C:T
22:18317550:C:T
22:18317621:A:G
22:18317821:C:T
22:18317902:A:G
22:18317916:C:CCAGCTGGTTTCACAACAGCTCA
22:18318288:G:GC
22:18318963:C:G
22:18319179:C:T
22:18320058:C:T
22:18320258:C:G
22:18320311:A:G
22:18320312:A:C
22:18320739:C:T
22:18321040:C:T
22:18322333:C:CTT
22:18323482:G:T
22:18323609:C:T
22:18323850:A:T
22:18323882:G:T
22:18324301:A:G
22:18324564:C:T
22:18325378:C:G
22:18326398:A:C
22:18326813:C:T
22:18326823:A:C
22:18327590:C:G
22:18329146:A:G
22:18329162:T:TA
22:18331118:A:C
22:18331154:A:C
22:18331871:A:T
22:18332410:A:G
22:18333208:A:G
22:18333339:A:G
22:18333902:C:T
22:18334573:C:T
22:18337361:C:T
22:18337880:C:T
22:18338356:C:T
22:18339012:A:G
22:18341004:C:G
22:18341802:A:G
22:18342225:C:T
22:18342895:A:AG
22:18343011:A:C
22:18343523:A:C
22:18343562:G:GC
22:18343959:A:G
22:18344078:C:CAG
22:18344134:C:T
22:18344427:A:G
22:18345864:A:C
22:18347127:C:T
22:18347224:A:G
22:18347916:A:G
22:18348439:C:T
22:18348823:A:G
22:18349379:C:T
22:18349948:C:T
22:18350000:T:TCAGA
22:18351462:T:TAACTGGAAA
22:18351575:A:G
22:18352679:C:T
22:18352887:C:G
22:18352968:A:G
22:18352986:A:G
22:18353549:C:T
22:18353630:C:G
22:18353910:A:G
22:18354272:C:T
22:18354328:C:T
22:18354766:C:T
22:18357509:C:T
22:18357549:C:T
22:18358633:A:G
22:18359243:C:G
22:18360628:C:T
22:18360810:A:G
22:18361183:C:T
22:18361240:A:AG
22:18361276:C:T
22:18361871:A:G
22:18362573:A:G
22:18362940:A:G
22:18363387:C:T
22:18364320:G:GC
22:18364579:C:G
22:18364770:G:GA
22:18365072:A:G
22:18365392:A:T
22:18366821:C:T
22:18367640:C:T
22:18367988:A:G
22:18368147:C:T
22:18368391:A:AT
22:18368548:A:G
22:18369570:C:CA
22:18369709:A:G
22:18369710:C:T
22:18369916:A:G
22:18370676:C:T
22:18370997:A:G
22:18371210:C:CA
22:18371293:C:T
22:18371543:A:G
22:18371637:C:T
22:18372020:A:G
22:18372709:A:G
22:18373618:C:T
22:18374014:C:T
22:18374022:C:CA
22:18374150:C:T
22:18374554:C:T
22:18374558:C:G
22:18374875:C:T
22:18374925:C:G
22:18374927:A:T
22:18375450:C:T
22:18377199:A:C
22:18377329:A:G
22:18380081:C:T
22:18380603:C:T
22:18380873:T:TA
22:18380917:C:T
22:18381686:C:G
22:18383114:C:T
22:18383236:A:C
22:18386406:G:T
22:18387015:C:T
22:18388315:G:T
22:18389082:C:T
22:18390280:A:C
22:18393534:A:C
22:18393564:C:T
22:18393792:G:GA
22:18393933:A:G
22:18394101:G:GA
22:18394490:C:T
22:18394531:A:G
22:18395877:C:T
22:18395952:C:T
22:18397197:T:TTGCAGATGGGGAAAGTGCAGAT
22:18397872:C:CA
22:18398018:C:T
22:18398447:A:G
22:18399007:A:G
22:18401104:A:G
22:18401209:A:G
22:18401597:C:G
22:18401620:C:G
22:18401842:G:GTTT
22:18402012:C:T
22:18402669:G:T
22:18402924:A:G
22:18403629:A:G
22:18406068:G:T
22:18406473:C:T
22:18407468:A:G
22:18408322:C:T
22:18411074:A:G
22:18411214:A:G
22:18411621:C:T
22:18411854:C:T
22:18412031:A:AT
22:18412929:A:G
22:18413750:A:G
22:18415158:A:G
22:18416487:C:G
22:18416830:C:T
22:18418165:C:T
22:18418276:C:T
22:18418894:C:T
22:18419005:C:T
22:18421821:A:C
22:18421899:A:G
22:18421926:C:T
22:18423295:C:G
22:18424298:C:T
22:18426372:A:C
22:18426878:A:ATG
22:18427308:C:G
22:18427418:C:T
22:18429694:G:T
22:18430506:T:TA
22:18433169:A:G
22:18433308:G:T
22:18433603:A:C
22:18434038:C:G
22:18434284:A:G
22:18436944:A:G
22:18437043:C:T
22:18437382:A:G
22:18437516:C:CT
22:18437557:C:G
22:18438211:A:C
22:18438314:A:C
22:18438485:A:G
22:18438559:A:G
22:18438578:A:G
22:18438642:C:G
22:18439047:G:T
22:18439190:A:C
22:18439238:C:T
22:18439392:A:G
22:18439420:A:G
22:18439598:A:G
22:18439958:C:T
22:18440026:C:T
22:18440492:A:G
22:18441610:C:G
22:18441767:C:G
22:18441813:A:G
22:18442612:G:GA
22:18443009:G:GCTAGGCAGTGAGCTCA
22:18443287:C:T
22:18443404:A:G
22:18443500:A:G
22:18443681:C:T
22:18443699:G:T
22:18443818:C:G
22:18443855:A:G
22:18444180:A:G
22:18444227:A:G
22:18444261:C:T
22:18444290:C:T
22:18444338:A:T
22:18444599:C:T
22:18444657:C:T
22:18444675:C:T
22:18444693:A:C
22:18444734:C:T
22:18444908:A:G
22:18445021:G:T
22:18445022:G:GACA
22:18445263:C:T
22:18445287:A:G
22:18445288:A:G
22:18445471:G:GCAAAT
22:18445692:A:T
22:18445709:C:G
22:18446024:A:G
22:18446212:G:T
22:18446318:A:C
22:18446452:A:G
22:18446490:C:T
22:18446565:A:G
22:18446610:C:T
22:18447114:C:T
22:18447491:A:G
22:18447697:A:G
22:18447970:A:G
22:18448100:G:T
22:18448113:C:T
22:18448129:C:T
22:18448605:C:G
22:18449038:A:G
22:18449130:C:G
22:18449543:A:G
22:18449576:C:G
22:18449644:A:AG
22:18449876:A:G
22:18449927:C:T
22:18450116:C:T
22:18450123:C:CA
22:18450149:A:G
22:18450196:T:TCA
22:18450229:A:AAC
22:18450287:A:T
22:18450466:A:G
22:18450609:A:G
22:18450794:C:T
22:18450841:T:TA
22:18451391:A:G
22:18451438:A:C
22:18451554:A:G
22:18451582:A:G
22:18452501:A:C
22:18454600:A:G
22:18455122:C:T
22:18455232:A:G
22:18455621:A:G
22:18455700:A:C
22:18455830:A:G
22:18455914:A:G
22:18456254:C:T
22:18457043:G:T
22:18457246:A:G
22:18457720:G:T
22:18458621:A:C
22:18458636:A:G
22:18458662:C:T
22:18458814:C:CA
22:18459040:C:T
22:18459127:C:G
22:18459468:C:CT
22:18459575:T:TC
22:18459658:C:T
22:18459859:C:T
22:18459889:C:T
22:18459922:C:T
22:18460059:G:T
22:18460302:T:TA
22:18460720:A:G
22:18460830:A:AT
22:18461056:A:T
22:18461166:A:G
22:18461180:C:T
22:18461231:C:T
22:18461431:C:G
22:18461473:C:T
22:18461645:G:GA
22:18461831:C:T
22:18462027:C:T
22:18462550:C:CA
22:18462557:A:C
22:18462871:A:AG
22:18463216:A:G
22:18463254:A:C
22:18463266:A:G
22:18463274:G:T
22:18463297:A:G
22:18463306:C:T
22:18463608:C:T
22:18464410:A:G
22:18464611:C:T
22:18464877:T:TAA
22:18465105:A:G
22:18465208:A:G
22:18465616:C:T
22:18465677:A:G
22:18465756:A:C
22:18465757:A:C
22:18465978:C:T
22:18466111:G:T
22:18466160:A:G
22:18466302:C:G
22:18466779:A:G
22:18467133:C:T
22:18467334:C:G
22:18467483:A:G
22:18467665:C:T
22:18467767:A:G
22:18467889:C:G
22:18467890:C:T
22:18467891:C:G
22:18467944:C:T
22:18468087:C:T
22:18468112:A:G
22:18468208:A:G
22:18468494:G:T
22:18468667:T:TTTTTG
22:18468800:G:T
22:18469547:C:T
22:18470030:G:T
22:18471190:G:GC
22:18472430:A:G
22:18473809:C:T
22:18474702:C:T
22:18474728:A:G
22:18475820:G:T
22:18476017:C:CT
22:18476779:A:C
22:18477403:A:G
22:18477487:C:CA
22:18479211:G:GA
22:18479447:A:G
22:18480841:G:GTGAA
22:18481326:A:T
22:18482600:A:G
22:18483753:A:G
22:18486282:A:G
22:18486514:A:G
22:18487232:A:G
22:18489048:A:C
22:18489252:A:G
22:18489416:A:G
22:18489817:T:TA
22:18490461:T:TGTAATCCCA
22:18491211:C:T
22:18491589:A:G
22:18494644:C:T
22:18494776:A:G
22:18496882:G:GAC
22:18496882:G:GACACACAC
22:18497279:T:TA
22:18497905:C:T
22:18498155:G:T
22:18498398:A:G
22:18498665:C:T
22:18498685:A:G
22:18499278:T:TCG
22:18499307:C:G
22:18499408:G:T
22:18499599:A:G
22:18499676:G:T
22:18499705:C:CA
22:18499723:G:T
22:18499981:C:CT
22:18500031:A:G
22:18500357:A:AT
22:18500390:C:T
22:18500518:A:AT
22:18500665:C:T
22:18500678:A:G
22:18501480:C:T
22:18501506:A:ATATCTATC
22:18501543:C:T
22:18501681:A:G
22:18501696:A:G
22:18501744:C:G
22:18501779:A:G
22:18502110:G:T
22:18502256:G:T
22:18502467:T:TA
22:18502566:C:T
22:18502789:C:CAGGAT
22:18503211:C:T
22:18503262:A:G
22:18503379:T:TA
22:18503477:C:T
22:18503860:A:G
22:18503931:A:G
22:18504152:G:T
22:18504191:A:G
22:18504315:A:G
22:18504654:A:G
22:18504677:C:T
22:18504693:A:G
22:18504891:A:T
22:18505017:A:G
22:18505062:A:G
22:18505068:A:G
22:18505121:A:G
22:18505186:G:GC
22:18505487:A:G
22:18505703:A:G
22:18505983:A:T
22:18506073:A:G
22:18506169:A:G
22:18506197:C:T
22:18506205:T:TACA
22:18506690:A:G
22:18506773:C:T
22:18507575:G:T
22:18507689:A:G
22:18507729:G:GTGAAAT
22:18507849:A:G
22:18508600:C:CAGTA
22:18508802:A:T
22:18509086:A:T
22:18509095:C:T
22:18509625:C:CT
22:18509813:A:T
22:18509948:A:C
22:18510145:G:T
22:18510535:A:G
22:18510634:A:G
22:18510675:C:T
22:18510702:A:G
22:18510791:C:T
22:18510806:G:GA
22:18510936:C:T
22:18510974:A:T
22:18510989:A:T
22:18511085:C:T
22:18511135:A:G
22:18511254:A:C
22:18511457:C:G
22:18511506:A:C
22:18511546:C:G
22:18511625:A:G
22:18511648:C:T
22:18511682:G:GA
22:18512094:C:T
22:18512109:C:G
22:18512325:A:G
22:18512423:C:T
22:18512462:A:G
22:18512496:A:G
22:18512743:C:T
22:18512758:G:T
22:18512898:G:GGTGTGT
22:18513780:G:T
22:18513786:A:G
22:18514077:A:G
22:18514305:C:T
22:18514671:C:T
22:18514898:C:T
22:18516319:A:G
22:18517084:C:G
22:18517312:C:T
22:18517463:A:G
22:18517488:A:G
22:18517894:T:TG
22:18517918:A:G
22:18518634:A:G
22:18518759:C:T
22:18519086:C:G
22:18519180:C:T
22:18520416:C:T
22:18520654:A:G
22:18521417:A:AAAT
22:18521736:C:T
22:18521894:C:T
22:18522271:A:G
22:18522284:C:G
22:18522323:C:T
22:18522327:C:G
22:18522611:A:G
22:18523416:C:T
22:18523492:C:T
22:18523589:C:T
22:18523594:A:G
22:18523598:C:T
22:18524267:C:T
22:18524314:C:T
22:18524347:T:TG
22:18524420:A:C
22:18524629:C:G
22:18524900:C:T
22:18525136:A:G
22:18525700:C:T
22:18526567:C:G
22:18526584:C:CA
22:18526789:G:T
22:18527828:C:T
22:18528673:C:T
22:18528772:C:CATAA
22:18528978:A:G
22:18529090:A:ATT
22:18529093:A:AT
22:18529224:C:T
22:18529421:A:G
22:18530208:A:C
22:18530897:C:G
22:18530984:A:G
22:18531472:G:T
22:18531698:C:T
22:18532102:C:T
22:18532239:C:T
22:18533858:C:T
22:18534034:A:T
22:18534181:C:T
22:18535538:C:G
22:18535831:C:T
22:18535853:C:T
22:18536488:A:T
22:18537041:A:G
22:18537145:A:G
22:18537610:C:T
22:18537943:C:T
22:18538076:C:T
22:18539553:C:T
22:18540086:C:T
22:18542023:A:G
22:18543463:T:TA
22:18543833:C:T
22:18546612:A:G
22:18546667:A:G
22:18546700:C:T
22:18547016:A:G
22:18547586:C:G
22:18549152:C:T
22:18549641:A:G
22:18549740:C:T
22:18549968:C:T
22:18550690:G:T
22:18551012:C:T
22:18551341:C:T
22:18551344:C:T
22:18551487:C:T
22:18551780:A:G
22:18552662:C:T
22:18553019:C:T
22:18553542:G:T
22:18553606:A:G
22:18553808:A:C
22:18554128:T:TC
22:18554137:T:TTTC
22:18554486:A:G
22:18554932:A:G
22:18555036:A:G
22:18555134:A:G
22:18555958:C:T
22:18556046:A:G
22:18563052:A:G
22:18563153:T:TG
22:18563287:A:G
22:18563571:A:G
22:18563986:C:G
22:18564150:A:G
22:18565048:C:T
22:18565727:A:G
22:18566917:C:T
22:18567231:A:C
22:18567276:C:T
22:18569254:A:T
22:18569713:C:G
22:18569731:C:T
22:18570164:C:G
22:18571008:A:G
22:18571758:C:T
22:18571828:C:T
22:18572106:A:T
22:18572371:C:CTTGG
22:18572431:A:G
22:18572472:G:GTTTGTTTT
22:18572510:C:G
22:18572892:A:G
22:18573912:C:T
22:18573967:A:G
22:18575450:C:CT
22:18575589:T:TG
22:18575712:C:G
22:18575941:A:G
22:18576066:A:G
22:18576298:C:T
22:18576389:G:T
22:18577004:A:G
22:18577338:C:T
22:18577529:T:TTTTTC
22:18578596:C:CT
22:18578703:C:T
22:18579316:C:G
22:18579761:A:C
22:18579824:C:T
22:18580190:C:T
22:18580324:C:T
22:18580460:G:T
22:18580972:A:G
22:18581413:G:GA
22:18582402:A:T
22:18582650:A:C
22:18582937:A:G
22:18583014:C:T
22:18583267:C:T
22:18583574:C:T
22:18583720:C:T
22:18583894:A:C
22:18584433:C:T
22:18585577:C:T
22:18585858:C:CAAAAAAAAA
22:18585987:C:G
22:18586169:C:T
22:18587221:C:G
22:18587994:A:G
22:18588263:G:GTCTTTT
22:18589643:A:G
22:18589801:A:G
22:18589842:A:G
22:18590899:A:C
22:18591546:A:G
22:18591891:A:G
22:18591993:A:G
22:18597209:C:T
22:18598766:C:T
22:18605841:C:T
22:18607090:G:GGGA
22:18608752:C:G
22:18610146:C:T
22:18610310:A:G
22:18610350:C:T
22:18610616:C:T
22:18610798:A:G
22:18611356:C:T
22:18611596:A:G
22:18613037:A:G
22:18613184:C:CT
22:18613603:C:T
22:18617957:T:TG
22:18618741:C:T
22:18618851:G:T
22:18619250:C:T
22:18619411:C:CA
22:18619540:A:C
22:18619890:A:G
22:18619901:A:G
22:18619913:G:T
22:18620355:A:G
22:18620708:C:T
22:18620744:C:CA
22:18620757:G:T
22:18622054:C:T
22:18622343:A:G
22:18622691:C:G
22:18622898:C:T
22:18623310:C:G
22:18626312:G:GA
22:18626313:G:T
22:18626409:T:TAGAAG
22:18626479:C:T
22:18626502:C:T
22:18626664:A:G
22:18627716:C:T
22:18628946:A:C
22:18629153:C:T
22:18629170:C:T
22:18630377:A:AT
22:18630423:A:G
22:18630802:A:C
22:18632871:A:G
22:18633208:C:CA
22:18635315:C:T
22:18636056:C:T
22:18639016:G:GCT
22:18639260:C:T
22:18639402:A:G
22:18640104:C:T
22:18641648:A:G
22:18642266:C:CT
22:18642544:A:G
22:18642545:A:C
22:18642604:A:G
22:18642865:A:G
22:18643216:C:T
22:18643923:A:T
22:18643971:C:T
22:18644408:C:T
22:18645690:A:G
22:18647341:C:T
22:18647741:C:T
22:18649650:A:G
22:18651304:A:G
22:18655798:A:G
22:18670610:G:T
22:18687488:A:T
22:18736995:C:G
22:18737025:A:C
22:18738469:C:G
22:18795005:C:CCAAA
22:18804132:C:G
22:18833583:A:G
22:18835221:A:G
22:18835365:G:T
22:18836507:C:T
22:18841637:A:G
22:18843686:G:T
22:18843834:A:G
22:18845051:C:G
22:18846536:A:G
22:18846546:C:T
22:18846547:C:G
22:18871840:C:T
22:18873617:G:T
22:18873724:A:G
22:18873809:A:G
22:18874537:G:T
22:18874650:C:T
22:18875906:C:CT
22:18876153:A:G
22:18876318:C:T
22:18876630:C:G
22:18877787:G:T
22:18878482:C:G
22:18878489:C:T
22:18878597:C:T
22:18878859:T:TATA
22:18879523:A:G
22:18879631:A:G
22:18879647:T:TATG
22:18879978:C:T
22:18880038:C:T
22:18880179:G:T
22:18880216:A:T
22:18880461:G:T
22:18880927:C:T
22:18881499:A:C
22:18882346:A:AT
22:18882780:A:ATATAT
22:18883229:A:G
22:18883484:T:TAA
22:18883732:C:T
22:18883783:C:G
22:18885242:G:T
22:18885495:C:T
22:18886644:A:T
22:18886814:A:G
22:18886915:A:C
22:18887666:C:G
22:18887667:C:G
22:18888071:C:G
22:18888113:A:G
22:18888301:A:G
22:18888396:A:G
22:18888514:C:T
22:18888578:A:G
22:18889966:A:AC
22:18889969:A:G
22:18890344:C:T
22:18890567:A:G
22:18890615:A:G
22:18890809:A:C
22:18891211:C:G
22:18891230:C:T
22:18891306:C:T
22:18891398:A:G
22:18892211:A:G
22:18893631:C:T
22:18894001:C:CGCGGGCGGG
22:18894058:C:G
22:18895153:C:G
22:18895875:A:T
22:18896087:C:T
22:18896362:C:T
22:18896464:C:T
22:18896529:C:T
22:18896530:A:C
22:18896594:A:T
22:18896605:C:T
22:18897292:A:G
22:18897795:A:G
22:18899484:A:G
22:18900669:A:G
22:18900750:A:G
22:18901004:C:T
22:18901290:A:G
22:18902700:A:G
22:18902729:C:T
22:18905606:C:G
22:18905624:A:G
22:18905977:C:T
22:18905978:A:G
22:18906360:C:T
22:18906491:G:T
22:18906522:C:T
22:18906630:C:T
22:18906655:C:T
22:18906805:C:T
22:18907124:A:G
22:18907405:G:T
22:18907855:A:G
22:18908417:C:T
22:18908641:C:T
22:18908684:C:T
22:18908875:A:G
22:18909151:G:T
22:18909155:G:GA
22:18910355:G:T
22:18910545:C:T
22:18910828:G:T
22:18910844:A:G
22:18911733:C:T
22:18911771:C:T
22:18912429:A:G
22:18912677:C:T
22:18912779:C:T
22:18912852:C:T
22:18913277:C:G
22:18913312:A:G
22:18915282:C:T
22:18915347:C:T
22:18916180:C:T
22:18916756:A:C
22:18917104:A:G
22:18917621:A:T
22:18917748:C:T
22:18917886:C:T
22:18918005:C:G
22:18918008:C:G
22:18918014:A:G
22:18918080:C:G
22:18918208:C:T
22:18918218:A:G
22:18918267:C:T
22:18918430:C:T
22:18918760:C:T
22:18918825:C:T
22:18921297:C:G
22:18923383:C:T
22:18923987:C:G
22:18924956:G:T
22:18931536:A:G
22:18935759:A:G
22:18936589:C:CT
22:18938190:A:G
22:18938193:C:T
22:18939839:A:G
22:18942060:C:T
22:18946008:C:T
22:18946337:C:T
22:18947667:C:T
22:18948890:A:G
22:18949770:C:G
22:18950314:A:AT
22:18950714:C:G
22:18950773:G:T
22:18951088:A:G
22:18951545:C:T
22:18951696:C:T
22:18952236:C:G
22:18952470:C:T
22:18952799:A:C
22:18953106:A:G
22:18953329:C:T
22:18954289:C:T
22:18954862:A:C
22:18954995:A:G
22:18955957:A:T
22:18956532:C:G
22:18956825:G:T
22:18957129:C:T
22:18957376:A:G
22:18957593:C:T
22:18957712:A:G
22:18957789:C:G
22:18958674:C:G
22:18959169:A:G
22:18959580:C:G
22:18959581:C:T
22:18959813:C:T
22:18960145:A:G
22:18960645:C:T
22:18960807:C:T
22:18961151:C:T
22:18961782:A:G
22:18961918:C:T
22:18964545:C:CTT
22:18964791:C:G
22:18965418:C:T
22:18965628:C:T
22:18966001:A:C
22:18966136:C:T
22:18966137:C:G
22:18966512:A:C
22:18966859:A:G
22:18966904:G:T
22:18967288:A:T
22:18967371:A:G
22:18967582:C:G
22:18967927:C:T
22:18968201:A:G
22:18968995:C:CT
22:18969578:T:TA
22:18969664:A:G
22:18969794:A:C
22:18970050:C:T
22:18970193:C:T
22:18970215:C:T
22:18970261:A:G
22:18970403:C:T
22:18970915:C:T
22:18971065:C:T
22:18971224:A:G
22:18971254:A:T
22:18971275:A:G
22:18971748:C:T
22:18971793:A:G
22:18971892:C:CTT
22:18971946:A:G
22:18972047:A:G
22:18972055:A:G
22:18972331:A:G
22:18972425:C:T
22:18973030:C:T
22:18973174:C:CAA
22:18973471:C:T
22:18973688:A:G
22:18973977:C:T
22:18974328:A:G
22:18974332:C:T
22:18974698:C:T
22:18974724:C:T
22:18974973:C:T
22:18974986:A:G
22:18975139:A:ATAAT
22:18975216:A:AG
22:18975345:A:C
22:18975446:C:G
22:18975458:A:G
22:18975504:A:C
22:18975587:A:G
22:18975822:A:G
22:18975873:T:TAAAAAATAC
22:18976026:C:CA
22:18976479:C:G
22:18976508:A:G
22:18976603:A:G
22:18976882:C:CA
22:18977062:C:CTTTTTTTTGTTTGT
22:18977071:G:T
22:18977075:G:T
22:18977161:A:G
22:18977395:C:T
22:18977440:A:G
22:18977442:C:T
22:18977790:G:T
22:18978681:C:T
22:18978899:C:T
22:18979268:A:G
22:18979405:A:C
22:18980443:C:T
22:18980791:A:G
22:18981291:C:T
22:18981486:C:G
22:18981563:C:T
22:18981714:A:G
22:18982823:C:T
22:18983632:A:C
22:18984086:C:CAT
22:18984214:A:G
22:18984838:C:G
22:18988552:A:T
22:18988828:A:G
22:18988830:C:T
22:18989020:A:G
22:18989198:A:C
22:18990128:A:C
22:18991377:G:T
22:18992121:C:T
22:18993128:C:T
22:18994093:C:T
22:18995430:G:T
22:18995549:C:T
22:18996226:C:T
22:18996565:A:G
22:18997367:C:T
22:18997998:A:G
22:18998214:T:TTG
22:18998458:G:T
22:18999409:C:CA
22:18999908:T:TG
22:19000061:A:G
22:19001487:T:TA
22:19001841:C:T
22:19002009:G:T
22:19002159:C:T
22:19002531:A:G
22:19003011:C:T
22:19003938:C:T
22:19004501:A:G
22:19004772:C:G
22:19006206:A:G
22:19006215:G:T
22:19006245:C:G
22:19006246:A:G
22:19006750:C:T
22:19008025:A:G
22:19008108:G:T
22:19008510:G:T
22:19008612:C:CG
22:19008872:C:T
22:19008901:A:T
22:19008902:A:G
22:19009167:C:T
22:19009311:A:T
22:19009723:A:C
22:19009764:C:CAAA
22:19009804:C:T
22:19009831:A:G
22:19009852:C:CT
22:19010082:A:G
22:19010149:C:T
22:19010196:G:GT
22:19010631:C:T
22:19010710:A:G
22:19010767:T:TG
22:19010852:C:T
22:19011038:A:AC
22:19011095:A:G
22:19011358:G:T
22:19011853:C:T
22:19011879:T:TG
22:19012000:C:T
22:19012044:G:T
22:19012302:C:G
22:19012324:C:T
22:19012511:A:G
22:19012643:A:G
22:19012751:A:G
22:19012855:C:G
22:19014309:A:G
22:19014324:C:T
22:19014355:C:T
22:19014382:A:G
22:19014508:C:G
22:19014523:A:G
22:19014545:A:G
22:19014613:C:T
22:19014649:A:G
22:19015246:C:CA
22:19015249:A:C
22:19016015:T:TG
22:19016388:A:AAAAAC
22:19016663:G:T
22:19016762:G:T
22:19017046:C:T
22:19017093:A:G
22:19017963:A:G
22:19018500:C:G
22:19018980:A:G
22:19018986:C:T
22:19019317:A:G
22:19019578:C:G
22:19019645:A:G
22:19019778:C:T
22:19020302:C:T
22:19021416:C:T
22:19021819:A:G
22:19022378:A:AGGCGAGCATGATGCCAGG
22:19022580:C:G
22:19022778:C:T
22:19023441:C:T
22:19023639:A:G
22:19024651:C:T
22:19024975:C:CT
22:19025381:C:T
22:19025766:C:T
22:19025897:C:T
22:19026025:A:G
22:19026613:A:G
22:19026877:A:C
22:19027129:C:T
22:19027582:A:G
22:19028242:C:CACT
22:19028320:C:G
22:19028476:C:T
22:19028480:C:T
22:19030007:A:G
22:19030113:A:G
22:19030336:A:G
22:19030348:C:T
22:19030494:A:ACT
22:19030722:A:G
22:19031108:A:G
22:19031614:C:T
22:19031818:C:T
22:19032215:A:G
22:19032444:C:T
22:19032509:G:GT
22:19032878:T:TAAAC
22:19032965:C:T
22:19033407:A:T
22:19033443:A:G
22:19033532:C:T
22:19033747:A:AT
22:19033768:C:G
22:19034240:A:G
22:19034829:A:G
22:19034833:C:T
22:19034986:A:G
22:19035072:A:G
22:19035697:C:T
22:19035723:A:G
22:19036232:A:G
22:19036479:C:T
22:19036739:C:G
22:19036754:A:G
22:19037339:C:CAA
22:19037535:C:T
22:19037734:A:G
22:19038847:C:T
22:19039491:A:G
22:19039706:G:T
22:19039758:A:G
22:19039794:T:TG
22:19039927:T:TCACA
22:19040122:C:CA
22:19040157:A:G
22:19040409:C:T
22:19040446:C:T
22:19040775:A:G
22:19040808:A:T
22:19040878:A:G
22:19041699:A:G
22:19041740:G:GT
22:19041896:A:C
22:19042542:C:T
22:19042822:A:G
22:19045274:C:CCTGT
22:19045628:G:GCT
22:19045784:A:G
22:19045932:A:T
22:19046009:A:G
22:19046943:A:T
22:19047207:C:G
22:19047369:A:C
22:19047579:C:T
22:19047776:A:C
22:19048413:A:G
22:19048436:A:G
22:19048449:A:G
22:19048688:C:G
22:19049278:C:T
22:19049602:G:T
22:19049657:C:T
22:19049871:A:G
22:19050007:C:T
22:19050010:A:G
22:19050110:A:G
22:19050599:T:TCCATGTC
22:19050635:A:G
22:19050878:A:G
22:19051008:A:C
22:19051362:A:G
22:19051381:C:T
22:19052189:C:T
22:19052972:C:T
22:19053016:A:G
22:19053290:C:G
22:19053406:G:T
22:19054036:C:T
22:19054293:C:T
22:19055021:G:T
22:19055459:A:G
22:19055542:C:T
22:19056019:A:C
22:19056576:C:T
22:19056915:A:G
22:19056979:C:T
22:19057188:A:G
22:19057723:A:G
22:19057790:A:G
22:19057859:C:T
22:19057886:C:T
22:19058547:C:T
22:19058752:A:G
22:19059053:C:T
22:19059278:C:T
22:19060412:A:T
22:19060796:C:CAT
22:19061330:C:T
22:19061925:G:GA
22:19062254:C:T
22:19062353:A:G
22:19062885:A:G
22:19063076:A:G
22:19063144:C:T
22:19063304:C:T
22:19063374:A:G
22:19063634:A:G
22:19063654:T:TTTTTA
22:19063704:C:T
22:19064520:A:G
22:19064840:A:G
22:19064971:A:T
22:19065006:C:T
22:19065099:C:T
22:19065109:A:G
22:19065345:C:CT
22:19065430:C:G
22:19067871:C:T
22:19068227:C:T
22:19069022:A:T
22:19069493:C:T
22:19069567:G:GGTT
22:19069568:G:T
22:19069697:G:GACT
22:19069942:A:G
22:19070343:C:T
22:19070433:C:T
22:19070439:A:G
22:19070732:C:T
22:19071377:A:G
22:19071514:C:T
22:19071690:A:G
22:19071694:A:G
22:19071917:C:G
22:19071989:C:T
22:19072207:C:T
22:19072217:A:G
22:19072247:A:G
22:19072482:C:T
22:19072483:A:G
22:19072896:C:G
22:19073087:C:T
22:19073612:A:G
22:19073763:A:G
22:19073924:A:G
22:19074201:A:G
22:19074594:A:G
22:19074753:C:T
22:19077445:C:T
22:19077594:C:T
22:19077624:C:T
22:19077927:C:T
22:19078324:G:GA
22:19078409:C:T
22:19078521:A:G
22:19078607:A:C
22:19078675:A:C
22:19078762:C:T
22:19079058:A:G
22:19079241:A:G
22:19079608:A:C
22:19079800:C:G
22:19079856:T:TA
22:19080150:A:G
22:19080300:C:T
22:19080501:A:AAGAAG
22:19080674:A:G
22:19080899:A:C
22:19081239:A:G
22:19081520:T:TA
22:19081530:T:TAATA
22:19081810:A:G
22:19081936:T:TCAA
22:19082346:C:T
22:19082535:C:T
22:19082736:A:G
22:19082956:C:T
22:19082991:A:G
22:19083107:C:G
22:19083153:A:G
22:19083552:A:T
22:19083557:C:T
22:19083678:C:T
22:19084036:C:T
22:19084108:T:TA
22:19084111:A:C
22:19084145:A:G
22:19084146:A:G
22:19084411:A:C
22:19084689:A:G
22:19085202:C:T
22:19085596:A:T
22:19086183:A:G
22:19086520:C:T
22:19086904:C:G
22:19087067:A:G
22:19087257:A:G
22:19087483:T:TA
22:19087939:C:T
22:19088607:C:G
22:19088694:C:T
22:19088959:A:AAAGT
22:19089122:C:T
22:19089187:A:G
22:19090070:C:T
22:19090249:C:T
22:19090267:C:G
22:19090370:G:T
22:19091086:C:T
22:19091252:T:TAA
22:19091899:A:C
22:19091901:G:T
22:19091904:G:T
22:19091905:C:T
22:19092222:C:G
22:19092416:G:GAGA
22:19093033:C:T
22:19093085:A:G
22:19093158:A:G
22:19093439:A:G
22:19094165:C:T
22:19094327:A:T
22:19095664:A:T
22:19095688:A:G
22:19096531:A:G
22:19096673:C:T
22:19096828:C:T
22:19097437:A:G
22:19097680:C:G
22:19097839:C:T
22:19098229:A:G
22:19098259:G:T
22:19098642:A:G
22:19098966:C:T
22:19099280:C:G
22:19099373:A:T
22:19099419:A:G
22:19099552:C:G
22:19099647:A:G
22:19099720:A:G
22:19099787:T:TA
22:19099813:A:C
22:19099814:A:T
22:19099817:A:T
22:19099820:A:T
22:19099906:<CN0>:C
22:19100743:C:T
22:19100777:A:G
22:19100895:T:TA
22:19100955:A:C
22:19101551:A:G
22:19101665:A:G
22:19101978:A:G
22:19102582:C:G
22:19104186:A:T
22:19104324:C:T
22:19104467:G:GATCACCTCCC
22:19104535:G:T
22:19104787:A:G
22:19104877:G:T
22:19104926:C:G
22:19104950:C:G
22:19105273:C:T
22:19105779:C:G
22:19105966:G:T
22:19106120:A:C
22:19107437:A:G
22:19107596:A:G
22:19108098:G:T
22:19108548:C:T
22:19109609:A:C
22:19109753:A:G
22:19109764:A:G
22:19109812:A:G
22:19109955:A:G
22:19110409:A:G
22:19110574:C:CTGTA
22:19111537:C:T
22:19111560:A:C
22:19112360:A:AG
22:19112485:A:G
22:19113015:C:T
22:19113028:A:G
22:19113288:A:G
22:19113477:C:T
22:19113860:A:C
22:19114540:A:G
22:19114826:C:T
22:19115656:A:G
22:19115850:G:T
22:19116351:A:G
22:19116501:A:T
22:19116824:C:T
22:19116887:A:T
22:19117267:C:T
22:19118701:C:T
22:19119545:C:T
22:19119686:C:T
22:19119751:C:T
22:19119938:A:G
22:19120867:C:T
22:19120959:A:C
22:19121553:C:T
22:19121872:A:G
22:19122498:C:T
22:19122665:C:T
22:19122945:A:G
22:19123075:C:T
22:19123579:A:G
22:19123952:C:T
22:19124375:C:T
22:19124546:C:G
22:19125136:A:G
22:19125383:A:C
22:19126631:C:T
22:19128169:A:G
22:19128291:C:T
22:19128559:C:T
22:19128757:C:T
22:19129672:A:G
22:19129821:A:G
22:19130860:A:G
22:19132380:A:T
22:19132385:A:G
22:19132781:G:T
22:19132849:A:T
22:19132869:A:G
22:19133104:A:C
22:19133331:A:T
22:19133373:T:TA
22:19133605:A:G
22:19133916:C:T
22:19134022:A:G
22:19134083:C:T
22:19134159:C:T
22:19134301:A:G
22:19135180:A:G
22:19135212:A:C
22:19135603:A:G
22:19136203:A:G
22:19136722:A:G
22:19136913:C:G
22:19137658:A:G
22:19137949:C:G
22:19138172:C:G
22:19138257:C:T
22:19138442:C:T
22:19140990:C:T
22:19141162:G:T
22:19141314:C:T
22:19141529:A:G
22:19141678:C:T
22:19141730:A:G
22:19141945:A:G
22:19142158:C:T
22:19142587:A:T
22:19142591:A:G
22:19142990:C:T
22:19143047:A:C
22:19143173:C:T
22:19144095:A:G
22:19144138:A:G
22:19144157:C:CT
22:19144298:C:T
22:19144309:A:T
22:19144416:C:T
22:19144448:C:T
22:19144563:G:T
22:19144588:C:CT
22:19144720:C:T
22:19144797:C:T
22:19144799:C:T
22:19144977:C:T
22:19145050:A:G
22:19145323:A:G
22:19146102:C:T
22:19146322:C:G
22:19146501:G:T
22:19146597:C:T
22:19146705:A:C
22:19146835:A:G
22:19146873:A:G
22:19146900:A:G
22:19147260:A:G
22:19147319:C:T
22:19148244:C:T
22:19148480:C:T
22:19148482:C:T
22:19148561:A:G
22:19148751:A:G
22:19149521:A:G
22:19149580:A:G
22:19149777:A:G
22:19149846:C:G
22:19149905:C:T
22:19150229:G:T
22:19150281:A:C
22:19150491:A:G
22:19150846:A:T
22:19151183:T:TC
22:19152094:C:T
22:19152772:A:C
22:19152942:C:T
22:19153656:C:T
22:19153893:C:G
22:19154522:C:T
22:19154608:A:C
22:19155662:A:G
22:19155975:A:G
22:19155992:A:C
22:19156117:C:T
22:19156543:A:G
22:19156708:C:G
22:19157819:C:G
22:19158116:A:G
22:19158593:A:C
22:19158722:A:G
22:19158724:C:T
22:19158756:C:G
22:19159015:C:T
22:19160297:C:T
22:19160307:G:T
22:19160546:A:G
22:19160566:C:T
22:19160899:A:G
22:19161935:C:T
22:19162276:C:T
22:19162326:A:G
22:19162686:A:G
22:19163395:A:AGGCACAGGGTTCACAGTAAGCA
22:19164295:C:T
22:19165216:A:G
22:19165478:A:G
22:19165997:A:G
22:19166263:A:G
22:19166680:A:G
22:19166717:G:T
22:19166731:G:GC
22:19167385:A:C
22:19167801:C:T
22:19168087:A:G
22:19168616:C:T
22:19169332:C:T
22:19169798:C:T
22:19171345:C:T
22:19172006:C:T
22:19172321:G:T
22:19172939:C:T
22:19173030:A:G
22:19173350:A:G
22:19174125:T:TA
22:19174524:A:G
22:19174597:C:T
22:19174852:C:CCAAA
22:19179367:C:T
22:19179601:A:G
22:19179785:A:G
22:19180573:C:T
22:19180589:A:G
22:19180640:A:G
22:19180654:A:ACT
22:19180973:C:T
22:19181186:A:G
22:19181319:C:G
22:19181473:A:G
22:19181557:C:T
22:19182585:C:T
22:19182874:C:T
22:19182934:C:T
22:19183051:A:AAGTT
22:19183157:C:CT
22:19183159:G:T
22:19183470:A:G
22:19183787:A:G
22:19184095:C:T
22:19184244:C:T
22:19185056:A:G
22:19185606:C:T
22:19185736:A:G
22:19187009:A:G
22:19187427:C:G
22:19188078:A:G
22:19188775:C:T
22:19189027:C:T
22:19189034:A:ACT
22:19189667:G:T
22:19189706:C:T
22:19190143:C:T
22:19191503:C:T
22:19191725:C:T
22:19192601:T:TA
22:19192905:A:T
22:19193263:C:T
22:19193439:G:GT
22:19194661:A:G
22:19194868:C:T
22:19195296:C:T
22:19195680:C:T
22:19196112:A:C
22:19196673:C:CA
22:19196680:A:C
22:19196728:A:G
22:19196892:A:G
22:19197674:A:G
22:19197896:C:T
22:19197949:A:G
22:19199326:C:T
22:19199906:C:CA
22:19200814:T:TA
22:19201254:C:CG
22:19201916:C:T
22:19203078:A:G
22:19204210:A:C
22:19204392:C:G
22:19204478:A:G
22:19204851:C:T
22:19204895:A:T
22:19204897:A:G
22:19205043:G:T
22:19205214:A:G
22:19205572:C:T
22:19205826:A:T
22:19207208:G:T
22:19207763:C:G
22:19207844:C:T
22:19208193:A:G
22:19208500:C:T
22:19209167:A:G
22:19209682:A:G
22:19210740:C:T
22:19211665:C:T
22:19212655:G:T
22:19212708:C:T
22:19212947:C:T
22:19214071:A:AG
22:19214636:C:G
22:19215039:C:T
22:19215560:C:T
22:19215700:A:G
22:19215787:C:T
22:19215836:C:T
22:19215860:A:G
22:19217041:C:T
22:19217197:C:G
22:19217306:C:CCA
22:19217764:C:T
22:19219881:C:G
22:19219980:C:T
22:19221406:G:T
22:19222453:A:AT
22:19222721:C:T
22:19223352:C:T
22:19223579:A:C
22:19224115:C:T
22:19225650:C:T
22:19226260:A:G
22:19226623:C:T
22:19226767:C:T
22:19227706:C:T
22:19228083:G:T
22:19228736:C:T
22:19228943:A:G
22:19229517:G:GT
22:19230084:T:TG
22:19230194:C:T
22:19230625:G:T
22:19231365:C:T
22:19232466:A:G
22:19233577:A:G
22:19233615:C:T
22:19233739:C:T
22:19233875:A:G
22:19235363:C:T
22:19235618:A:G
22:19235804:A:G
22:19236020:A:G
22:19236489:C:T
22:19238078:C:CT
22:19238431:A:G
22:19238555:A:G
22:19238834:A:T
22:19239984:A:G
22:19240007:G:T
22:19240861:C:T
22:19241014:A:C
22:19241841:C:T
22:19242361:A:G
22:19243325:C:T
22:19244130:C:T
22:19244161:A:G
22:19244338:C:T
22:19245309:C:T
22:19245574:C:T
22:19247034:C:T
22:19247153:A:T
22:19247995:C:G
22:19248025:A:G
22:19248059:A:G
22:19248278:A:G
22:19248551:A:T
22:19248587:C:T
22:19248638:A:AT
22:19248857:C:T
22:19248922:C:T
22:19249401:C:T
22:19250782:A:ATT
22:19251023:C:T
22:19251040:C:T
22:19251792:C:T
22:19252270:A:C
22:19252387:C:T
22:19252419:C:G
22:19252527:G:T
22:19252608:A:G
22:19252822:A:G
22:19253274:C:T
22:19253332:A:G
22:19253507:A:C
22:19253627:A:AACTTCTGGTCCCAAGTGATCCT
22:19253684:A:G
22:19253899:A:T
22:19255856:A:C
22:19256056:C:CA
22:19256545:A:G
22:19256579:C:T
22:19256659:C:T
22:19256751:C:T
22:19256781:A:G
22:19256879:C:T
22:19256905:C:T
22:19256971:C:G
22:19257155:A:G
22:19258082:C:T
22:19258091:A:C
22:19258143:A:G
22:19258364:C:T
22:19258383:C:G
22:19259184:C:G
22:19259354:G:T
22:19259526:A:G
22:19259781:A:T
22:19259784:A:G
22:19260577:A:C
22:19260877:T:TC
22:19261245:A:G
22:19262039:A:G
22:19262458:C:T
22:19262852:C:T
22:19263083:C:T
22:19263451:A:AAAGTTAACATTAGGTAAACACT
22:19263539:T:TC
22:19263542:A:T
22:19263543:A:T
22:19263544:G:GA
22:19263547:A:G
22:19263698:C:T
22:19263906:A:G
22:19265799:C:T
22:19266865:A:G
22:19267923:A:G
22:19268024:A:G
22:19268178:C:T
22:19268649:T:TA
22:19268686:C:T
22:19268873:C:T
22:19269808:C:T
22:19270411:A:T
22:19271831:C:T
22:19272539:C:T
22:19272690:C:T
22:19272806:A:G
22:19273165:C:T
22:19273227:A:G
22:19273370:C:G
22:19273902:A:G
22:19273966:A:AC
22:19274261:C:T
22:19275606:C:G
22:19275951:A:G
22:19278954:A:C
22:19279194:G:T
22:19279221:C:G
22:19279558:C:T
22:19279641:A:C
22:19279806:C:G
22:19280403:G:T
22:19280889:A:C
22:19280892:C:T
22:19281255:C:G
22:19281411:C:T
22:19281417:C:T
22:19281418:C:T
22:19281759:C:T
22:19281980:A:G
22:19282228:A:G
22:19282232:C:T
22:19282854:G:T
22:19283478:A:G
22:19283871:A:T
22:19284517:C:T
22:19284832:C:T
22:19285361:G:T
22:19285497:A:G
22:19285816:A:G
22:19286470:C:T
22:19286556:G:GT
22:19287227:C:T
22:19287412:A:AT
22:19287862:A:G
22:19288155:C:T
22:19289446:A:G
22:19290060:C:G
22:19290969:G:T
22:19291126:A:AGTCTCGCTTT
22:19291599:A:AT
22:19291967:C:T
22:19292026:C:T
22:19292103:A:G
22:19292446:G:T
22:19293643:A:G
22:19293656:C:CA
22:19293768:C:G
22:19294533:C:T
22:19294578:C:G
22:19295342:C:T
22:19295539:A:ATG
22:19296235:A:G
22:19297183:C:CTT
22:19297492:A:G
22:19297707:A:G
22:19297793:G:GT
22:19298208:C:G
22:19298771:G:T
22:19298853:A:G
22:19299376:C:T
22:19299453:A:G
22:19299579:C:G
22:19299697:A:T
22:19299703:A:G
22:19302495:T:TA
22:19302579:C:T
22:19304034:C:T
22:19304596:A:G
22:19305002:A:G
22:19305289:C:T
22:19306186:C:G
22:19306667:A:G
22:19308181:C:T
22:19309694:C:T
22:19310505:A:AAGAC
22:19310590:A:C
22:19310812:C:T
22:19312061:C:T
22:19312361:C:T
22:19312616:A:C
22:19314032:C:T
22:19316120:A:G
22:19316565:A:G
22:19316572:A:AT
22:19316639:A:G
22:19317397:C:T
22:19317830:C:T
22:19319763:C:T
22:19320557:A:G
22:19321749:C:T
22:19322239:C:G
22:19322421:G:T
22:19322469:G:GT
22:19323262:A:G
22:19324997:A:T
22:19325308:A:G
22:19327938:C:T
22:19329275:A:C
22:19329351:A:G
22:19334161:G:T
22:19334923:C:T
22:19335449:A:G
22:19336023:A:AT
22:19336082:A:G
22:19342188:C:T
22:19342293:A:AT
22:19342548:C:T
22:19345330:A:C
22:19347428:G:T
22:19348199:A:G
22:19350614:A:G
22:19350830:C:CAA
22:19353360:C:T
22:19354891:A:ATT
22:19359314:A:T
22:19360094:A:AT
22:19361651:C:T
22:19362142:C:T
22:19362618:G:T
22:19364630:C:T
22:19365286:C:T
22:19367499:C:T
22:19370915:A:G
22:19372656:C:T
22:19372712:C:T
22:19373861:A:C
22:19373914:A:G
22:19374293:C:G
22:19376124:C:T
22:19376567:A:G
22:19377147:A:G
22:19378110:A:G
22:19379555:G:T
22:19380635:A:G
22:19382466:C:G
22:19382851:C:T
22:19386023:C:T
22:19386633:C:T
22:19387632:C:T
22:19389023:A:G
22:19390804:C:T
22:19397149:A:G
22:19397385:A:G
22:19397948:C:T
22:19398652:C:G
22:19398837:C:T
22:19400094:C:T
22:19404701:C:T
22:19405994:A:G
22:19406114:C:CACCA
22:19406115:C:T
22:19406116:A:G
22:19407955:C:T
22:19408160:A:C
22:19411049:C:T
22:19411438:A:G
22:19413706:C:T
22:19414133:A:G
22:19414354:C:T
22:19414864:C:T
22:19416233:A:G
22:19419005:G:GGCC
22:19419677:A:G
22:19419851:A:C
22:19420109:C:T
22:19420563:C:T
22:19420959:C:T
22:19421242:C:T
22:19421293:C:CT
22:19421989:A:G
22:19422879:A:G
22:19424440:C:T
22:19425109:A:AT
22:19425515:C:CA
22:19426166:G:T
22:19428077:A:G
22:19428145:G:T
22:19428511:A:G
22:19429515:C:T
22:19430472:C:T
22:19431038:A:G
22:19431396:C:T
22:19431485:A:G
22:19432456:A:G
22:19434215:C:T
22:19435962:C:CAG
22:19436092:A:AT
22:19439441:A:G
22:19440597:A:G
22:19441742:C:T
22:19442013:C:T
22:19443859:T:TA
22:19443931:G:T
22:19445054:A:G
22:19445195:C:G
22:19447182:C:T
22:19447758:A:G
22:19448163:A:AC
22:19448563:A:G
22:19449473:G:T
22:19449483:A:T
22:19449571:A:G
22:19451186:A:C
22:19451265:A:G
22:19451268:C:G
22:19452030:C:G
22:19453275:A:G
22:19453727:C:G
22:19455376:C:T
22:19455605:A:G
22:19455871:A:C
22:19457743:C:T
22:19457755:A:G
22:19457970:G:GT
22:19458224:C:T
22:19458412:A:G
22:19459157:A:G
22:19460146:A:T
22:19460666:C:G
22:19461105:A:G
22:19461845:A:G
22:19462243:C:T
22:19462466:C:G
22:19463454:C:T
22:19466349:G:T
22:19466757:A:AG
22:19466886:C:T
22:19467297:C:G
22:19467717:C:T
22:19471609:A:G
22:19472459:G:GT
22:19472843:G:T
22:19473425:A:C
22:19479104:A:T
22:19479695:C:T
22:19480960:G:T
22:19484167:A:G
22:19486074:C:G
22:19489331:C:G
22:19491379:A:G
22:19492173:G:T
22:19493201:A:G
22:19493253:C:G
22:19493311:C:G
22:19493780:A:G
22:19494413:C:T
22:19494693:C:T
22:19496882:A:G
22:19499829:A:G
22:19501363:C:T
22:19501375:C:T
22:19501726:A:G
22:19503274:C:G
22:19506476:C:T
22:19506560:A:T
22:19506880:A:G
22:19507147:A:AT
22:19508290:A:G
22:19509519:C:T
22:19510872:C:T
22:19511055:A:C
22:19513693:C:T
22:19514013:A:G
22:19514251:A:G
22:19517470:G:T
22:19517490:C:T
22:19518159:C:G
22:19520423:G:T
22:19521298:A:G
22:19522086:G:GT
22:19522164:A:G
22:19522268:A:C
22:19522360:A:G
22:19522367:A:C
22:19522510:G:T
22:19522899:T:TA
22:19523192:G:T
22:19523634:A:T
22:19523796:A:G
22:19524527:A:C
22:19524902:C:T
22:19526626:C:T
22:19527561:A:AAAG
22:19527922:G:T
22:19528051:C:T
22:19528189:C:T
22:19528458:A:C
22:19529495:T:TCAA
22:19529625:A:C
22:19531079:A:G
22:19531135:A:C
22:19531902:C:T
22:19532704:C:T
22:19532713:T:TA
22:19534079:A:G
22:19534856:A:C
22:19535132:A:G
22:19535183:C:CTTT
22:19535630:A:ATT
22:19535729:C:G
22:19535753:C:G
22:19536249:A:G
22:19536559:C:G
22:19537262:C:T
22:19537472:C:G
22:19538479:A:T
22:19538809:C:T
22:19538843:A:G
22:19540361:A:G
22:19540684:A:G
22:19541024:A:G
22:19543952:C:T
22:19545002:A:G
22:19545091:A:G
22:19545130:A:T
22:19545332:A:T
22:19546271:G:T
22:19546291:C:T
22:19546508:C:T
22:19547879:A:G
22:19548079:A:G
22:19549138:A:G
22:19549170:C:T
22:19549743:C:T
22:19550466:C:T
22:19551162:A:G
22:19551625:G:GTCTA
22:19551655:A:G
22:19552452:A:G
22:19552995:C:T
22:19553046:C:T
22:19554319:G:T
22:19555592:C:G
22:19555957:C:G
22:19556893:A:G
22:19557777:A:G
22:19558246:A:G
22:19558251:A:G
22:19558447:A:C
22:19558475:A:G
22:19558499:A:T
22:19559290:A:G
22:19559303:A:G
22:19559409:C:T
22:19559628:A:G
22:19560492:A:G
22:19561288:A:G
22:19561322:A:G
22:19561423:A:G
22:19561712:G:T
22:19562071:A:G
22:19562304:C:CT
22:19562492:A:T
22:19562795:A:G
22:19562836:A:G
22:19563347:C:T
22:19563796:C:CA
22:19563986:T:TA
22:19564038:C:G
22:19564559:A:G
22:19564657:A:G
22:19564785:C:T
22:19565850:A:T
22:19566979:A:T
22:19567149:A:G
22:19567776:C:T
22:19567818:C:T
22:19567904:C:T
22:19568180:T:TAGAC
22:19568533:C:T
22:19568746:C:T
22:19569504:A:G
22:19569691:C:T
22:19569778:A:G
22:19569848:C:T
22:19570552:C:T
22:19570570:A:C
22:19570738:C:T
22:19570882:G:GA
22:19571194:C:T
22:19571198:G:T
22:19571439:C:G
22:19571471:C:G
22:19571472:A:G
22:19571605:C:T
22:19571624:<CN0>:C
22:19572199:C:T
22:19573349:C:CT
22:19573409:C:G
22:19573425:A:G
22:19573449:T:TC
22:19573811:A:AG
22:19573874:A:G
22:19573972:A:G
22:19574076:A:G
22:19574091:C:T
22:19574110:G:T
22:19574188:A:G
22:19574258:C:CAAAAAACAAAAAA
22:19574278:A:C
22:19574286:A:AAAACAG
22:19574292:A:G
22:19574488:A:G
22:19574607:A:G
22:19574661:C:T
22:19574741:A:G
22:19574758:C:T
22:19574877:C:T
22:19574881:C:G
22:19575131:A:C
22:19575167:A:G
22:19575201:C:T
22:19575446:A:G
22:19575447:C:T
22:19575448:T:TAC
22:19575577:A:G
22:19575600:C:T
22:19575736:A:G
22:19575868:C:T
22:19575953:A:G
22:19576053:C:T
22:19576241:C:T
22:19576329:C:T
22:19576376:A:G
22:19576380:C:T
22:19576382:C:T
22:19576387:C:T
22:19576388:C:T
22:19576436:C:T
22:19576595:A:T
22:19576778:A:C
22:19577100:A:G
22:19577140:G:T
22:19577244:A:G
22:19577278:A:G
22:19577407:A:C
22:19577517:C:G
22:19578864:A:G
22:19579806:C:T
22:19580033:C:T
22:19580050:A:G
22:19580185:A:C
22:19580943:A:C
22:19581107:C:T
22:19581331:C:T
22:19581830:A:G
22:19581946:G:T
22:19581999:C:T
22:19582021:G:T
22:19582029:A:C
22:19582036:A:G
22:19582066:C:T
22:19582403:A:G
22:19582410:C:T
22:19582520:A:G
22:19582604:A:G
22:19582961:A:G
22:19583025:A:G
22:19583106:C:G
22:19583702:C:G
22:19583703:C:T
22:19583765:A:G
22:19584478:C:T
22:19584672:A:G
22:19585224:A:G
22:19587398:C:G
22:19587515:A:G
22:19587877:C:T
22:19587988:C:T
22:19588076:C:T
22:19588253:C:CA
22:19588278:A:AAAAAAAAAG
22:19588292:A:AAAAAG
22:19588320:A:C
22:19588779:C:T
22:19588837:C:T
22:19588845:C:T
22:19588889:C:G
22:19588921:C:T
22:19588926:A:G
22:19589021:A:C
22:19589055:C:T
22:19589263:A:G
22:19589356:A:G
22:19589411:T:TG
22:19589417:G:T
22:19589925:C:T
22:19590286:C:T
22:19590463:C:T
22:19590977:C:T
22:19591032:C:T
22:19591831:A:C
22:19593156:C:T
22:19593344:A:G
22:19593434:C:G
22:19593441:G:T
22:19593854:A:C
22:19594254:C:T
22:19594614:G:T
22:19596008:C:G
22:19596634:A:T
22:19597005:G:T
22:19597034:A:G
22:19597186:A:C
22:19597290:C:T
22:19597771:C:T
22:19597853:C:CA
22:19598420:C:T
22:19598694:C:T
22:19600215:C:T
22:19600430:C:T
22:19600574:A:G
22:19600937:C:T
22:19601238:C:T
22:19601429:A:G
22:19601660:C:T
22:19601904:A:C
22:19602231:C:G
22:19602500:G:GA
22:19602512:A:G
22:19603003:C:T
22:19603205:A:G
22:19603367:C:T
22:19605346:C:T
22:19605809:C:T
22:19608051:A:G
22:19608657:A:G
22:19609764:C:T
22:19609872:C:G
22:19609935:C:T
22:19609943:A:G
22:19609993:C:G
22:19610555:G:T
22:19610682:A:G
22:19612159:A:G
22:19612568:A:G
22:19612717:C:CA
22:19613054:A:C
22:19613784:A:G
22:19615158:A:T
22:19615209:C:T
22:19615274:C:T
22:19615400:C:G
22:19615902:G:T
22:19616217:C:T
22:19616331:C:T
22:19616341:A:G
22:19616349:G:GT
22:19616680:A:G
22:19617090:A:T
22:19617106:A:G
22:19617637:C:G
22:19617746:C:T
22:19618257:G:T
22:19618533:C:T
22:19618681:G:T
22:19618805:A:G
22:19618819:G:T
22:19618852:C:T
22:19618901:A:G
22:19619745:C:T
22:19619835:A:T
22:19620033:A:G
22:19620428:C:G
22:19620982:C:T
22:19621011:C:T
22:19621254:A:G
22:19622523:A:G
22:19622603:A:G
22:19622690:C:T
22:19623003:T:TACAGCCACCATGGAAA
22:19623092:A:G
22:19623135:C:T
22:19623257:A:G
22:19623360:A:G
22:19623386:G:T
22:19623466:A:G
22:19623990:A:G
22:19624048:A:G
22:19624104:C:T
22:19626256:A:G
22:19626702:C:T
22:19627431:C:G
22:19627458:A:G
22:19627501:C:T
22:19627504:A:G
22:19627843:C:T
22:19627864:A:G
22:19627947:C:T
22:19628048:C:T
22:19628737:A:C
22:19628915:C:T
22:19629092:G:T
22:19629363:C:T
22:19629837:A:G
22:19630688:A:G
22:19631478:C:CTTG
22:19631499:C:T
22:19633178:C:CT
22:19633230:A:T
22:19633250:A:C
22:19633616:C:T
22:19633697:G:GT
22:19633785:A:C
22:19634134:A:G
22:19634204:C:T
22:19634666:C:G
22:19634877:C:T
22:19635627:A:G
22:19635683:A:T
22:19636351:A:G
22:19636574:A:T
22:19636610:T:TAC
22:19636615:A:G
22:19636998:C:T
22:19637332:A:G
22:19637536:A:C
22:19638044:C:T
22:19638296:C:T
22:19638547:C:T
22:19639288:A:T
22:19639327:G:GAA
22:19639383:A:G
22:19640216:A:ACT
22:19640218:C:T
22:19640231:A:AAAG
22:19640282:A:G
22:19640321:C:T
22:19640406:A:G
22:19640462:C:T
22:19641083:C:T
22:19642076:C:T
22:19642419:C:T
22:19642821:C:G
22:19643555:A:G
22:19643646:T:TAGAA
22:19644376:A:G
22:19644433:C:T
22:19644594:A:ATGGACAAAT
22:19645674:A:G
22:19645759:A:G
22:19645823:A:G
22:19648176:A:G
22:19648389:A:AAC
22:19648419:C:T
22:19648727:C:CA
22:19649005:A:G
22:19653002:A:T
22:19654144:G:T
22:19659099:A:G
22:19661730:C:T
22:19662524:A:G
22:19664215:C:T
22:19665133:A:G
22:19665552:A:G
22:19666138:A:G
22:19668888:A:G
22:19669020:A:T
22:19669935:T:TG
22:19670913:A:G
22:19671207:C:T
22:19671702:C:T
22:19672485:A:T
22:19673053:A:C
22:19673213:C:T
22:19673273:C:T
22:19673661:A:G
22:19674992:C:T
22:19675460:A:G
22:19675740:C:T
22:19675944:G:T
22:19676012:A:G
22:19676066:C:T
22:19676194:A:G
22:19676248:A:G
22:19676455:C:T
22:19676564:A:C
22:19676598:C:T
22:19676713:A:G
22:19677013:C:G
22:19677085:C:T
22:19677207:C:T
22:19677354:A:G
22:19677476:A:AT
22:19677687:A:G
22:19677757:A:G
22:19677839:A:G
22:19678143:A:C
22:19678358:A:G
22:19678655:C:T
22:19678836:C:T
22:19679817:C:T
22:19679989:A:C
22:19680080:C:G
22:19680169:C:T
22:19680876:A:G
22:19680882:G:GTCTT
22:19681048:C:T
22:19681239:C:T
22:19681267:C:T
22:19681285:A:G
22:19681349:A:G
22:19681422:A:C
22:19681438:A:G
22:19681522:A:G
22:19681565:A:G
22:19681595:T:TG
22:19681663:C:T
22:19681673:A:G
22:19681726:A:G
22:19681755:A:C
22:19681808:A:T
22:19681827:C:G
22:19682024:A:G
22:19682075:A:G
22:19682225:A:T
22:19682505:C:G
22:19682621:C:T
22:19682627:G:T
22:19682641:C:G
22:19682859:C:G
22:19682883:A:G
22:19683005:C:CTTTTT
22:19683220:A:G
22:19683316:C:G
22:19683382:C:G
22:19683579:C:G
22:19684006:C:T
22:19684384:A:G
22:19685004:A:C
22:19685138:A:G
22:19685221:C:T
22:19685267:A:G
22:19685318:A:G
22:19685447:A:C
22:19685795:G:GA
22:19686780:A:G
22:19686970:G:T
22:19687179:A:G
22:19687998:C:T
22:19689136:A:G
22:19689468:C:G
22:19689697:C:G
22:19689782:A:G
22:19690250:A:G
22:19690370:C:T
22:19690656:C:T
22:19691097:C:T
22:19691502:C:T
22:19692095:C:T
22:19693328:A:G
22:19694333:C:T
22:19694811:C:G
22:19696856:A:G
22:19696899:A:T
22:19696902:C:G
22:19696911:A:G
22:19696947:A:G
22:19698129:A:C
22:19699283:A:C
22:19702168:C:CTGCCCGCG
22:19702510:G:T
22:19703170:C:T
22:19714334:C:G
22:19718379:C:G
22:19720051:C:T
22:19720408:C:T
22:19720549:A:G
22:19720770:A:G
22:19721104:C:T
22:19722088:C:T
22:19722223:C:T
22:19722339:G:T
22:19723425:C:T
22:19723949:A:T
22:19724224:C:T
22:19724613:A:G
22:19724923:C:T
22:19724986:C:T
22:19725256:C:T
22:19725453:G:T
22:19727084:C:G
22:19728015:C:G
22:19728185:A:G
22:19728554:A:G
22:19729062:C:T
22:19729091:A:C
22:19729361:A:G
22:19729424:C:T
22:19733811:A:G
22:19735162:C:T
22:19735425:A:G
22:19735854:C:T
22:19735859:A:C
22:19736003:C:T
22:19737621:C:T
22:19738645:C:T
22:19744510:C:T
22:19744524:A:G
22:19747082:C:G
22:19748312:C:G
22:19753379:C:T
22:19753961:A:G
22:19757339:C:T
22:19757372:A:G
22:19757572:A:G
22:19758228:A:G
22:19758399:G:T
22:19759437:C:G
22:19762428:C:CTT
22:19762677:C:T
22:19763299:A:G
22:19763978:A:G
22:19765181:C:G
22:19765182:A:G
22:19765322:C:T
22:19765988:A:G
22:19766107:A:G
22:19766782:C:T
22:19767051:G:T
22:19767420:A:G
22:19767421:A:G
22:19767499:C:T
22:19767953:A:C
22:19768045:C:T
22:19768311:G:T
22:19768337:A:G
22:19769498:C:CTGGATCATATACATGA
22:19770886:A:G
22:19771093:A:AAAAC
22:19771190:A:G
22:19771568:A:G
22:19772757:C:T
22:19773076:C:T
22:19775043:A:G
22:19776794:A:G
22:19777359:C:CAA
22:19777457:G:T
22:19779137:G:T
22:19781823:C:T
22:19783362:A:G
22:19785006:C:T
22:19785329:C:T
22:19787309:A:G
22:19792144:A:G
22:19792660:C:CT
22:19795012:A:G
22:19795191:C:G
22:19795566:A:C
22:19796694:A:C
22:19796766:C:T
22:19797211:A:G
22:19798072:C:G
22:19798445:A:G
22:19807780:C:T
22:19810285:A:G
22:19810533:C:T
22:19810855:C:T
22:19811720:C:T
22:19812726:C:G
22:19814714:C:T
22:19817365:G:T
22:19817433:C:T
22:19818744:A:G
22:19819577:G:T
22:19819686:C:T
22:19819721:C:T
22:19820280:A:T
22:19820455:C:T
22:19821042:C:T
22:19821659:A:C
22:19822172:T:TTAAG
22:19822352:C:T
22:19824709:C:T
22:19824999:A:T
22:19825116:C:G
22:19825152:A:G
22:19825986:A:T
22:19826640:A:G
22:19828820:C:T
22:19829440:A:G
22:19833926:C:G
22:19833989:A:G
22:19835142:A:ACCATGACC
22:19836148:C:T
22:19836705:A:C
22:19836855:A:AC
22:19837275:G:T
22:19837575:C:T
22:19840196:C:G
22:19842302:C:G
22:19842310:A:G
22:19844492:A:G
22:19846257:G:T
22:19849021:A:T
22:19849953:A:T
22:19850170:G:T
22:19850397:A:G
22:19850598:A:G
22:19851164:A:G
22:19852438:A:G
22:19853406:C:T
22:19853881:A:G
22:19853937:C:T
22:19856472:A:G
22:19857207:C:T
22:19857342:A:G
22:19857896:A:G
22:19858067:A:G
22:19858175:A:C
22:19859652:A:G
22:19860846:C:T
22:19860977:A:G
22:19861161:C:T
22:19863004:A:G
22:19863142:C:T
22:19864239:C:T
22:19864335:A:G
22:19866462:C:T
22:19867914:A:C
22:19868951:C:T
22:19870147:C:T
22:19870831:C:T
22:19872009:C:T
22:19872170:G:T
22:19872645:C:T
22:19872935:A:G
22:19874209:C:T
22:19877049:A:G
22:19877432:C:CT
22:19877511:A:T
22:19878362:C:T
22:19878514:A:G
22:19878752:A:T
22:19879637:A:G
22:19879938:C:T
22:19880057:C:G
22:19880340:A:G
22:19880821:G:T
22:19882492:C:CA
22:19884383:A:G
22:19884657:C:T
22:19884869:A:G
22:19885976:C:T
22:19886797:A:G
22:19887350:A:T
22:19887844:A:G
22:19887847:A:C
22:19888101:A:G
22:19888146:A:G
22:19889635:A:G
22:19889825:G:T
22:19891698:C:T
22:19892917:A:G
22:19893080:A:G
22:19893437:T:TA
22:19894023:G:T
22:19895468:A:C
22:19895728:A:C
22:19897063:C:T
22:19897065:C:CAT
22:19897139:A:ACACACACCACT
22:19898609:C:CA
22:19898659:G:GC
22:19898837:A:G
22:19898886:C:T
22:19899886:A:G
22:19899934:C:T
22:19899977:G:T
22:19899980:C:T
22:19900075:A:G
22:19901423:C:T
22:19902324:A:G
22:19902526:C:T
22:19902671:C:T
22:19903707:C:T
22:19903733:A:G
22:19905802:A:G
22:19906256:A:G
22:19907192:A:G
22:19907346:C:T
22:19907472:C:T
22:19907483:A:G
22:19907693:A:G
22:19907794:A:G
22:19907828:C:T
22:19907920:G:T
22:19907927:A:G
22:19907999:A:G
22:19908064:C:T
22:19908354:A:G
22:19908875:A:T
22:19909285:C:G
22:19909426:A:G
22:19909977:A:G
22:19911586:C:T
22:19911619:A:G
22:19912015:C:T
22:19912630:A:G
22:19912676:A:G
22:19913093:A:G
22:19913098:A:C
22:19913488:A:G
22:19913726:A:G
22:19913741:A:G
22:19913905:C:T
22:19914236:C:G
22:19914311:A:C
22:19914508:A:AT
22:19915326:A:G
22:19915637:T:TA
22:19915680:C:T
22:19915939:A:G
22:19916513:A:AGCAAGACTCGCTT
22:19916707:A:G
22:19916818:C:G
22:19917013:C:T
22:19917340:T:TC
22:19917856:C:T
22:19919468:A:G
22:19919662:A:C
22:19920359:C:G
22:19920646:C:G
22:19921003:C:T
22:19921137:C:T
22:19921378:C:T
22:19921641:A:G
22:19921825:A:G
22:19921978:A:G
22:19922343:A:T
22:19922374:C:T
22:19922446:A:G
22:19922585:C:T
22:19923153:C:T
22:19923406:C:T
22:19923415:A:G
22:19923441:C:G
22:19924021:A:G
22:19924538:G:T
22:19924579:C:T
22:19924612:C:G
22:19924665:C:T
22:19925166:A:G
22:19925414:A:G
22:19925966:C:CACCATACACATTCA
22:19925999:C:T
22:19926004:C:T
22:19926718:T:TA
22:19927146:A:C
22:19927693:A:G
22:19928022:A:G
22:19928092:A:G
22:19928806:A:G
22:19928884:C:T
22:19929027:C:T
22:19929519:A:G
22:19929937:A:C
22:19930002:C:G
22:19930109:C:T
22:19930121:A:G
22:19930159:C:T
22:19930187:G:GC
22:19930810:C:T
22:19931054:A:G
22:19931096:C:T
22:19931173:A:T
22:19931407:C:T
22:19931668:A:G
22:19931853:C:T
22:19931932:A:G
22:19931976:C:T
22:19932095:C:T
22:19932213:C:T
22:19933048:G:T
22:19933096:G:GAA
22:19933411:A:C
22:19933687:C:T
22:19934025:A:G
22:19934051:C:T
22:19934470:A:G
22:19934636:A:G
22:19934999:C:T
22:19935071:A:G
22:19935076:A:G
22:19935148:C:T
22:19935607:G:T
22:19935643:C:T
22:19936209:A:G
22:19937533:G:T
22:19937638:G:T
22:19937717:C:CT
22:19938709:C:T
22:19938759:A:G
22:19938806:C:T
22:19939432:A:G
22:19939639:A:G
22:19939850:A:G
22:19940027:C:G
22:19940583:A:G
22:19940661:C:T
22:19941495:A:G
22:19941507:A:G
22:19941511:A:G
22:19941947:C:T
22:19942206:A:C
22:19942484:C:T
22:19942680:C:G
22:19943254:A:G
22:19944496:C:T
22:19944560:A:G
22:19944722:C:T
22:19944723:C:T
22:19945177:A:G
22:19945327:C:G
22:19945619:C:CT
22:19946098:T:TA
22:19947325:C:T
22:19947469:C:T
22:19947773:C:T
22:19948337:C:T
22:19948863:C:G
22:19949013:C:T
22:19949644:C:G
22:19949952:A:G
22:19950235:C:T
22:19950268:A:G
22:19950428:A:G
22:19950763:G:T
22:19951207:C:G
22:19951271:A:G
22:19951804:A:G
22:19951897:C:G
22:19952132:C:T
22:19952168:A:G
22:19952224:C:T
22:19952501:C:T
22:19952561:A:G
22:19953832:A:G
22:19953882:C:T
22:19953899:C:T
22:19953959:T:TAA
22:19954847:A:G
22:19954916:A:AT
22:19956885:C:T
22:19959011:A:G
22:19960140:A:G
22:19960184:C:G
22:19960198:C:G
22:19961007:C:G
22:19961101:C:T
22:19961433:C:T
22:19962671:A:C
22:19963423:C:T
22:19964000:C:T
22:19965889:C:G
22:19966320:C:T
22:19967033:A:G
22:19967226:C:T
22:19967248:C:T
22:19967980:C:T
22:19968597:C:T
22:19968971:A:G
22:19969075:A:G
22:19969696:C:T
22:19969725:A:G
22:19969947:A:C
22:19969964:G:T
22:19970502:A:G
22:19970547:G:T
22:19970583:A:G
22:19971391:C:T
22:19971552:C:T
22:19972118:A:C
22:19972365:C:T
22:19972452:C:G
22:19972559:A:G
22:19972824:C:T
22:19973205:G:T
22:19973241:C:CACA
22:19973597:C:T
22:19975444:A:G
22:19976406:A:G
22:19976510:A:C
22:19976845:A:G
22:19977647:C:T
22:19977706:A:C
22:19977840:C:T
22:19977990:C:T
22:19978074:A:T
22:19979266:A:G
22:19979933:A:C
22:19980300:C:T
22:19981694:C:T
22:19982694:A:G
22:19983111:A:C
22:19983213:C:T
22:19984013:C:T
22:19984027:A:T
22:19984203:A:G
22:19984301:C:T
22:19984612:C:G
22:19985507:A:G
22:19985744:A:G
22:19986148:C:T
22:19986309:A:G
22:19987202:G:T
22:19987406:C:G
22:19988030:C:T
22:19988245:A:G
22:19988258:G:T
22:19989612:C:G
22:19991463:C:T
22:19992015:A:G
22:19992895:T:TA
22:19994180:C:G
22:19994833:A:G
22:19995514:C:CAG
22:19995836:C:G
22:19998088:A:G
22:19998204:C:T
22:19998381:T:TC
22:19998618:C:G
22:19998963:G:T
22:19999271:C:T
22:19999486:C:T
22:19999608:C:CG
22:19999613:A:C
22:19999760:A:G
22:20000428:G:T
22:20001822:A:G
22:20002231:C:T
22:20002848:G:T
22:20003059:C:T
22:20003266:C:G
22:20003334:A:G
22:20003786:A:G
22:20004937:C:G
22:20006040:C:T
22:20006354:C:G
22:20006550:C:T
22:20006712:A:G
22:20007619:C:T
22:20008711:G:T
22:20008835:C:T
22:20010818:C:CT
22:20011159:C:T
22:20011837:C:T
22:20014032:C:G
22:20014152:A:G
22:20014404:C:T
22:20015016:C:T
22:20015391:A:G
22:20015741:C:T
22:20016492:A:G
22:20018103:C:T
22:20020073:A:G
22:20021730:A:AAC
22:20021732:A:AC
22:20021863:C:T
22:20021938:G:T
22:20025176:G:GT
22:20025767:C:T
22:20026623:A:AT
22:20026677:A:G
22:20026917:C:T
22:20028541:A:C
22:20029260:C:T
22:20029878:C:T
22:20030041:A:G
22:20030749:A:C
22:20030980:C:T
22:20031102:A:G
22:20031909:C:T
22:20031964:G:T
22:20032327:C:T
22:20032576:A:G
22:20032582:A:G
22:20032795:C:CA
22:20033022:C:CTT
22:20034314:C:T
22:20034819:C:T
22:20035264:A:C
22:20037507:C:T
22:20037517:A:G
22:20037820:C:T
22:20037891:G:T
22:20038722:G:T
22:20039867:C:T
22:20040821:T:TG
22:20041609:C:T
22:20041736:C:T
22:20042114:A:G
22:20042848:A:G
22:20043700:A:G
22:20045383:A:G
22:20045416:A:G
22:20045419:C:T
22:20045883:C:T
22:20045967:A:C
22:20046042:A:G
22:20046344:A:G
22:20046687:A:G
22:20047587:C:T
22:20047973:C:T
22:20048083:C:T
22:20048647:C:G
22:20049244:C:T
22:20049285:A:G
22:20049340:C:T
22:20049414:G:GGGCCCA
22:20049454:A:G
22:20049935:A:C
22:20050019:C:T
22:20050401:C:T
22:20051466:A:G
22:20052302:A:C
22:20052420:A:G
22:20052532:C:G
22:20052566:A:G
22:20052782:C:T
22:20052784:C:T
22:20053154:C:T
22:20053554:C:T
22:20054177:A:G
22:20054208:A:AG
22:20054458:A:C
22:20054507:A:G
22:20054946:A:C
22:20055245:T:TA
22:20056925:C:T
22:20057078:C:T
22:20057143:A:G
22:20057806:C:T
22:20058274:A:C
22:20058862:A:AT
22:20058863:A:T
22:20059763:A:G
22:20059980:C:T
22:20060023:A:T
22:20060136:C:T
22:20060724:A:G
22:20061415:C:G
22:20062294:C:T
22:20062300:A:G
22:20063424:A:G
22:20064143:C:CAGGAG
22:20064384:C:G
22:20064751:C:T
22:20064780:A:G
22:20064905:A:G
22:20065276:C:T
22:20065314:G:T
22:20065370:A:G
22:20065751:A:G
22:20065982:C:CACA
22:20066136:C:G
22:20066260:C:T
22:20066422:C:T
22:20066665:A:G
22:20066798:G:T
22:20066902:C:G
22:20067082:C:CA
22:20067232:C:G
22:20067517:G:T
22:20068086:C:G
22:20068407:C:G
22:20068496:C:T
22:20068503:G:T
22:20068556:A:C
22:20069172:A:G
22:20069297:C:T
22:20069725:A:G
22:20069913:A:G
22:20070171:C:T
22:20070285:A:G
22:20070407:T:TC
22:20070889:G:GGTGT
22:20070956:A:C
22:20071351:A:G
22:20071423:C:T
22:20071630:A:G
22:20071652:G:T
22:20071737:C:T
22:20071899:C:T
22:20073147:C:T
22:20074006:A:G
22:20075048:A:G
22:20075858:A:G
22:20076763:G:GT
22:20077863:C:T
22:20079688:C:T
22:20079973:A:G
22:20080022:C:G
22:20080447:A:G
22:20080797:A:G
22:20080811:C:T
22:20080927:A:G
22:20081518:A:G
22:20081852:C:T
22:20082074:C:T
22:20082566:C:T
22:20082570:A:G
22:20082862:C:T
22:20082875:C:T
22:20082881:C:T
22:20082922:C:T
22:20082961:C:T
22:20083500:C:CAGG
22:20084681:A:G
22:20084821:C:T
22:20085573:C:G
22:20086571:G:T
22:20086737:C:T
22:20086756:A:G
22:20087188:A:T
22:20087258:C:T
22:20087473:A:T
22:20087539:A:G
22:20087645:A:G
22:20087692:A:C
22:20087750:C:T
22:20089083:A:G
22:20089271:A:G
22:20089880:C:T
22:20090038:G:T
22:20090192:A:T
22:20090613:A:G
22:20090945:C:T
22:20091193:C:T
22:20091628:C:T
22:20091833:A:G
22:20092777:A:C
22:20092996:C:T
22:20093126:C:T
22:20093288:C:T
22:20093317:A:G
22:20093522:C:T
22:20095682:C:T
22:20096168:T:TG
22:20096298:C:CTGCCAGACCCTGGGCGCGCCTA
22:20096395:A:G
22:20097245:A:G
22:20097730:C:T
22:20098168:C:G
22:20098359:G:T
22:20098521:A:G
22:20098882:C:T
22:20099331:A:G
22:20099654:C:T
22:20099752:G:T
22:20099891:C:G
22:20100409:C:T
22:20100911:C:T
22:20101392:C:CCT
22:20101434:A:G
22:20103012:A:G
22:20103189:C:T
22:20104235:C:T
22:20104819:A:C
22:20104853:G:T
22:20105641:A:T
22:20106069:A:C
22:20106104:C:T
22:20107464:G:T
22:20107957:C:T
22:20108062:C:T
22:20108500:A:G
22:20108940:G:T
22:20109088:A:T
22:20109670:C:T
22:20109677:A:G
22:20110770:C:CA
22:20110939:T:TGGGGTGTGTGGTGTTGGGG
22:20111676:C:T
22:20111970:A:AC
22:20112521:C:T
22:20113253:G:T
22:20113777:C:T
22:20114878:A:G
22:20114957:G:T
22:20115413:A:G
22:20115469:A:G
22:20115510:C:T
22:20115562:C:T
22:20115872:A:C
22:20116096:A:G
22:20116182:G:T
22:20116670:G:T
22:20116906:C:T
22:20116972:C:G
22:20117046:C:T
22:20117086:C:T
22:20117100:C:G
22:20117101:G:T
22:20117344:G:T
22:20117645:A:G
22:20118352:C:G
22:20118450:C:T
22:20118640:A:T
22:20118778:A:G
22:20119002:A:G
22:20119208:A:G
22:20119343:T:TCCG
22:20119712:A:G
22:20119930:A:G
22:20120979:C:T
22:20121080:C:T
22:20121645:A:G
22:20121848:A:G
22:20122644:G:GT
22:20123012:G:T
22:20123235:G:T
22:20123505:C:T
22:20125200:C:T
22:20125702:C:T
22:20126468:C:T
22:20126702:C:T
22:20126741:G:T
22:20127554:A:G
22:20128651:G:T
22:20128674:C:T
22:20128880:A:G
22:20128881:A:C
22:20129106:C:T
22:20129538:A:G
22:20129742:C:G
22:20130158:T:TA
22:20130160:C:T
22:20131115:C:T
22:20131116:A:G
22:20132299:C:T
22:20132972:A:G
22:20133301:C:T
22:20134147:A:G
22:20134350:A:C
22:20134442:C:T
22:20134525:C:T
22:20134739:C:T
22:20135096:T:TTG
22:20135097:G:T
22:20135211:C:T
22:20135383:C:T
22:20135585:C:T
22:20135961:C:T
22:20136108:C:T
22:20136263:A:G
22:20136331:C:T
22:20136379:A:C
22:20136478:C:G
22:20136639:C:T
22:20136651:A:T
22:20137046:A:C
22:20137047:C:T
22:20137822:C:G
22:20138105:C:T
22:20138765:G:T
22:20138786:A:G
22:20139299:C:T
22:20139340:C:T
22:20140234:G:GC
22:20141062:A:C
22:20141992:C:G
22:20142379:C:G
22:20142513:A:C
22:20142932:C:T
22:20143626:C:T
22:20143631:A:G
22:20144560:C:T
22:20144796:A:G
22:20144902:C:G
22:20145258:C:T
22:20146795:C:G
22:20147392:A:C
22:20148158:G:T
22:20148182:A:C
22:20148683:C:T
22:20148741:C:T
22:20149170:A:G
22:20149920:A:C
22:20151057:C:T
22:20151725:T:TACC
22:20151773:A:C
22:20151776:A:C
22:20151799:C:T
22:20151992:C:CATCACT
22:20151993:A:ATCACTG
22:20152559:C:T
22:20153624:C:T
22:20153739:A:C
22:20154727:A:G
22:20155192:C:T
22:20155298:A:G
22:20155666:A:G
22:20155983:C:T
22:20156111:A:G
22:20156415:C:T
22:20156744:A:G
22:20156853:C:T
22:20156865:C:T
22:20156886:A:G
22:20157218:G:T
22:20157299:C:T
22:20157965:A:G
22:20158333:A:C
22:20158346:C:T
22:20159049:A:G
22:20159310:A:G
22:20159347:C:T
22:20159422:C:T
22:20160081:A:G
22:20160205:C:T
22:20160289:A:G
22:20160586:A:G
22:20160771:G:T
22:20160972:C:T
22:20161030:C:T
22:20161295:A:G
22:20161317:C:G
22:20161424:C:T
22:20161605:A:G
22:20162621:A:G
22:20162723:C:T
22:20164696:C:T
22:20164709:C:T
22:20165439:A:C
22:20165632:C:T
22:20165831:A:G
22:20166013:C:T
22:20166222:C:T
22:20166723:G:T
22:20166911:A:G
22:20168295:G:T
22:20168509:A:G
22:20168604:C:T
22:20168607:C:T
22:20168641:G:T
22:20168982:C:CCCCGGCTGG
22:20169037:C:T
22:20169094:G:T
22:20169367:G:T
22:20169422:A:G
22:20169499:A:G
22:20169913:A:G
22:20171368:C:T
22:20172313:C:T
22:20174561:T:TG
22:20175473:C:T
22:20177061:C:T
22:20177320:A:T
22:20177595:C:G
22:20177669:A:G
22:20177848:A:G
22:20177943:A:G
22:20178023:C:T
22:20178095:A:G
22:20178147:A:G
22:20178175:A:G
22:20178186:A:G
22:20178205:A:G
22:20178208:C:T
22:20178799:G:T
22:20178801:A:G
22:20178915:C:T
22:20178929:A:G
22:20178989:C:T
22:20179096:A:C
22:20179223:A:T
22:20179255:C:T
22:20179286:A:G
22:20179305:C:T
22:20179339:A:G
22:20179379:A:G
22:20179440:G:T
22:20179503:C:T
22:20180455:A:G
22:20181126:C:T
22:20181136:G:T
22:20182566:T:TC
22:20183039:C:G
22:20184710:A:G
22:20185011:C:T
22:20185119:A:C
22:20185132:C:T
22:20185191:C:T
22:20185457:A:G
22:20185487:C:T
22:20185699:G:GTCT
22:20185966:A:C
22:20185999:C:G
22:20186074:C:G
22:20186102:C:T
22:20187543:C:T
22:20187575:C:T
22:20188160:C:T
22:20188199:C:T
22:20188609:C:T
22:20189077:C:T
22:20189120:C:T
22:20189202:A:G
22:20189378:C:T
22:20189382:C:G
22:20189390:C:T
22:20189622:C:T
22:20189722:C:T
22:20190174:G:T
22:20190697:A:G
22:20190760:C:G
22:20195591:C:T
22:20195730:C:T
22:20195778:C:T
22:20195999:C:G
22:20196046:A:C
22:20196450:A:G
22:20196566:A:C
22:20196676:C:G
22:20196772:A:G
22:20197335:A:T
22:20198204:C:T
22:20198239:G:T
22:20198584:G:T
22:20200513:G:T
22:20200654:A:G
22:20201430:C:T
22:20201737:A:G
22:20202114:C:T
22:20202160:A:G
22:20202422:G:T
22:20202712:C:G
22:20202729:A:G
22:20202959:C:T
22:20203158:C:T
22:20203365:C:G
22:20203390:C:T
22:20203449:A:G
22:20203937:C:T
22:20203997:A:G
22:20204036:C:T
22:20204159:C:T
22:20205780:A:C
22:20208060:C:G
22:20209425:A:G
22:20209487:A:G
22:20209775:A:G
22:20210119:A:G
22:20210363:C:T
22:20211139:C:T
22:20212584:G:GCA
22:20212947:C:CAG
22:20212949:C:G
22:20212954:A:G
22:20213178:A:G
22:20213478:T:TCA
22:20213811:C:G
22:20214225:C:T
22:20214783:A:G
22:20215376:G:GTGTC
22:20215570:A:G
22:20215940:C:T
22:20215981:A:C
22:20216859:A:G
22:20218237:A:G
22:20218752:A:T
22:20219190:C:G
22:20219492:G:T
22:20220989:A:T
22:20222641:A:G
22:20223025:G:T
22:20223037:C:G
22:20223508:C:T
22:20225782:A:G
22:20226789:C:T
22:20227551:A:G
22:20228465:G:T
22:20228764:A:G
22:20233231:C:T
22:20233268:A:C
22:20233429:C:T
22:20234525:C:T
22:20234813:C:G
22:20234817:C:T
22:20235200:A:G
22:20240189:C:G
22:20240231:C:T
22:20240999:A:G
22:20241160:C:T
22:20241367:T:TA
22:20244723:C:T
22:20244815:A:G
22:20251086:C:T
22:20256310:G:T
22:20258145:C:T
22:20258638:C:T
22:20262339:C:T
22:20263548:C:T
22:20264156:T:TG
22:20266415:C:T
22:20268787:A:G
22:20270367:C:T
22:20272793:A:G
22:20273520:C:T
22:20273527:A:G
22:20275368:A:T
22:20275382:C:T
22:20275410:C:T
22:20275411:A:G
22:20275636:A:G
22:20275685:A:T
22:20275744:T:TG
22:20275755:T:TG
22:20275761:C:T
22:20278953:C:T
22:20279128:C:G
22:20279159:A:G
22:20279533:A:G
22:20279718:C:T
22:20280634:C:T
22:20280782:A:G
22:20281261:A:T
22:20281853:C:G
22:20282243:C:T
22:20282512:C:T
22:20282729:C:T
22:20282886:C:T
22:20283228:C:T
22:20283418:A:G
22:20284605:A:G
22:20286070:G:T
22:20289541:G:GT
22:20290949:A:G
22:20291030:C:G
22:20293304:C:T
22:20293625:A:G
22:20294619:A:G
22:20295420:G:T
22:20295454:C:T
22:20296540:C:T
22:20301346:A:G
22:20301800:G:T
22:20303854:A:G
22:20304720:C:G
22:20305986:C:CAA
22:20306716:A:T
22:20306993:C:T
22:20307256:A:G
22:20308279:A:G
22:20309073:A:G
22:20309393:G:T
22:20311425:A:G
22:20315929:C:T
22:20318162:A:G
22:20320229:A:C
22:20320230:G:T
22:20320731:A:G
22:20321215:C:G
22:20321579:A:G
22:20321889:A:G
22:20323742:G:T
22:20324163:A:T
22:20324547:A:ATT
22:20326857:C:G
22:20342118:C:G
22:20361622:A:T
22:20369982:A:G
22:20385739:T:TTGTC
22:20394502:C:T
22:20473418:A:G
22:20474593:C:T
22:20494065:C:T
22:20499048:G:T
22:20503488:A:G
22:20657402:C:T
22:20707191:C:CTT
22:20708869:A:G
22:20708949:C:CGGCGTCGCTAACGAGGTCGCCG
22:20709010:C:G
22:20709066:A:C
22:20709250:A:G
22:20709258:C:G
22:20709307:A:G
22:20709308:A:C
22:20709387:C:T
22:20709735:C:T
22:20710079:C:T
22:20710219:C:T
22:20711738:C:T
22:20711792:C:G
22:20711837:C:T
22:20714836:C:G
22:20714965:C:T
22:20714968:C:T
22:20715019:C:T
22:20715077:A:G
22:20716055:A:G
22:20716839:C:T
22:20718525:C:T
22:20722220:A:G
22:20724622:C:T
22:20724855:A:G
22:20725384:G:T
22:20726234:C:T
22:20727332:A:G
22:20727338:C:T
22:20733171:G:T
22:20733904:C:T
22:20736300:A:AG
22:20736315:A:G
22:20737316:C:T
22:20737334:C:CT
22:20737797:A:G
22:20737903:A:G
22:20738689:A:G
22:20738790:G:T
22:20738879:C:G
22:20739059:C:G
22:20739335:A:G
22:20739375:A:C
22:20739626:C:T
22:20739642:A:G
22:20740778:C:T
22:20741060:A:G
22:20741233:C:G
22:20741287:C:T
22:20741890:C:T
22:20742492:A:G
22:20743176:C:T
22:20743536:A:C
22:20743718:G:T
22:20743730:A:G
22:20744111:A:G
22:20745206:C:CAT
22:20745380:A:T
22:20747763:G:T
22:20748053:A:G
22:20748253:C:T
22:20749042:A:G
22:20750429:C:G
22:20750458:G:T
22:20752354:A:T
22:20753795:G:T
22:20754039:A:G
22:20754597:A:G
22:20754844:C:G
22:20755098:A:G
22:20756407:A:G
22:20756476:A:G
22:20756728:A:G
22:20757255:C:G
22:20757629:A:G
22:20758145:C:CT
22:20758954:C:T
22:20759246:C:G
22:20759534:A:G
22:20761063:A:G
22:20761899:C:T
22:20762400:C:G
22:20762423:A:C
22:20762879:A:ACTT
22:20762955:C:T
22:20763032:C:G
22:20763128:A:G
22:20763230:C:T
22:20763428:C:T
22:20763807:C:CAA
22:20764595:G:T
22:20765021:C:T
22:20765169:C:G
22:20765201:C:T
22:20765240:A:G
22:20765362:T:TCTC
22:20765373:C:T
22:20765418:A:G
22:20765582:A:C
22:20765655:A:G
22:20765671:C:CA
22:20765814:A:G
22:20765977:C:T
22:20765989:A:C
22:20766084:C:T
22:20766194:A:C
22:20766209:C:T
22:20766273:A:G
22:20766278:A:G
22:20766284:A:C
22:20766375:C:T
22:20766456:A:G
22:20766730:A:G
22:20766736:G:T
22:20767165:A:G
22:20767569:A:AAAG
22:20767791:C:T
22:20768038:G:T
22:20768475:C:T
22:20768635:C:T
22:20768891:C:T
22:20769004:A:C
22:20769966:C:T
22:20770054:A:G
22:20770790:C:T
22:20770890:A:C
22:20771515:A:G
22:20772047:T:TC
22:20772153:A:G
22:20772172:A:G
22:20772598:A:G
22:20772773:A:G
22:20772910:C:T
22:20772921:C:T
22:20773480:C:G
22:20773521:C:G
22:20773711:C:T
22:20773844:G:GCTGCCCTCCTAACCCTAGCCCT
22:20773860:C:T
22:20774066:C:T
22:20774454:A:G
22:20774479:A:G
22:20774614:A:G
22:20774808:A:G
22:20775034:T:TGTA
22:20775167:C:T
22:20775200:C:T
22:20775247:C:T
22:20775274:C:T
22:20775550:A:G
22:20775556:G:T
22:20775636:A:G
22:20775852:C:T
22:20776199:A:G
22:20776266:C:G
22:20776406:A:G
22:20776973:A:AACC
22:20777289:A:G
22:20777533:C:T
22:20777672:A:G
22:20777941:C:T
22:20778066:A:G
22:20778151:A:G
22:20778447:A:G
22:20778448:A:C
22:20779604:G:T
22:20779768:C:G
22:20779822:C:G
22:20781006:G:T
22:20781225:A:AAG
22:20782497:T:TCCTC
22:20783485:A:C
22:20783721:C:T
22:20784217:C:T
22:20784630:A:C
22:20785639:A:G
22:20786488:A:C
22:20788130:C:G
22:20788231:A:G
22:20788242:C:G
22:20788969:A:G
22:20789046:A:T
22:20789074:C:T
22:20789190:C:G
22:20789459:C:CT
22:20789688:A:G
22:20789915:A:G
22:20790087:C:T
22:20790723:C:G
22:20791438:A:C
22:20791821:A:G
22:20794075:C:G
22:20794726:C:T
22:20795454:C:T
22:20796175:C:T
22:20797289:C:T
22:20798354:A:G
22:20799972:A:G
22:20804350:A:T
22:20810054:C:T
22:20811231:A:G
22:20811674:G:T
22:20811930:A:C
22:20812728:A:C
22:20813247:C:T
22:20816193:C:T
22:20816311:A:G
22:20816431:A:G
22:20816550:C:T
22:20817808:C:T
22:20818104:A:G
22:20821874:A:T
22:20822366:G:T
22:20822945:G:T
22:20825006:C:CATGG
22:20825060:C:T
22:20827264:C:T
22:20827510:C:G
22:20828221:A:AC
22:20828638:A:G
22:20832336:C:T
22:20832492:A:AT
22:20832580:C:G
22:20834564:A:G
22:20835089:C:T
22:20835275:C:T
22:20838055:C:T
22:20838436:C:T
22:20838862:A:G
22:20842157:A:G
22:20846641:A:G
22:20850440:A:G
22:20853521:C:T
22:20853607:C:T
22:20854161:C:T
22:20854306:A:C
22:20855286:A:G
22:20855638:C:G
22:20856214:C:CAT
22:20856226:G:T
22:20857050:C:T
22:20857391:A:G
22:20858095:A:G
22:20858803:C:T
22:20859629:A:G
22:20859801:C:T
22:20860070:C:CAGG
22:20860379:C:T
22:20860486:C:CA
22:20860881:A:G
22:20861405:T:TG
22:20864940:C:T
22:20865145:A:C
22:20865291:A:C
22:20865785:G:GA
22:20867265:A:G
22:20868964:C:T
22:20869567:A:G
22:20869961:C:T
22:20870028:A:G
22:20870286:T:TCAAAACAAACAAA
22:20871390:A:AT
22:20871754:A:G
22:20872855:C:T
22:20873393:A:G
22:20873558:A:G
22:20873875:A:G
22:20875406:C:T
22:20875485:G:T
22:20875693:G:T
22:20875777:A:G
22:20876509:A:G
22:20879607:G:GT
22:20882952:A:T
22:20883449:C:T
22:20883638:A:G
22:20885474:C:CTCAGTTTG
22:20886278:A:G
22:20887080:A:G
22:20887533:C:G
22:20888828:A:G
22:20888927:A:G
22:20889102:A:G
22:20889104:C:T
22:20889926:A:C
22:20890118:C:T
22:20890267:A:G
22:20891545:A:G
22:20891568:A:G
22:20893769:C:T
22:20895937:A:AT
22:20896221:C:T
22:20896693:A:G
22:20896900:C:T
22:20896926:A:G
22:20897846:C:T
22:20897914:A:G
22:20898120:C:T
22:20898323:C:T
22:20899157:T:TA
22:20899186:A:G
22:20899254:A:G
22:20899316:A:G
22:20899971:A:G
22:20899976:A:T
22:20900074:C:T
22:20900577:G:T
22:20900798:G:T
22:20901076:C:T
22:20901798:A:G
22:20901806:A:C
22:20903410:C:T
22:20903517:C:T
22:20905082:A:G
22:20907303:C:T
22:20908115:A:G
22:20908702:A:C
22:20908993:C:T
22:20909544:A:G
22:20909641:C:T
22:20909674:C:G
22:20910033:G:T
22:20910193:A:G
22:20910221:A:G
22:20910264:C:T
22:20910589:G:GT
22:20910683:A:G
22:20910883:A:G
22:20912253:C:T
22:20912970:A:G
22:20913510:A:G
22:20913878:A:G
22:20914757:A:G
22:20914958:C:T
22:20916620:A:G
22:20916694:C:CAG
22:20917067:A:G
22:20917304:C:T
22:20917322:C:CA
22:20919306:A:G
22:20919377:A:G
22:20919755:C:T
22:20920044:C:T
22:20920199:C:G
22:20920317:C:CTTTT
22:20921339:A:G
22:20921355:G:T
22:20921893:G:T
22:20923922:T:TGAG
22:20924028:A:G
22:20924591:G:T
22:20924680:C:CT
22:20926559:A:G
22:20926625:A:G
22:20926926:G:GC
22:20927543:C:T
22:20927802:A:G
22:20928130:C:T
22:20928266:A:G
22:20928809:C:T
22:20929286:C:G
22:20929782:A:C
22:20929914:C:T
22:20929924:C:T
22:20930055:C:CA
22:20930978:T:TGGG
22:20932279:C:T
22:20932713:C:G
22:20935673:A:C
22:20935731:A:G
22:20935946:A:G
22:20937601:C:T
22:20938377:A:G
22:20939123:A:G
22:20940208:C:T
22:20940266:A:G
22:20940272:C:G
22:20940794:A:G
22:20942192:A:G
22:20942641:A:G
22:20944155:A:G
22:20944833:C:T
22:20945319:A:C
22:20945333:T:TCCC
22:20945761:C:T
22:20946302:G:T
22:20946403:C:T
22:20946457:A:G
22:20946863:C:T
22:20946908:G:T
22:20947017:C:G
22:20947274:A:G
22:20947276:A:G
22:20947367:A:G
22:20947834:A:AAAAC
22:20947903:C:G
22:20947996:C:T
22:20948458:A:G
22:20948490:A:G
22:20948516:T:TAAAG
22:20948553:A:G
22:20949243:A:G
22:20949302:C:CA
22:20949311:A:T
22:20949365:C:T
22:20949715:C:CG
22:20950430:A:G
22:20950473:A:G
22:20950623:<CN0>:C
22:20952969:T:TC
22:20952972:C:T
22:20954214:C:T
22:20954760:A:G
22:20954866:A:G
22:20954869:C:T
22:20955522:C:T
22:20956242:C:T
22:20956441:C:T
22:20957037:A:G
22:20957496:A:G
22:20957599:A:G
22:20957924:A:G
22:20958044:A:T
22:20958059:C:G
22:20958313:A:C
22:20958400:C:G
22:20958480:C:CACA
22:20958779:C:T
22:20959802:A:G
22:20959915:C:G
22:20960186:A:T
22:20960454:A:C
22:20960567:T:TG
22:20960937:C:T
22:20961109:C:T
22:20961189:C:T
22:20962028:C:T
22:20962211:A:C
22:20962379:A:G
22:20962419:A:G
22:20962570:C:G
22:20962805:A:G
22:20962978:C:T
22:20963040:A:G
22:20963207:A:G
22:20963268:A:G
22:20963475:C:T
22:20964056:A:G
22:20965555:C:T
22:20965855:A:G
22:20965869:A:G
22:20965899:C:T
22:20966099:C:G
22:20966125:A:C
22:20966270:C:T
22:20966396:A:G
22:20966457:A:G
22:20966547:A:G
22:20966727:A:G
22:20967450:A:G
22:20968583:C:T
22:20968724:A:T
22:20970288:A:G
22:20970321:C:CGGACACCAAGAG
22:20970334:A:T
22:20970336:C:T
22:20971164:A:T
22:20971222:A:G
22:20971453:A:G
22:20971834:A:G
22:20972102:A:G
22:20972119:C:G
22:20972277:A:C
22:20973386:C:T
22:20973451:C:CT
22:20973688:C:T
22:20975592:A:T
22:20975597:G:GGGT
22:20975690:A:G
22:20975866:T:TAATA
22:20976038:A:T
22:20976096:A:G
22:20976358:A:G
22:20977077:A:C
22:20977272:C:T
22:20977292:C:T
22:20977339:C:T
22:20977344:C:T
22:20977646:A:G
22:20977789:A:AT
22:20978214:C:T
22:20978224:C:T
22:20978388:C:G
22:20978536:A:G
22:20978672:A:G
22:20978719:C:T
22:20978977:C:T
22:20979029:A:C
22:20979079:A:G
22:20979145:A:AAC
22:20979347:A:AAC
22:20979805:C:CT
22:20979980:A:G
22:20980308:A:G
22:20980559:G:T
22:20980962:A:G
22:20982128:C:G
22:20982463:T:TA
22:20982576:C:G
22:20982733:G:GA
22:20982746:G:GAA
22:20982876:C:T
22:20983309:C:G
22:20983592:C:T
22:20983830:G:T
22:20984033:A:T
22:20984356:C:CT
22:20984878:C:T
22:20985000:A:C
22:20986010:A:G
22:20986699:C:CG
22:20988173:A:G
22:20988233:A:G
22:20988390:C:T
22:20988749:C:T
22:20989409:C:T
22:20989750:A:G
22:20989898:A:G
22:20990293:A:G
22:20991062:C:T
22:20991129:A:C
22:20991235:C:T
22:20991637:A:G
22:20991771:A:G
22:20993328:A:G
22:20993467:A:G
22:20993797:A:G
22:20994344:C:G
22:20994644:C:T
22:20994647:C:CT
22:20994651:A:G
22:20994653:C:CG
22:20994655:T:TGA
22:20994658:T:TA
22:20996595:C:T
22:20997219:A:AT
22:20997232:A:G
22:20997483:C:T
22:20997597:C:CT
22:20997645:A:G
22:20998535:A:G
22:20998885:A:T
22:20998886:T:TTTTTTTC
22:20998965:A:G
22:20999190:A:G
22:20999208:C:T
22:21000252:G:T
22:21000415:A:C
22:21001074:C:T
22:21002822:C:T
22:21003345:G:GGAAGTGATCAGCTTAGA
22:21003385:C:T
22:21003446:G:T
22:21003610:C:T
22:21003992:A:G
22:21003994:A:C
22:21004101:A:G
22:21004407:C:T
22:21004805:A:G
22:21005078:A:G
22:21005168:A:T
22:21005206:C:T
22:21005422:A:G
22:21005697:A:G
22:21006440:A:G
22:21007726:A:C
22:21009173:C:T
22:21009329:A:G
22:21009596:A:C
22:21009853:A:C
22:21010961:C:T
22:21011132:A:C
22:21012123:A:AACG
22:21012223:A:G
22:21012438:A:C
22:21012505:C:G
22:21012694:C:G
22:21012715:A:G
22:21013347:A:G
22:21013880:C:T
22:21013956:T:TG
22:21014329:A:G
22:21015043:A:G
22:21015139:A:ATTTC
22:21015737:A:T
22:21015869:T:TTC
22:21016211:A:ATTTTT
22:21016306:C:T
22:21016435:A:G
22:21016437:A:T
22:21016612:G:GTAT
22:21017041:G:GT
22:21017148:A:G
22:21017452:G:T
22:21017919:A:T
22:21019125:C:T
22:21019803:G:T
22:21019811:G:T
22:21020282:C:CTATTT
22:21020848:A:G
22:21022323:A:T
22:21022887:C:G
22:21022939:A:G
22:21023693:C:T
22:21023811:A:T
22:21024880:A:G
22:21025442:C:G
22:21025559:C:T
22:21025935:C:G
22:21026003:A:G
22:21026228:C:T
22:21027159:C:G
22:21028138:A:G
22:21028319:C:CTCTT
22:21028946:C:T
22:21029223:A:T
22:21030108:A:ATT
22:21030404:C:T
22:21031543:A:C
22:21031583:G:GT
22:21031588:A:C
22:21033221:C:G
22:21033371:A:G
22:21033724:A:T
22:21033977:G:T
22:21034650:A:G
22:21036604:A:G
22:21037144:C:G
22:21037908:A:G
22:21038387:G:T
22:21039456:C:G
22:21040007:A:ATATT
22:21040306:C:T
22:21040541:A:G
22:21040559:C:T
22:21040868:A:C
22:21040925:A:G
22:21042267:A:C
22:21042271:C:G
22:21042969:A:G
22:21043336:C:G
22:21043393:A:G
22:21043750:C:T
22:21043809:C:T
22:21043818:A:G
22:21044188:C:G
22:21044269:C:T
22:21044663:C:G
22:21044725:A:G
22:21044815:C:T
22:21044848:A:T
22:21045397:C:T
22:21046797:A:G
22:21047213:A:AT
22:21047782:A:G
22:21048616:G:T
22:21049020:A:G
22:21049094:A:G
22:21049756:C:T
22:21050028:A:G
22:21050167:C:G
22:21050681:A:G
22:21050875:C:T
22:21051184:C:T
22:21051248:A:C
22:21051260:C:T
22:21051540:A:G
22:21051640:A:T
22:21051677:A:C
22:21051716:C:T
22:21051843:A:AAC
22:21051859:A:G
22:21051983:A:C
22:21051987:C:T
22:21051994:A:C
22:21052014:A:G
22:21052265:C:G
22:21052303:C:T
22:21052684:A:C
22:21052990:C:G
22:21053670:C:T
22:21053778:A:G
22:21058088:A:G
22:21058179:A:G
22:21059279:C:T
22:21059373:C:T
22:21059531:A:T
22:21059630:A:G
22:21059934:C:T
22:21059965:A:G
22:21060359:A:C
22:21061358:C:T
22:21062268:G:T
22:21062813:C:T
22:21064057:C:T
22:21064059:A:G
22:21064120:A:G
22:21064387:C:T
22:21065550:C:T
22:21065932:A:T
22:21066502:C:T
22:21066897:A:G
22:21066936:C:T
22:21066942:G:T
22:21067984:G:T
22:21068025:A:C
22:21068130:C:T
22:21068537:A:G
22:21068659:A:G
22:21068850:G:T
22:21068878:C:T
22:21069951:C:T
22:21073122:A:G
22:21073281:C:T
22:21074037:A:G
22:21075537:A:C
22:21076129:C:T
22:21076208:G:T
22:21076753:G:T
22:21076754:C:T
22:21077394:C:T
22:21077840:C:T
22:21077856:C:T
22:21078301:C:T
22:21078525:A:G
22:21079587:A:C
22:21079909:A:G
22:21080404:A:G
22:21080548:A:C
22:21080721:T:TG
22:21084567:C:CTTAT
22:21084669:C:T
22:21084882:G:T
22:21085993:A:G
22:21086277:A:G
22:21086857:C:T
22:21087628:C:T
22:21087761:A:G
22:21087860:G:T
22:21088146:C:G
22:21090632:A:G
22:21090646:C:G
22:21090700:C:T
22:21090744:C:T
22:21091115:A:G
22:21091144:A:C
22:21091145:A:G
22:21091774:A:G
22:21091887:A:G
22:21092170:C:T
22:21092244:C:T
22:21092246:A:G
22:21093307:A:G
22:21093490:C:CG
22:21093517:C:T
22:21093757:G:GA
22:21093911:C:CTGACCCAAGA
22:21094719:A:G
22:21094745:T:TA
22:21094781:C:T
22:21095344:A:G
22:21095720:A:C
22:21097344:A:G
22:21097805:A:G
22:21098247:A:C
22:21098734:T:TG
22:21099297:C:T
22:21099478:A:G
22:21100842:C:T
22:21102197:A:AT
22:21102393:C:G
22:21102490:A:G
22:21102830:A:G
22:21102973:A:G
22:21103089:C:T
22:21103551:A:G
22:21103838:C:T
22:21104928:A:G
22:21105255:C:T
22:21105343:C:T
22:21106055:A:G
22:21106141:C:T
22:21106585:C:T
22:21106665:A:G
22:21107153:C:T
22:21107704:A:G
22:21107809:C:T
22:21108125:C:G
22:21108976:A:G
22:21109168:A:C
22:21110158:A:G
22:21110658:A:G
22:21111072:C:T
22:21111092:A:T
22:21111689:C:G
22:21111690:C:G
22:21112112:A:G
22:21112382:A:G
22:21113530:C:T
22:21113793:A:G
22:21114132:C:T
22:21114200:A:C
22:21114601:G:T
22:21115062:C:T
22:21115244:C:T
22:21116594:A:C
22:21117060:A:G
22:21117227:C:T
22:21117639:C:G
22:21117927:C:T
22:21118024:A:G
22:21118126:C:G
22:21118139:C:T
22:21118306:C:T
22:21118524:C:T
22:21118650:A:G
22:21118820:C:T
22:21118918:G:T
22:21119995:A:T
22:21122005:A:C
22:21122224:A:AATTATT
22:21122412:C:T
22:21123247:C:T
22:21123949:G:T
22:21123956:C:CA
22:21125075:A:C
22:21125198:C:T
22:21125853:C:CTTTA
22:21126344:C:T
22:21126502:C:G
22:21127097:G:T
22:21127098:C:T
22:21127335:C:T
22:21127587:A:AT
22:21128191:C:T
22:21128206:A:G
22:21128576:A:G
22:21129046:C:CA
22:21129295:C:T
22:21129559:C:T
22:21130129:C:T
22:21130331:C:T
22:21130549:C:T
22:21131331:G:GT
22:21132570:C:T
22:21132747:A:G
22:21132808:A:G
22:21132931:C:G
22:21134645:G:T
22:21134784:A:G
22:21134988:C:T
22:21135063:C:CAAAAAAAAAAAAAAA
22:21135346:G:T
22:21135763:A:C
22:21136259:A:G
22:21136455:C:G
22:21136993:C:T
22:21137130:A:G
22:21137270:T:TACTTC
22:21137622:C:T
22:21139242:C:T
22:21139955:C:T
22:21140651:A:G
22:21141300:C:T
22:21144977:A:T
22:21145242:C:T
22:21145505:G:GTCA
22:21145979:C:T
22:21147293:A:G
22:21148285:A:C
22:21149441:C:T
22:21150340:C:T
22:21150704:C:G
22:21151157:C:T
22:21151655:A:G
22:21152071:A:G
22:21152082:C:CT
22:21152179:A:C
22:21152568:C:T
22:21152730:C:T
22:21153590:C:T
22:21154282:A:C
22:21154390:G:T
22:21154393:G:T
22:21154750:C:T
22:21155372:A:G
22:21156871:C:T
22:21158081:C:T
22:21158879:A:T
22:21159848:C:T
22:21160093:C:G
22:21160111:C:T
22:21160120:C:CA
22:21160584:C:T
22:21160945:A:G
22:21161564:C:G
22:21162786:C:CAGA
22:21162877:C:CA
22:21163028:A:G
22:21163327:C:T
22:21164643:A:C
22:21164694:A:G
22:21165675:C:T
22:21165740:C:T
22:21166128:C:T
22:21166338:A:G
22:21166895:A:T
22:21167184:C:T
22:21167605:G:GACA
22:21167787:A:G
22:21168455:C:T
22:21168467:G:GA
22:21168589:A:G
22:21168756:A:G
22:21168784:A:T
22:21169122:A:G
22:21169667:C:CA
22:21169680:A:C
22:21171069:A:G
22:21171115:C:T
22:21171592:A:G
22:21173308:C:T
22:21174312:A:C
22:21174356:A:G
22:21174399:C:T
22:21175309:A:C
22:21176257:G:T
22:21176629:A:G
22:21176674:G:GCA
22:21177245:A:G
22:21177335:A:G
22:21177580:G:GAA
22:21178484:C:G
22:21179614:C:G
22:21180811:A:C
22:21181465:C:T
22:21181524:G:T
22:21182697:A:G
22:21183123:A:G
22:21183881:A:T
22:21184640:G:GATAC
22:21185381:A:G
22:21185753:A:G
22:21186199:C:T
22:21186750:C:T
22:21186865:C:G
22:21187694:A:G
22:21187943:T:TTG
22:21188187:A:C
22:21188226:A:G
22:21188732:A:C
22:21188964:C:T
22:21189429:C:T
22:21189817:C:T
22:21190102:C:T
22:21190377:A:C
22:21190756:C:G
22:21191242:A:T
22:21192208:A:T
22:21192341:A:G
22:21193192:C:T
22:21193365:C:T
22:21193495:A:ACT
22:21193604:C:T
22:21194119:C:CA
22:21196899:A:G
22:21197111:A:AC
22:21197385:C:CA
22:21197679:A:G
22:21197723:A:AGGCTGCAG
22:21197829:C:G
22:21198229:T:TC
22:21198541:G:T
22:21198776:A:G
22:21198880:A:C
22:21199895:A:G
22:21200315:C:G
22:21200531:A:G
22:21200551:C:CAA
22:21201162:A:G
22:21201596:G:T
22:21202005:A:C
22:21202747:A:G
22:21203330:A:G
22:21203461:A:G
22:21203879:A:G
22:21204010:C:T
22:21204180:A:C
22:21204738:A:AT
22:21205465:C:G
22:21205477:A:ATC
22:21205921:C:T
22:21206662:A:G
22:21207566:C:T
22:21207606:A:C
22:21207892:C:G
22:21208236:G:T
22:21208263:G:GA
22:21209024:C:CAAAGAGAAGGGGAAGAGGGA
22:21209189:C:T
22:21209438:C:CA
22:21210288:A:G
22:21211107:A:G
22:21211220:C:T
22:21211544:C:T
22:21212476:A:G
22:21212656:C:T
22:21212716:A:G
22:21213380:C:T
22:21214482:T:TA
22:21214659:C:CTT
22:21215198:A:G
22:21215742:C:T
22:21217575:A:G
22:21217602:G:GCCT
22:21218339:A:G
22:21218876:A:G
22:21220004:C:T
22:21220229:A:G
22:21220331:A:G
22:21220651:C:G
22:21220669:G:T
22:21220733:C:T
22:21221305:A:G
22:21221849:A:G
22:21222458:A:G
22:21222903:T:TA
22:21223303:A:G
22:21223564:C:T
22:21223590:A:G
22:21226912:C:T
22:21229564:C:T
22:21229802:A:G
22:21230543:C:CT
22:21230937:A:G
22:21233270:C:T
22:21233549:C:T
22:21234301:A:AAAC
22:21235731:A:C
22:21235838:C:CA
22:21236141:C:T
22:21239540:C:G
22:21240108:A:G
22:21240399:C:T
22:21240414:A:T
22:21240501:C:T
22:21241193:A:G
22:21241485:C:T
22:21241854:C:T
22:21242247:C:G
22:21242544:A:G
22:21243253:C:T
22:21243643:C:T
22:21243687:G:T
22:21244229:G:T
22:21244385:G:T
22:21244940:A:G
22:21245085:C:T
22:21246557:C:T
22:21246790:C:CA
22:21246902:A:G
22:21247661:A:T
22:21247675:C:T
22:21247769:A:T
22:21247949:A:G
22:21248135:C:CTTTA
22:21248264:C:T
22:21249165:A:G
22:21249178:A:C
22:21249705:C:G
22:21250124:C:T
22:21250198:C:G
22:21250432:G:T
22:21251027:C:CA
22:21251139:A:C
22:21251814:C:CA
22:21252051:A:G
22:21252115:C:G
22:21252507:C:T
22:21252585:C:T
22:21253069:A:G
22:21253581:C:T
22:21253724:A:G
22:21254167:A:G
22:21254210:A:G
22:21255212:C:CA
22:21255364:C:CA
22:21255420:A:G
22:21255763:A:T
22:21255863:C:T
22:21256861:A:C
22:21257010:G:T
22:21257129:C:T
22:21257398:A:G
22:21258292:A:C
22:21259577:T:TAA
22:21260672:A:G
22:21261186:T:TTTG
22:21261868:C:G
22:21262085:G:T
22:21262089:G:T
22:21262237:C:T
22:21263551:C:T
22:21263577:C:T
22:21264323:C:T
22:21266065:C:CT
22:21266466:C:T
22:21266623:C:CT
22:21266756:A:G
22:21266870:A:G
22:21267591:G:T
22:21268433:A:C
22:21268733:C:T
22:21269693:T:TA
22:21270324:C:G
22:21270823:C:G
22:21272752:C:T
22:21273196:A:G
22:21273441:A:G
22:21274587:A:G
22:21274786:C:CA
22:21275053:C:T
22:21275150:A:C
22:21275765:C:T
22:21275859:A:G
22:21277471:A:G
22:21278298:A:G
22:21279474:C:CA
22:21279805:A:G
22:21280463:C:G
22:21281399:C:CAA
22:21281426:A:C
22:21282756:A:C
22:21285285:A:G
22:21285846:G:T
22:21286943:C:CAG
22:21287911:A:G
22:21288871:C:T
22:21290360:A:G
22:21291166:C:T
22:21291329:A:C
22:21292223:G:T
22:21293653:A:G
22:21293695:A:AT
22:21294414:A:G
22:21294854:C:CTTTTTTT
22:21295803:A:ATGTG
22:21295816:G:T
22:21296097:C:G
22:21297251:C:T
22:21298018:C:G
22:21298315:C:T
22:21299577:A:G
22:21300844:C:T
22:21300895:A:C
22:21301005:C:T
22:21301336:A:G
22:21302227:C:T
22:21303042:C:T
22:21303690:G:T
22:21304463:C:T
22:21304616:C:CT
22:21307058:C:T
22:21308235:C:G
22:21309090:G:T
22:21312889:C:T
22:21313072:A:G
22:21317051:A:T
22:21317432:C:T
22:21318433:A:G
22:21318552:G:T
22:21319041:A:G
22:21319443:A:C
22:21319502:G:GC
22:21320103:A:G
22:21320321:C:T
22:21320528:C:T
22:21320573:A:T
22:21320664:A:G
22:21320706:C:T
22:21320947:C:G
22:21321364:C:T
22:21321821:A:G
22:21322585:A:G
22:21323357:C:T
22:21323369:C:T
22:21323724:A:AT
22:21324182:G:T
22:21324308:G:T
22:21324484:A:G
22:21325263:C:G
22:21326540:A:G
22:21327415:A:G
22:21327589:C:T
22:21327834:C:G
22:21327881:G:GGGTCGGGGTTGGCCTGAA
22:21329290:C:T
22:21329502:C:T
22:21330266:C:T
22:21331629:A:G
22:21331677:A:G
22:21332409:A:G
22:21332441:C:T
22:21332443:A:G
22:21333676:G:GA
22:21333743:A:G
22:21333748:G:GCTAT
22:21333793:A:G
22:21333800:C:G
22:21334873:C:G
22:21335491:A:C
22:21335890:C:G
22:21336549:A:T
22:21337325:A:G
22:21337964:G:T
22:21338013:C:G
22:21338146:A:G
22:21338355:A:G
22:21338543:C:T
22:21339424:A:G
22:21339915:G:T
22:21340088:C:T
22:21342509:C:T
22:21343391:C:G
22:21343995:C:T
22:21344002:A:G
22:21344019:C:T
22:21344055:A:G
22:21344287:C:T
22:21344316:C:T
22:21344592:A:C
22:21344905:A:G
22:21344920:C:G
22:21345000:C:T
22:21345303:A:C
22:21345332:C:T
22:21345341:A:G
22:21346384:C:T
22:21346719:A:C
22:21347029:A:G
22:21347349:A:G
22:21347410:G:T
22:21347505:C:T
22:21348084:C:T
22:21348101:A:G
22:21348914:C:T
22:21349037:A:G
22:21349480:A:G
22:21349548:A:G
22:21349579:C:T
22:21349676:A:T
22:21349677:C:T
22:21350461:A:G
22:21350880:C:T
22:21350947:A:G
22:21351714:C:G
22:21351819:A:G
22:21352120:A:G
22:21352181:C:T
22:21353088:G:GGCCAGGTGC
22:21353122:C:G
22:21353328:A:G
22:21353610:C:T
22:21356029:C:T
22:21356538:A:T
22:21356549:C:T
22:21356824:A:G
22:21356892:A:AAGAC
22:21356925:A:T
22:21357153:C:T
22:21357602:C:T
22:21357630:C:CT
22:21357898:A:ACT
22:21358051:A:G
22:21358522:C:T
22:21358653:A:G
22:21358657:G:T
22:21358919:C:CCTGA
22:21359510:A:G
22:21359706:A:G
22:21359803:A:T
22:21360342:A:G
22:21360350:A:C
22:21360430:C:T
22:21360557:A:T
22:21360566:A:C
22:21360673:C:T
22:21360718:C:CAA
22:21360746:A:G
22:21361060:G:T
22:21361238:A:T
22:21361242:A:T
22:21361774:C:T
22:21361920:C:T
22:21362474:A:C
22:21362508:C:CT
22:21362527:G:T
22:21362720:C:T
22:21362721:C:G
22:21362849:A:C
22:21363240:C:T
22:21363341:C:T
22:21363392:A:G
22:21363452:A:G
22:21363505:C:T
22:21363561:C:T
22:21363744:C:T
22:21363960:A:G
22:21364596:A:G
22:21364849:C:T
22:21364867:A:T
22:21365159:C:T
22:21365271:A:G
22:21365474:A:G
22:21365743:A:G
22:21365744:G:T
22:21365887:A:T
22:21366110:C:T
22:21366164:A:G
22:21366206:C:T
22:21366231:C:G
22:21366834:T:TG
22:21367284:C:T
22:21367464:C:G
22:21369036:A:T
22:21369454:A:G
22:21370025:A:G
22:21370237:G:T
22:21370622:C:T
22:21370653:A:G
22:21370722:C:T
22:21370761:C:G
22:21372155:A:G
22:21372160:G:T
22:21372374:A:G
22:21372405:G:T
22:21373068:A:ATT
22:21373906:A:G
22:21374072:C:T
22:21374135:G:T
22:21374501:C:G
22:21374550:A:G
22:21374868:C:CT
22:21375101:A:G
22:21375838:C:T
22:21376092:C:T
22:21376863:G:T
22:21377071:C:T
22:21377334:C:T
22:21377650:A:G
22:21377958:A:C
22:21378729:A:G
22:21379080:A:G
22:21379632:T:TCTGGCTTCCCC
22:21379801:C:T
22:21381646:C:T
22:21381682:A:G
22:21382167:C:T
22:21382613:A:G
22:21382864:C:T
22:21382896:A:C
22:21385843:A:G
22:21386112:C:T
22:21386684:C:T
22:21387301:C:G
22:21389629:C:T
22:21391315:C:T
22:21391509:A:G
22:21391554:A:G
22:21391619:C:G
22:21391646:A:G
22:21392176:A:G
22:21392485:A:G
22:21392696:C:T
22:21392943:A:C
22:21393467:C:T
22:21394094:A:T
22:21394911:A:G
22:21395022:C:T
22:21395033:C:T
22:21395244:A:AAT
22:21395414:A:C
22:21395535:A:G
22:21395727:C:CA
22:21395756:A:T
22:21395757:A:G
22:21395784:C:T
22:21395804:A:T
22:21395811:A:G
22:21396205:C:T
22:21396528:G:T
22:21396607:C:T
22:21396824:C:CA
22:21397050:C:T
22:21399187:C:G
22:21399247:A:G
22:21400563:A:G
22:21403912:G:T
22:21404365:A:G
22:21406929:T:TCACC
22:21406930:A:G
22:21408970:C:G
22:21409018:C:T
22:21409191:A:G
22:21409619:C:G
22:21412060:C:T
22:21415742:A:G
22:21416404:A:G
22:21416819:C:T
22:21417823:C:T
22:21417837:T:TA
22:21418262:T:TCAAAA
22:21419389:C:CT
22:21420100:C:T
22:21421459:C:T
22:21421637:A:C
22:21421667:C:T
22:21423655:C:G
22:21423908:C:T
22:21423933:C:T
22:21424331:A:T
22:21424414:A:G
22:21424504:A:G
22:21425298:C:T
22:21429577:T:TA
22:21429706:A:G
22:21430505:A:G
22:21431172:A:G
22:21431222:A:C
22:21431562:C:T
22:21431908:C:G
22:21432215:C:T
22:21432229:A:G
22:21432572:A:T
22:21432605:A:G
22:21433990:A:C
22:21434900:C:G
22:21435031:C:T
22:21437089:A:C
22:21437412:A:G
22:21437468:A:G
22:21437772:C:T
22:21437800:G:T
22:21437891:A:G
22:21437913:A:G
22:21437930:C:T
22:21437946:C:T
22:21437951:C:T
22:21438021:A:T
22:21438369:G:T
22:21439392:A:G
22:21439646:G:T
22:21439826:A:T
22:21440206:A:G
22:21440755:C:CT
22:21442565:A:G
22:21443310:A:G
22:21443816:A:C
22:21444030:A:C
22:21444374:C:G
22:21444695:G:T
22:21444901:C:T
22:21445037:C:T
22:21445064:A:G
22:21445483:C:CT
22:21445566:C:G
22:21445577:A:G
22:21445723:C:T
22:21446469:A:C
22:21446594:A:C
22:21446630:C:CTT
22:21446768:A:G
22:21447079:A:T
22:21447294:C:T
22:21447880:C:T
22:21447982:A:G
22:21448028:C:T
22:21448075:A:G
22:21448093:C:T
22:21449338:C:T
22:21453057:C:CT
22:21453988:A:C
22:21456118:C:CA
22:21457646:C:G
22:21458218:G:GT
22:21459122:C:T
22:21459251:A:C
22:21459395:C:T
22:21460008:A:G
22:21460220:G:T
22:21461017:C:T
22:21461530:C:CCT
22:21461882:A:T
22:21461982:A:G
22:21462045:C:T
22:21462353:A:G
22:21462658:C:G
22:21463515:A:G
22:21464120:C:G
22:21465835:C:G
22:21468021:C:T
22:21475717:C:T
22:21480035:C:G
22:21487970:A:T
22:21489635:A:G
22:21489650:A:G
22:21513778:A:T
22:21525324:A:T
22:21538794:C:T
22:21541526:A:T
22:21557268:G:T
22:21571746:G:T
22:21573010:A:G
22:21644684:A:T
22:21671372:A:G
22:21681224:C:CA
22:21681286:A:T
22:21681289:T:TA
22:21692073:C:T
22:21712866:C:T
22:21713587:G:T
22:21714392:C:G
22:21717341:C:G
22:21722564:C:T
22:21724203:A:G
22:21797094:C:G
22:21798721:C:T
22:21807606:T:TA
22:21825099:G:GAAGA
22:21829349:C:T
22:21910136:A:G
22:21910649:A:G
22:21910691:A:C
22:21910724:C:T
22:21910770:C:G
22:21910804:C:T
22:21910941:A:G
22:21911040:C:T
22:21911169:C:T
22:21911905:A:G
22:21912246:A:G
22:21912556:G:T
22:21912828:A:G
22:21914206:C:T
22:21916272:A:C
22:21916959:C:CTT
22:21917239:C:CA
22:21917626:C:G
22:21917708:A:G
22:21917757:A:G
22:21919868:C:T
22:21921294:A:G
22:21921686:G:T
22:21923144:A:C
22:21926456:A:G
22:21926966:C:CTG
22:21929566:A:T
22:21929920:C:CTTTTTTTT
22:21932068:C:T
22:21932264:A:G
22:21932270:G:T
22:21932561:A:C
22:21932653:G:GA
22:21935344:A:AT
22:21936152:C:G
22:21936240:A:G
22:21938224:A:C
22:21938467:A:AT
22:21939675:G:T
22:21939687:A:C
22:21940189:G:T
22:21949411:A:C
22:21952408:C:CTT
22:21953139:C:CT
22:21953276:A:G
22:21953288:C:T
22:21953705:A:G
22:21954557:A:G
22:21957989:A:G
22:21957992:C:T
22:21958304:A:G
22:21958872:G:T
22:21963345:A:T
22:21963521:A:G
22:21964037:A:G
22:21966442:A:G
22:21966769:C:G
22:21966913:C:T
22:21971010:A:G
22:21971041:C:T
22:21971292:A:G
22:21972501:T:TAGTGAA
22:21976934:C:T
22:21978615:A:G
22:21979096:C:T
22:21980078:G:T
22:21981491:A:C
22:21981534:A:T
22:21982249:C:T
22:21982340:C:G
22:21983260:A:G
22:21983766:A:G
22:21983853:A:G
22:21984379:A:G
22:21984568:A:G
22:21985119:A:C
22:21986101:G:T
22:21988524:C:T
22:21988602:C:T
22:21989325:C:T
22:21989621:C:T
22:21990823:A:G
22:21991120:A:G
22:21992386:C:CTTTTAT
22:21992869:C:T
22:21993067:G:T
22:21995031:A:G
22:21998721:G:T
22:21998748:C:CTT
22:21998833:C:T
22:21999042:C:T
22:22000109:A:G
22:22000620:T:TC
22:22000849:C:CA
22:22001704:G:T
22:22002021:C:T
22:22002328:C:T
22:22002455:C:CA
22:22002581:C:T
22:22002591:A:G
22:22002999:G:T
22:22003933:C:G
22:22004418:A:G
22:22004634:T:TA
22:22005719:C:G
22:22006219:G:T
22:22006440:C:T
22:22007370:C:T
22:22007528:C:G
22:22008920:A:AT
22:22009569:A:AC
22:22009897:C:CA
22:22010151:C:G
22:22010623:A:G
22:22013353:G:GA
22:22013958:C:CA
22:22017472:A:T
22:22022005:A:G
22:22023942:C:T
22:22024150:C:T
22:22025462:A:G
22:22025476:A:G
22:22025670:C:T
22:22025866:C:CT
22:22025966:A:C
22:22026320:A:T
22:22027348:C:T
22:22027617:C:T
22:22027710:A:G
22:22028124:G:T
22:22028332:A:G
22:22028734:A:G
22:22028954:C:T
22:22029554:C:T
22:22030567:C:G
22:22030681:C:G
22:22030695:A:G
22:22030704:A:G
22:22030998:C:CAGA
22:22031128:C:T
22:22031301:C:T
22:22031355:A:G
22:22031373:C:T
22:22031486:C:T
22:22031981:A:C
22:22032207:C:T
22:22032779:C:T
22:22032817:A:G
22:22032885:C:T
22:22032991:C:T
22:22033592:C:T
22:22033718:A:G
22:22033831:C:T
22:22034152:A:G
22:22034247:A:G
22:22034264:A:T
22:22034363:C:CAG
22:22034379:C:CA
22:22034558:A:G
22:22034569:A:G
22:22034704:C:T
22:22034768:C:T
22:22035012:A:G
22:22035187:C:T
22:22035951:C:T
22:22036200:A:G
22:22036512:C:T
22:22036832:C:T
22:22036883:G:GCTGCCTCCTCAGTCTAGCTCTT
22:22037188:C:T
22:22037223:A:G
22:22038458:C:T
22:22038826:A:G
22:22039199:C:T
22:22039863:A:C
22:22040295:C:T
22:22040331:A:G
22:22040410:A:G
22:22040713:A:G
22:22041438:C:T
22:22041601:G:T
22:22042079:G:T
22:22042318:C:T
22:22042440:C:T
22:22042918:C:T
22:22043674:T:TCA
22:22043909:A:G
22:22043913:A:AG
22:22044386:A:G
22:22045027:C:T
22:22045315:A:G
22:22045409:C:CT
22:22045603:C:T
22:22045977:C:CA
22:22046318:C:T
22:22046353:G:GTTTTC
22:22046545:C:T
22:22046570:G:T
22:22046633:C:T
22:22046636:A:G
22:22046732:C:T
22:22046738:C:T
22:22046812:C:T
22:22047255:A:G
22:22048770:C:G
22:22048862:C:T
22:22049369:G:T
22:22049783:C:T
22:22050234:A:G
22:22051548:A:G
22:22051583:G:T
22:22051709:A:G
22:22052512:C:CA
22:22052814:A:G
22:22053776:C:T
22:22053880:A:G
22:22053885:G:T
22:22055280:A:G
22:22055394:A:G
22:22055581:A:C
22:22056310:T:TCAAAAAACAACAA
22:22057273:A:G
22:22058355:A:G
22:22058586:C:T
22:22059293:C:T
22:22060375:C:T
22:22060445:C:T
22:22061758:A:G
22:22063004:A:G
22:22063337:C:T
22:22064395:C:G
22:22064422:C:T
22:22065251:C:T
22:22065288:A:G
22:22065290:A:G
22:22065407:C:G
22:22065422:C:T
22:22066656:T:TA
22:22066781:C:CGAA
22:22066928:C:T
22:22067722:C:T
22:22068139:C:T
22:22068335:A:G
22:22068517:A:G
22:22068740:C:T
22:22069101:A:ATC
22:22069340:C:T
22:22069757:C:T
22:22069876:A:ATTT
22:22069881:T:TTTTAA
22:22069897:C:T
22:22069941:A:G
22:22069957:A:G
22:22070241:A:G
22:22070489:C:T
22:22070543:A:C
22:22071419:C:CCGGGGCTGGGGGGG
22:22071470:G:T
22:22073072:T:TAC
22:22074273:C:T
22:22074344:A:G
22:22075419:C:G
22:22075499:A:G
22:22075714:C:CTTTTTTTTTT
22:22075785:C:T
22:22076177:C:T
22:22076405:A:G
22:22076699:A:G
22:22076773:C:T
22:22076911:C:CA
22:22077124:C:T
22:22077224:C:T
22:22077631:A:G
22:22077719:C:T
22:22077979:A:AT
22:22078122:C:T
22:22078853:A:AT
22:22079163:C:T
22:22079226:C:T
22:22080124:G:GA
22:22080735:A:G
22:22080878:A:T
22:22081573:C:T
22:22081867:A:C
22:22082018:C:T
22:22082193:C:G
22:22082820:A:G
22:22082919:A:G
22:22084890:A:C
22:22087323:C:T
22:22088182:C:T
22:22089855:C:CCA
22:22090262:A:G
22:22090428:A:G
22:22091123:C:CA
22:22091206:C:G
22:22091244:C:T
22:22091957:C:T
22:22092265:G:GTTT
22:22093119:G:T
22:22093592:A:G
22:22094016:A:G
22:22095771:C:T
22:22095920:C:T
22:22096802:C:G
22:22097006:A:G
22:22097230:A:G
22:22097891:A:G
22:22097892:A:AAG
22:22098687:A:G
22:22098901:G:T
22:22099295:C:T
22:22099343:T:TCTC
22:22100288:A:C
22:22100456:A:G
22:22100718:C:T
22:22101081:A:AAT
22:22101092:C:CT
22:22101375:G:T
22:22101882:A:AT
22:22101995:C:G
22:22102092:C:T
22:22102124:A:G
22:22102251:A:G
22:22102482:C:T
22:22103033:A:G
22:22103423:A:T
22:22103574:G:GC
22:22103599:C:T
22:22104873:A:C
22:22105393:C:T
22:22105582:C:G
22:22105976:C:T
22:22106535:C:T
22:22106618:A:C
22:22107865:C:T
22:22108312:A:G
22:22109250:G:GA
22:22109381:C:T
22:22109596:A:C
22:22109834:A:T
22:22109922:C:T
22:22110167:A:C
22:22110627:A:G
22:22111308:A:G
22:22111900:A:T
22:22111985:C:T
22:22112527:C:T
22:22112794:A:G
22:22112802:C:T
22:22113621:A:G
22:22113688:G:T
22:22113740:A:G
22:22113887:G:T
22:22114036:C:G
22:22114403:C:CCG
22:22115004:C:G
22:22115353:A:G
22:22115498:C:T
22:22115886:C:T
22:22116202:C:G
22:22116467:C:T
22:22119703:C:T
22:22121155:A:G
22:22121327:C:T
22:22121554:C:T
22:22122149:C:T
22:22122747:C:G
22:22124711:A:G
22:22126203:C:T
22:22126219:C:T
22:22126552:A:AGGACTGTCTT
22:22126573:C:T
22:22127490:C:T
22:22128678:A:G
22:22128935:C:T
22:22129215:A:G
22:22130051:C:G
22:22130539:A:ACT
22:22130945:C:G
22:22131125:G:T
22:22132311:A:G
22:22132403:A:G
22:22133788:C:CAAATTCT
22:22134033:A:T
22:22134461:C:T
22:22135171:A:G
22:22136398:G:T
22:22136845:A:G
22:22138450:A:C
22:22138587:A:C
22:22138691:A:G
22:22139847:C:T
22:22139890:C:T
22:22140136:C:T
22:22140209:C:T
22:22140222:C:CA
22:22141347:T:TA
22:22141825:C:T
22:22141895:C:T
22:22143392:A:T
22:22143759:A:C
22:22144169:T:TA
22:22145063:C:G
22:22145101:C:T
22:22145253:C:T
22:22145282:A:C
22:22145561:A:AT
22:22145634:A:G
22:22145732:A:T
22:22146399:A:G
22:22147374:C:T
22:22147616:A:G
22:22147701:A:G
22:22148021:A:C
22:22148524:C:T
22:22148611:G:T
22:22148699:A:T
22:22148731:C:T
22:22149168:C:T
22:22149598:A:C
22:22150982:A:G
22:22151286:C:G
22:22151821:A:G
22:22151939:A:C
22:22152480:C:T
22:22153011:A:AG
22:22153239:A:G
22:22154644:A:G
22:22156201:G:GA
22:22156789:A:C
22:22157060:C:T
22:22157661:C:T
22:22158141:C:T
22:22162257:C:G
22:22162374:A:T
22:22162993:C:T
22:22163246:C:T
22:22163425:A:G
22:22163633:A:G
22:22164597:G:T
22:22164663:T:TCATTAAAAAGAAA
22:22164726:A:AGGCAGGCGGATCATGAGGTCAC
22:22164849:C:T
22:22164923:A:G
22:22164984:A:C
22:22166004:A:G
22:22166450:A:G
22:22167472:A:G
22:22168202:A:G
22:22168246:A:G
22:22168878:C:T
22:22168895:C:G
22:22169057:C:T
22:22169199:G:T
22:22170534:C:CCTG
22:22171567:A:G
22:22173244:A:G
22:22173358:A:G
22:22173907:A:G
22:22174194:A:G
22:22175985:C:T
22:22176518:A:C
22:22177299:A:T
22:22177949:C:T
22:22178104:A:G
22:22178266:T:TA
22:22178334:C:T
22:22178487:A:T
22:22180873:A:C
22:22180964:G:GGCA
22:22181093:A:G
22:22181478:C:T
22:22183980:C:T
22:22184133:C:G
22:22184783:A:G
22:22185347:C:T
22:22186442:A:C
22:22186479:A:C
22:22186562:C:T
22:22186803:A:G
22:22187093:G:T
22:22187660:A:C
22:22188183:A:G
22:22190065:C:CAAAAAA
22:22190163:A:C
22:22190785:A:T
22:22190875:C:T
22:22191458:C:T
22:22191575:C:G
22:22192477:A:G
22:22192572:A:G
22:22193596:A:G
22:22193667:A:AAAAC
22:22194752:A:G
22:22195115:C:CT
22:22195406:C:T
22:22196253:T:TA
22:22196532:A:G
22:22196648:C:T
22:22199525:A:AT
22:22199970:C:T
22:22200530:C:T
22:22201352:C:T
22:22202161:A:G
22:22202164:C:T
22:22202261:A:G
22:22202419:A:AC
22:22203608:A:C
22:22204793:A:G
22:22205353:C:T
22:22205611:A:C
22:22205851:C:T
22:22205932:C:CAAAAAAAAA
22:22205982:C:CAT
22:22208595:C:T
22:22209139:C:T
22:22209190:C:T
22:22209595:G:GTTCT
22:22210135:A:C
22:22210145:C:CACAAACTTGCACAA
22:22210876:A:C
22:22211605:C:T
22:22211880:C:T
22:22212469:C:T
22:22212974:G:T
22:22213601:C:CA
22:22213969:C:T
22:22214572:C:T
22:22214746:A:G
22:22215164:C:G
22:22216457:C:T
22:22216652:T:TA
22:22216956:A:T
22:22217049:C:CATCTCCCTT
22:22217558:C:CT
22:22218622:C:G
22:22219449:A:T
22:22220074:C:T
22:22220816:C:T
22:22220876:T:TA
22:22221167:A:G
22:22221530:A:G
22:22222103:A:T
22:22222320:G:T
22:22223008:A:AT
22:22224295:A:G
22:22224518:A:T
22:22224598:A:G
22:22226711:C:CTGTT
22:22227448:C:T
22:22227480:G:T
22:22227524:C:CA
22:22228080:C:T
22:22228548:G:T
22:22228619:C:G
22:22229207:A:G
22:22230474:A:AT
22:22230880:A:AT
22:22232671:A:G
22:22232682:C:T
22:22232816:C:CA
22:22233205:A:G
22:22233923:A:G
22:22234038:A:G
22:22234414:A:G
22:22235689:C:T
22:22236754:A:G
22:22236804:G:T
22:22236845:C:T
22:22237512:A:T
22:22237920:C:T
22:22237933:A:G
22:22238107:C:T
22:22238305:C:T
22:22238339:C:T
22:22238367:A:G
22:22238848:A:G
22:22239056:C:T
22:22239353:C:T
22:22240895:G:T
22:22241491:A:G
22:22241940:A:G
22:22242034:C:CA
22:22242914:A:ATT
22:22243785:C:G
22:22244897:A:G
22:22245063:A:G
22:22245357:A:AATT
22:22245556:C:G
22:22246262:T:TA
22:22246629:C:T
22:22246753:C:T
22:22246782:A:C
22:22247492:C:CA
22:22247673:A:G
22:22248308:C:T
22:22248515:C:T
22:22250166:C:T
22:22250737:C:CT
22:22251514:A:G
22:22252386:C:T
22:22252464:A:G
22:22253023:C:T
22:22253371:A:ATTGT
22:22254042:C:T
22:22254045:C:G
22:22254261:A:C
22:22256098:A:G
22:22256523:C:T
22:22256773:C:G
22:22257652:A:T
22:22257921:T:TCA
22:22258434:C:T
22:22259174:A:G
22:22260441:C:T
22:22260576:A:G
22:22261447:C:T
22:22262057:A:G
22:22262261:C:T
22:22262369:A:G
22:22262506:T:TAAA
22:22263473:A:G
22:22264027:A:G
22:22264103:A:C
22:22264137:C:T
22:22264844:G:T
22:22265288:A:C
22:22265314:A:AT
22:22265340:A:T
22:22265554:A:T
22:22265792:C:T
22:22265835:C:G
22:22266065:A:G
22:22266210:C:T
22:22266436:A:G
22:22266577:A:G
22:22266808:A:G
22:22266938:C:G
22:22266944:C:CTTTTTTTTTTTTT
22:22266995:C:G
22:22267184:A:C
22:22267280:A:ATT
22:22267303:A:T
22:22267534:A:G
22:22267610:C:T
22:22267927:G:GC
22:22268244:A:G
22:22268257:C:T
22:22268287:A:G
22:22268520:C:T
22:22268759:A:G
22:22268772:A:G
22:22268945:A:AC
22:22269707:C:T
22:22270854:C:T
22:22270859:A:AC
22:22272737:A:G
22:22273058:A:G
22:22273235:A:G
22:22273242:C:T
22:22273249:A:G
22:22273260:G:T
22:22273534:C:T
22:22274943:C:T
22:22275524:C:T
22:22278029:C:T
22:22278220:G:GT
22:22278641:C:CT
22:22278727:A:G
22:22278764:C:T
22:22280767:A:G
22:22280917:C:G
22:22281093:A:G
22:22281182:C:T
22:22281243:C:T
22:22281450:A:G
22:22281902:A:G
22:22282263:C:T
22:22282776:A:G
22:22283231:G:GC
22:22283280:A:G
22:22284117:A:G
22:22284357:C:T
22:22284513:A:G
22:22285987:C:T
22:22286791:A:G
22:22287414:C:T
22:22287862:A:G
22:22287964:C:T
22:22288011:A:G
22:22288309:C:T
22:22288560:A:G
22:22289031:C:T
22:22289397:A:G
22:22290403:C:T
22:22290670:A:C
22:22290936:C:T
22:22291020:A:G
22:22291472:C:T
22:22292099:C:T
22:22292217:C:T
22:22292995:A:C
22:22296119:C:T
22:22297961:C:T
22:22298347:G:T
22:22298474:A:G
22:22298478:A:AT
22:22298583:A:G
22:22298664:A:G
22:22298752:C:T
22:22299622:C:G
22:22299764:C:T
22:22300678:A:G
22:22300941:C:T
22:22301254:C:G
22:22301455:A:G
22:22301508:G:GTGGCAC
22:22301673:C:G
22:22302676:C:T
22:22302706:G:GA
22:22303521:C:G
22:22304760:G:GT
22:22304943:A:G
22:22305008:C:T
22:22305021:A:G
22:22305216:A:C
22:22305629:A:G
22:22305713:A:G
22:22307381:C:T
22:22307519:C:G
22:22307997:A:T
22:22312502:C:T
22:22312568:C:T
22:22312668:C:G
22:22312790:C:G
22:22313128:C:T
22:22313669:A:G
22:22313733:A:G
22:22313829:A:C
22:22314463:C:T
22:22316160:C:T
22:22316272:A:G
22:22316448:C:T
22:22316478:C:T
22:22316540:A:G
22:22316631:A:G
22:22317337:C:T
22:22318031:C:T
22:22318538:C:T
22:22318671:A:G
22:22319388:A:G
22:22320703:T:TGAG
22:22320904:A:G
22:22321304:C:T
22:22322138:A:G
22:22322192:A:C
22:22322274:A:G
22:22324067:C:G
22:22324302:A:ATT
22:22324388:C:T
22:22324538:G:T
22:22325624:A:G
22:22325664:A:AGG
22:22326611:G:T
22:22326668:C:T
22:22327654:C:CT
22:22327788:A:G
22:22328316:C:T
22:22328349:C:T
22:22329101:C:T
22:22329747:G:T
22:22329748:A:C
22:22329851:C:G
22:22330107:G:T
22:22331405:A:G
22:22331746:C:G
22:22331819:C:T
22:22332041:C:T
22:22332583:A:G
22:22333062:C:G
22:22333100:C:CAG
22:22333637:C:T
22:22334527:A:C
22:22334795:C:T
22:22335040:C:G
22:22335125:C:T
22:22336512:A:G
22:22336708:C:T
22:22337601:A:T
22:22338099:A:G
22:22338403:A:G
22:22338488:A:AT
22:22338598:A:G
22:22339199:C:T
22:22339219:C:T
22:22339901:C:T
22:22340371:C:T
22:22340379:C:T
22:22341143:C:G
22:22341385:A:G
22:22341429:C:T
22:22341443:G:T
22:22341779:C:T
22:22341871:C:T
22:22341979:A:G
22:22341992:A:G
22:22342074:A:G
22:22342195:A:G
22:22342247:C:T
22:22342464:G:T
22:22342992:A:G
22:22344848:G:T
22:22352038:C:T
22:22353513:C:T
22:22353521:C:T
22:22353549:A:T
22:22355368:C:T
22:22356241:G:GA
22:22358201:C:T
22:22358231:C:G
22:22359389:A:G
22:22359953:A:C
22:22361511:C:CA
22:22362483:A:G
22:22365938:C:CT
22:22366260:T:TTTA
22:22369492:A:G
22:22372593:C:T
22:22373470:A:C
22:22373519:A:G
22:22373966:G:T
22:22374250:C:CA
22:22375001:A:C
22:22376174:A:T
22:22376432:A:T
22:22377009:G:T
22:22377696:A:G
22:22380217:A:C
22:22380718:C:G
22:22380743:A:G
22:22380989:C:T
22:22381633:T:TTTAAA
22:22381768:A:G
22:22381927:C:CAT
22:22383798:C:T
22:22386921:C:T
22:22387239:A:T
22:22395035:C:T
22:22395754:C:T
22:22396086:C:CT
22:22396639:T:TA
22:22396928:T:TA
22:22397055:A:G
22:22397771:A:G
22:22397907:C:T
22:22397943:C:G
22:22398127:C:T
22:22398220:C:T
22:22398726:C:G
22:22398901:A:T
22:22398958:C:T
22:22399414:C:G
22:22399771:C:T
22:22399896:A:T
22:22399916:C:T
22:22400161:C:G
22:22400542:C:G
22:22400564:C:G
22:22400661:A:T
22:22401214:A:G
22:22401216:C:T
22:22401267:A:G
22:22402103:G:T
22:22402817:T:TACA
22:22402940:C:T
22:22404083:A:G
22:22404386:A:C
22:22404460:A:G
22:22404554:A:G
22:22405071:A:G
22:22405185:G:T
22:22405825:C:T
22:22406560:C:T
22:22406659:C:T
22:22406683:A:T
22:22407764:G:T
22:22407898:A:G
22:22408005:C:T
22:22408017:A:C
22:22408413:A:C
22:22408464:G:T
22:22408964:T:TG
22:22409255:C:T
22:22409736:C:T
22:22409769:A:G
22:22409894:C:T
22:22410271:T:TG
22:22410290:G:T
22:22410325:G:T
22:22411363:C:T
22:22411395:C:T
22:22411770:C:T
22:22411815:A:G
22:22411849:C:T
22:22412026:C:T
22:22412268:A:AAT
22:22412488:C:G
22:22412556:C:T
22:22412602:C:G
22:22412701:C:T
22:22412707:C:T
22:22413165:A:G
22:22413793:C:T
22:22413982:C:T
22:22414663:C:T
22:22414672:G:T
22:22414673:A:G
22:22414988:A:G
22:22415098:A:C
22:22415218:C:G
22:22415546:A:G
22:22415601:G:T
22:22415971:C:T
22:22416006:A:G
22:22416080:A:C
22:22416176:A:C
22:22416237:C:T
22:22416243:C:T
22:22416257:C:T
22:22416297:A:G
22:22416388:A:G
22:22416434:G:T
22:22416573:A:G
22:22416707:C:T
22:22416850:C:G
22:22417168:C:T
22:22417376:A:G
22:22417678:C:T
22:22417696:A:G
22:22417738:A:G
22:22417817:A:C
22:22417829:A:G
22:22418052:A:G
22:22418214:C:G
22:22418252:A:G
22:22418277:T:TTTAACA
22:22418342:C:G
22:22418434:C:T
22:22418726:C:T
22:22418813:A:C
22:22418834:C:T
22:22418933:C:G
22:22418979:A:G
22:22419102:C:T
22:22419105:C:T
22:22419249:A:G
22:22419256:C:T
22:22419771:A:G
22:22419895:A:C
22:22419934:C:T
22:22420237:C:CT
22:22420787:A:G
22:22421249:A:G
22:22421873:A:G
22:22422047:C:T
22:22422053:C:T
22:22422274:C:T
22:22422331:C:G
22:22422622:C:T
22:22422632:G:GT
22:22422634:C:T
22:22422749:C:G
22:22424172:A:G
22:22424184:A:G
22:22424302:A:C
22:22424444:A:G
22:22424526:G:GAT
22:22424857:A:G
22:22425106:G:T
22:22425493:G:T
22:22425888:A:G
22:22425962:C:T
22:22426146:A:G
22:22426303:A:T
22:22426967:A:T
22:22427023:A:G
22:22427124:A:C
22:22427270:G:T
22:22427420:C:T
22:22427560:C:G
22:22427605:C:T
22:22427733:A:G
22:22428083:G:T
22:22428237:C:T
22:22428363:C:T
22:22428873:A:G
22:22428972:C:T
22:22429565:C:T
22:22430042:A:G
22:22430050:A:AT
22:22430229:A:C
22:22430276:C:T
22:22430352:A:T
22:22430603:A:G
22:22430695:A:T
22:22430811:A:G
22:22430952:A:G
22:22431045:A:G
22:22431655:C:T
22:22431669:A:G
22:22431688:G:GT
22:22431830:A:G
22:22432155:A:T
22:22433085:A:AC
22:22433088:G:T
22:22433178:C:G
22:22433332:G:T
22:22433336:A:G
22:22433345:G:T
22:22433366:A:C
22:22433481:A:C
22:22433498:A:T
22:22433601:C:T
22:22433637:A:G
22:22433851:A:G
22:22434037:A:G
22:22434448:A:G
22:22434835:C:T
22:22434937:G:T
22:22434956:C:T
22:22435249:C:CA
22:22435843:A:G
22:22435919:C:T
22:22436162:A:G
22:22436180:A:G
22:22436188:A:T
22:22436253:C:T
22:22436273:A:G
22:22436754:A:G
22:22436759:A:G
22:22436865:C:T
22:22437126:C:T
22:22437729:C:T
22:22439105:A:C
22:22440066:C:G
22:22440788:C:T
22:22441313:G:T
22:22441879:A:ATT
22:22441931:C:T
22:22442055:A:T
22:22442065:A:G
22:22442128:C:T
22:22442172:C:G
22:22442175:C:T
22:22442415:A:G
22:22443022:C:G
22:22443967:A:G
22:22444683:C:T
22:22445113:A:T
22:22446002:A:G
22:22446460:C:T
22:22448456:A:G
22:22451097:T:TAC
22:22451427:G:T
22:22452217:C:T
22:22452776:C:CA
22:22452975:G:T
22:22454496:A:C
22:22454656:C:G
22:22454680:A:G
22:22454725:C:T
22:22454814:A:G
22:22454831:G:T
22:22454876:A:G
22:22454880:C:T
22:22455199:C:G
22:22455358:A:G
22:22455390:C:G
22:22455699:C:T
22:22456240:C:T
22:22456292:C:T
22:22456341:A:G
22:22456583:A:T
22:22456782:A:G
22:22457288:A:T
22:22458151:A:G
22:22458549:C:T
22:22458654:A:G
22:22460291:C:T
22:22460339:C:T
22:22460681:C:T
22:22462358:A:G
22:22463040:A:G
22:22463325:C:G
22:22463331:C:CA
22:22463796:A:G
22:22464673:A:G
22:22465050:A:T
22:22466599:A:C
22:22467906:C:T
22:22468094:C:T
22:22468099:C:T
22:22468556:A:G
22:22468692:A:G
22:22469142:C:T
22:22469804:G:GC
22:22471077:A:C
22:22471635:A:G
22:22471722:A:C
22:22471884:C:T
22:22471985:A:G
22:22472029:C:T
22:22472059:A:G
22:22472099:A:G
22:22472191:C:T
22:22472213:A:G
22:22472330:C:T
22:22472480:G:T
22:22472540:C:G
22:22473054:C:T
22:22473093:G:T
22:22473407:A:G
22:22473641:C:G
22:22474355:C:CA
22:22475217:A:ATTATTTAAATAATTAAATTAAT
22:22476604:C:T
22:22476809:C:G
22:22476997:C:T
22:22477499:C:T
22:22477527:C:T
22:22477902:G:T
22:22478203:C:T
22:22478206:A:AT
22:22478412:C:T
22:22478416:A:G
22:22478482:C:G
22:22478559:A:G
22:22478777:A:G
22:22478955:A:G
22:22479219:C:T
22:22479789:A:C
22:22479961:C:T
22:22481444:A:G
22:22481498:A:G
22:22481592:C:T
22:22482453:A:G
22:22482470:A:T
22:22482637:A:C
22:22482774:C:T
22:22482914:C:T
22:22483153:A:G
22:22483260:A:T
22:22483372:A:G
22:22483457:A:G
22:22483467:A:G
22:22483912:A:G
22:22484348:A:C
22:22485063:T:TA
22:22485124:C:T
22:22485130:C:T
22:22485204:A:T
22:22485231:C:G
22:22485341:A:G
22:22485440:A:G
22:22485462:A:G
22:22485674:C:T
22:22485680:A:G
22:22485776:C:T
22:22485827:A:G
22:22485929:G:T
22:22485986:C:T
22:22485994:A:G
22:22486012:C:T
22:22486020:C:T
22:22486032:C:G
22:22486041:A:G
22:22486108:C:T
22:22486387:A:T
22:22486399:A:G
22:22486428:T:TTAAC
22:22486790:C:T
22:22486808:C:G
22:22486934:C:T
22:22487029:C:T
22:22487068:C:T
22:22487256:A:G
22:22487345:C:T
22:22487392:A:G
22:22487417:C:T
22:22488022:C:T
22:22488043:A:T
22:22488060:G:GT
22:22488158:C:G
22:22488194:A:AC
22:22488266:C:T
22:22488382:A:G
22:22488624:C:T
22:22488758:C:T
22:22489168:A:G
22:22489272:A:G
22:22489314:G:T
22:22489560:C:T
22:22489586:A:G
22:22489729:A:G
22:22489937:A:T
22:22490005:C:T
22:22490208:C:T
22:22490340:A:G
22:22490558:G:GCTAT
22:22490568:A:G
22:22490679:A:G
22:22490974:C:G
22:22491660:C:G
22:22491808:A:G
22:22491949:C:T
22:22492076:A:T
22:22492083:C:T
22:22492092:C:T
22:22492245:C:G
22:22492390:A:T
22:22492492:A:G
22:22492493:A:G
22:22492659:C:CA
22:22492736:A:G
22:22492771:G:T
22:22493238:A:T
22:22493455:C:T
22:22493545:A:C
22:22493691:A:G
22:22494048:C:T
22:22494542:C:T
22:22494864:C:T
22:22495481:A:G
22:22496146:A:G
22:22496458:T:TAAATG
22:22496884:C:G
22:22497398:C:T
22:22497503:G:T
22:22497516:C:T
22:22497661:A:G
22:22497906:A:G
22:22498374:C:T
22:22499249:A:T
22:22499309:A:G
22:22499710:G:T
22:22500101:C:T
22:22500272:A:G
22:22500665:A:G
22:22500696:A:G
22:22501430:A:G
22:22501449:A:ACATACCTAAT
22:22503633:A:G
22:22503831:A:G
22:22504281:G:T
22:22504493:C:T
22:22504635:C:G
22:22505157:A:G
22:22505429:A:G
22:22505588:C:T
22:22506241:C:T
22:22506428:C:T
22:22507057:C:G
22:22507652:C:T
22:22508350:C:T
22:22508432:G:T
22:22509108:C:G
22:22509357:A:AG
22:22509458:A:G
22:22509601:A:G
22:22510735:C:T
22:22511111:A:G
22:22511565:A:G
22:22512415:A:G
22:22512650:C:CT
22:22512653:A:G
22:22513579:C:T
22:22513809:A:ATT
22:22514064:C:T
22:22514082:C:T
22:22514424:A:G
22:22514705:C:G
22:22514828:C:T
22:22515141:C:T
22:22516086:A:C
22:22516998:C:T
22:22517136:C:G
22:22517162:A:T
22:22517205:A:G
22:22517349:C:T
22:22517479:A:C
22:22517698:A:G
22:22517702:A:T
22:22517705:C:T
22:22517826:C:T
22:22517878:C:T
22:22518067:A:G
22:22518122:A:G
22:22518338:C:T
22:22518517:C:T
22:22518533:C:G
22:22518611:G:T
22:22518679:G:T
22:22518699:C:T
22:22518721:A:C
22:22518767:C:T
22:22518789:C:T
22:22519000:C:T
22:22520067:A:G
22:22520302:A:G
22:22520450:A:G
22:22520548:C:T
22:22520725:C:T
22:22521496:C:T
22:22522265:C:T
22:22522272:A:G
22:22522589:A:C
22:22522863:A:G
22:22522882:A:G
22:22522984:C:T
22:22523063:C:G
22:22523073:C:T
22:22523091:G:T
22:22523198:A:G
22:22523271:A:G
22:22524468:T:TAAAA
22:22525098:C:CCTTCAGCCCTTA
22:22525600:G:T
22:22525827:A:G
22:22526644:A:G
22:22528562:C:T
22:22529806:C:T
22:22530000:A:G
22:22531074:C:T
22:22531525:C:T
22:22531836:A:AT
22:22532653:C:T
22:22533031:C:T
22:22533579:C:T
22:22534142:<INS:ME:ALU>:G
22:22534988:A:T
22:22535082:C:T
22:22535973:C:T
22:22536610:C:T
22:22536672:A:G
22:22536804:C:T
22:22537235:G:T
22:22538229:G:GTACAT
22:22538827:G:T
22:22538865:C:G
22:22539705:A:T
22:22539923:A:G
22:22540669:G:GTACTTCAGAT
22:22541402:C:G
22:22542624:A:G
22:22542894:C:G
22:22543153:G:T
22:22543545:A:C
22:22544020:A:G
22:22544431:C:G
22:22544716:A:C
22:22544718:C:G
22:22545539:A:C
22:22545834:A:G
22:22545932:C:T
22:22546508:C:CA
22:22546657:A:G
22:22546769:A:G
22:22546951:A:T
22:22548222:C:G
22:22548831:A:G
22:22549095:A:G
22:22549940:A:G
22:22550982:A:T
22:22551129:A:T
22:22551837:A:G
22:22551986:A:G
22:22552415:C:T
22:22552429:C:T
22:22553664:C:T
22:22553765:C:CT
22:22553845:A:G
22:22557418:A:T
22:22557954:A:G
22:22558078:C:T
22:22558084:A:G
22:22558114:C:T
22:22558415:C:CA
22:22558460:G:T
22:22558652:C:T
22:22559047:C:T
22:22559395:A:G
22:22559503:C:T
22:22559534:G:GT
22:22559747:C:T
22:22559904:C:T
22:22560489:A:G
22:22560534:A:G
22:22560610:A:G
22:22560858:A:G
22:22560977:C:T
22:22561364:A:G
22:22561758:C:T
22:22561958:C:T
22:22561973:C:T
22:22562219:A:G
22:22562344:T:TG
22:22562747:C:G
22:22562874:C:T
22:22562885:A:G
22:22563034:A:C
22:22564734:A:T
22:22565774:C:CCAGG
22:22565789:C:T
22:22565876:A:G
22:22566563:G:T
22:22566976:A:G
22:22567202:C:CA
22:22567762:A:G
22:22567948:A:G
22:22568014:G:T
22:22568531:C:T
22:22568820:C:T
22:22569448:A:T
22:22569640:G:T
22:22569758:A:C
22:22570271:A:G
22:22570658:A:G
22:22570821:C:T
22:22571456:A:T
22:22571612:A:G
22:22571681:C:G
22:22571981:C:T
22:22572122:A:AT
22:22572199:C:T
22:22572812:C:T
22:22572822:A:G
22:22572904:A:G
22:22573209:C:T
22:22573365:C:T
22:22573414:A:G
22:22573837:C:T
22:22573878:A:C
22:22573973:C:G
22:22574035:C:T
22:22574105:A:G
22:22574248:A:G
22:22574458:C:G
22:22574855:C:T
22:22575308:C:T
22:22577869:A:G
22:22578408:C:T
22:22578991:C:G
22:22579130:C:T
22:22579341:C:T
22:22579822:C:T
22:22580303:C:T
22:22580314:A:G
22:22580448:A:G
22:22581101:A:G
22:22581369:A:G
22:22581850:C:CTTTTTT
22:22582026:A:AT
22:22583252:C:G
22:22584255:C:T
22:22584678:A:G
22:22584881:C:T
22:22584941:G:T
22:22585052:C:T
22:22585324:A:T
22:22587439:C:T
22:22588189:C:G
22:22588632:C:T
22:22588870:A:G
22:22589012:A:G
22:22589022:C:T
22:22589036:G:T
22:22589259:A:C
22:22589425:A:G
22:22589426:A:T
22:22589767:A:G
22:22590113:C:T
22:22590582:C:T
22:22590780:C:T
22:22590873:C:T
22:22591004:A:C
22:22591053:A:G
22:22591088:A:G
22:22591152:C:T
22:22591185:C:T
22:22591226:T:TA
22:22591584:A:G
22:22591602:C:CA
22:22592951:C:T
22:22593041:G:T
22:22593311:A:ATT
22:22593407:A:G
22:22593968:A:C
22:22595385:A:C
22:22595812:C:T
22:22596259:C:T
22:22596468:C:T
22:22596799:T:TA
22:22597062:C:G
22:22597291:C:G
22:22597596:C:T
22:22597601:A:G
22:22597742:A:G
22:22598156:T:TA
22:22598724:G:T
22:22598743:C:T
22:22599057:A:G
22:22599380:A:G
22:22599808:C:T
22:22601267:A:G
22:22601285:C:T
22:22601293:C:T
22:22603918:C:T
22:22604720:T:TAGA
22:22604904:A:G
22:22604963:C:T
22:22605524:A:G
22:22606006:A:T
22:22606179:C:CTA
22:22606286:C:T
22:22606689:A:AATATAT
22:22606775:A:G
22:22607227:A:G
22:22607401:A:G
22:22607489:G:T
22:22607729:C:CTTTA
22:22608193:C:T
22:22608739:A:G
22:22609462:C:T
22:22609508:A:G
22:22609710:G:GT
22:22609828:A:G
22:22610667:G:GCA
22:22611095:C:G
22:22611477:A:G
22:22611556:C:G
22:22611764:A:C
22:22612065:C:T
22:22612431:A:G
22:22612642:C:T
22:22612764:A:G
22:22612792:C:T
22:22612897:A:G
22:22613084:C:T
22:22613184:A:G
22:22613265:A:G
22:22613286:C:T
22:22613296:C:T
22:22613458:C:T
22:22613951:C:T
22:22615088:A:T
22:22615125:G:GA
22:22615606:A:AAAAG
22:22615674:C:T
22:22616167:A:G
22:22616236:A:G
22:22616591:C:T
22:22616722:C:T
22:22617223:C:T
22:22617339:C:T
22:22617369:G:T
22:22617746:C:G
22:22617811:A:T
22:22617865:G:T
22:22617928:A:G
22:22617975:C:T
22:22618257:A:G
22:22618480:A:G
22:22619124:A:C
22:22619933:C:T
22:22619971:C:T
22:22620015:A:G
22:22620019:C:T
22:22621673:A:G
22:22621909:C:G
22:22622034:C:T
22:22622222:G:T
22:22622468:C:G
22:22622655:A:G
22:22622752:A:G
22:22623342:A:G
22:22623389:C:G
22:22623826:C:T
22:22625680:A:C
22:22627421:A:G
22:22629312:C:T
22:22629621:G:GTTT
22:22629625:G:T
22:22629722:C:G
22:22630240:A:G
22:22630254:C:T
22:22630360:C:G
22:22630895:C:T
22:22631465:A:T
22:22631527:A:C
22:22634479:C:T
22:22635714:C:T
22:22635840:C:G
22:22635923:A:G
22:22636007:A:C
22:22636176:A:G
22:22636206:C:T
22:22636457:A:C
22:22636621:C:G
22:22636819:A:G
22:22636889:C:T
22:22637011:G:T
22:22637043:C:T
22:22637045:C:T
22:22638853:T:TAA
22:22639235:A:T
22:22639356:T:TTCATC
22:22639367:C:T
22:22639491:C:T
22:22639733:C:T
22:22639816:T:TTCATC
22:22639854:C:CTCT
22:22640533:T:TTCATC
22:22640558:A:G
22:22640816:T:TTCTCA
22:22640954:A:AATTTC
22:22641012:A:T
22:22641159:C:T
22:22641160:A:T
22:22641286:C:CTCA
22:22641920:C:T
22:22642274:A:G
22:22642284:A:G
22:22642662:A:T
22:22642732:C:T
22:22642769:C:T
22:22643371:A:G
22:22643466:A:G
22:22643585:A:C
22:22643800:A:G
22:22644315:A:AGG
22:22644794:A:C
22:22645427:C:T
22:22645490:A:G
22:22645582:A:C
22:22645583:A:G
22:22646562:C:T
22:22646569:C:G
22:22646732:C:T
22:22646825:C:T
22:22648045:A:G
22:22648229:G:GA
22:22648281:A:G
22:22648645:A:G
22:22649105:C:T
22:22649144:C:T
22:22650239:C:T
22:22651659:C:T
22:22651771:A:AC
22:22651907:C:T
22:22651923:C:CG
22:22652155:G:T
22:22652491:C:G
22:22654657:A:G
22:22655198:C:T
22:22656036:A:G
22:22656699:A:G
22:22657421:C:CT
22:22657557:C:G
22:22657900:A:G
22:22659802:A:G
22:22660227:C:T
22:22660238:C:T
22:22660748:C:T
22:22660959:A:G
22:22661150:C:T
22:22661155:A:G
22:22661173:C:T
22:22661181:C:G
22:22661626:C:T
22:22661662:A:T
22:22662552:C:CTTT
22:22662940:C:T
22:22663216:A:G
22:22663414:G:T
22:22663668:A:G
22:22664061:T:TTG
22:22664566:A:G
22:22664639:A:G
22:22664851:C:T
22:22664908:A:G
22:22666218:A:G
22:22666674:G:T
22:22666739:C:T
22:22667034:A:C
22:22667060:C:T
22:22667152:A:G
22:22667733:C:T
22:22667796:C:T
22:22667891:A:G
22:22667898:C:T
22:22668759:A:T
22:22668995:C:T
22:22669196:A:G
22:22669291:A:G
22:22669748:A:G
22:22670011:C:T
22:22670103:C:T
22:22670585:A:G
22:22670705:A:G
22:22670818:C:G
22:22671670:A:G
22:22671741:A:G
22:22671833:A:G
22:22671846:A:C
22:22671962:C:T
22:22672581:C:T
22:22673639:C:T
22:22673784:C:G
22:22673955:A:T
22:22674086:A:G
22:22674126:C:CT
22:22674245:G:T
22:22674448:C:CTTT
22:22674600:A:C
22:22675289:A:T
22:22675292:C:T
22:22675412:C:T
22:22676110:A:G
22:22676407:A:G
22:22676443:A:G
22:22676593:C:G
22:22676970:C:T
22:22677500:C:T
22:22677667:A:G
22:22677896:A:G
22:22677968:A:G
22:22678376:G:T
22:22678635:A:G
22:22678900:G:T
22:22678977:A:C
22:22679661:A:G
22:22679811:C:CAG
22:22679879:C:T
22:22679895:A:G
22:22680014:C:T
22:22680119:C:G
22:22680155:T:TACTC
22:22680676:C:T
22:22680841:G:GA
22:22681042:A:G
22:22681386:C:T
22:22681721:C:T
22:22681765:A:G
22:22682301:G:GTCCAGGGGCA
22:22682657:A:G
22:22682879:C:CACAA
22:22683412:A:G
22:22684250:A:ATTCT
22:22684298:A:G
22:22684408:C:CAT
22:22685340:C:T
22:22687478:A:T
22:22687967:C:T
22:22688112:A:G
22:22688119:A:C
22:22688212:A:T
22:22688794:C:T
22:22689698:C:T
22:22690080:A:G
22:22690416:T:TAAAC
22:22691123:A:G
22:22691271:T:TTAAAG
22:22691282:T:TAAAC
22:22691624:C:G
22:22691900:A:G
22:22691915:A:AT
22:22694294:A:G
22:22694382:A:G
22:22694486:A:G
22:22694656:C:T
22:22696880:T:TA
22:22697014:A:G
22:22697345:G:T
22:22697358:C:T
22:22697490:A:C
22:22698389:A:G
22:22698552:A:G
22:22699092:A:G
22:22699920:C:CT
22:22699958:G:GA
22:22700654:A:G
22:22701051:A:G
22:22701474:A:G
22:22701660:A:G
22:22701680:C:G
22:22701823:A:G
22:22702893:A:G
22:22703976:C:T
22:22704013:C:G
22:22706190:C:T
22:22706699:A:AT
22:22706766:C:T
22:22707004:C:G
22:22707008:C:T
22:22707089:A:G
22:22707106:A:G
22:22707107:C:T
22:22707178:A:G
22:22707299:A:C
22:22707309:C:T
22:22707388:C:T
22:22707429:C:T
22:22707443:A:T
22:22707452:G:GT
22:22707473:C:G
22:22707555:A:G
22:22707557:C:G
22:22707576:A:T
22:22707638:A:G
22:22707639:A:G
22:22707646:C:T
22:22707696:C:G
22:22707713:G:T
22:22707814:A:G
22:22707820:C:T
22:22707835:G:GT
22:22707989:C:T
22:22708097:A:G
22:22708265:A:C
22:22708288:C:G
22:22708315:A:C
22:22708408:A:T
22:22708798:C:T
22:22708988:C:G
22:22708991:T:TG
22:22709100:C:G
22:22709163:C:T
22:22710465:C:T
22:22710569:G:T
22:22710648:C:T
22:22710758:C:T
22:22711289:C:T
22:22711358:A:G
22:22711398:G:T
22:22711786:C:T
22:22712467:G:T
22:22712810:C:G
22:22712891:A:G
22:22714084:A:G
22:22714459:A:G
22:22714875:A:AT
22:22715293:A:AT
22:22716296:C:G
22:22717616:A:G
22:22718635:C:T
22:22719005:A:G
22:22719654:A:G
22:22719678:A:G
22:22719884:C:G
22:22719989:A:G
22:22720450:A:C
22:22720611:C:G
22:22722482:C:T
22:22722929:A:G
22:22723177:G:T
22:22723864:A:G
22:22724135:G:GT
22:22724341:A:C
22:22724394:C:T
22:22724951:G:T
22:22725057:G:T
22:22725114:A:T
22:22725493:A:C
22:22725550:C:T
22:22725582:A:G
22:22727099:G:T
22:22727211:G:T
22:22727904:A:G
22:22728326:C:T
22:22728476:A:C
22:22728728:C:T
22:22729724:A:G
22:22729727:C:T
22:22729881:A:G
22:22730203:A:G
22:22731960:A:C
22:22732246:A:G
22:22733533:A:G
22:22738592:A:G
22:22739274:A:AAT
22:22740190:C:T
22:22740308:A:C
22:22740716:C:G
22:22740762:C:G
22:22740855:A:G
22:22741106:C:T
22:22741337:C:T
22:22741481:A:C
22:22741939:C:T
22:22741958:A:G
22:22742011:A:G
22:22742030:A:T
22:22742057:A:G
22:22742125:G:T
22:22742337:C:T
22:22742509:G:T
22:22742546:A:T
22:22742624:A:G
22:22742731:A:G
22:22742785:A:G
22:22742846:G:T
22:22743069:G:T
22:22743116:C:T
22:22743126:C:T
22:22743256:A:G
22:22743564:C:T
22:22743737:C:T
22:22743812:C:T
22:22743862:C:T
22:22743984:A:C
22:22744136:A:G
22:22744207:A:G
22:22744402:A:G
22:22744510:G:T
22:22744591:A:C
22:22744727:C:G
22:22744836:A:G
22:22745112:C:T
22:22745525:A:G
22:22745604:G:T
22:22745771:T:TG
22:22745786:C:T
22:22745971:C:G
22:22746257:A:T
22:22746298:C:T
22:22746454:A:C
22:22746634:A:G
22:22747037:C:T
22:22747099:C:CT
22:22747141:C:T
22:22747348:A:C
22:22747485:G:GAA
22:22747614:G:T
22:22747677:C:T
22:22747812:A:G
22:22747860:C:G
22:22747908:C:T
22:22748058:G:T
22:22748072:A:G
22:22748200:A:T
22:22748498:A:G
22:22748725:G:T
22:22748894:A:G
22:22749084:A:G
22:22750684:C:T
22:22751104:G:T
22:22751215:A:G
22:22751406:C:T
22:22752083:C:CAG
22:22753029:C:G
22:22753032:A:G
22:22753256:C:G
22:22753663:C:G
22:22754073:G:T
22:22754245:A:G
22:22754476:A:G
22:22754483:A:G
22:22754544:A:G
22:22755065:C:T
22:22757189:A:G
22:22757519:A:C
22:22757842:C:T
22:22757847:C:T
22:22757875:C:G
22:22757900:C:G
22:22757944:A:G
22:22757948:C:T
22:22758131:A:T
22:22758237:A:G
22:22758435:C:T
22:22758488:A:T
22:22758721:C:T
22:22759044:C:T
22:22759094:C:T
22:22759191:G:T
22:22759538:A:G
22:22759803:A:C
22:22759999:C:T
22:22760020:T:TA
22:22760142:A:G
22:22760407:A:G
22:22760463:A:G
22:22760637:A:G
22:22760648:C:T
22:22761051:C:T
22:22761286:C:T
22:22761658:G:T
22:22762359:A:G
22:22762771:C:T
22:22763526:C:T
22:22763534:C:T
22:22763841:C:T
22:22764087:A:G
22:22767510:C:T
22:22768443:C:T
22:22769365:A:G
22:22769923:A:G
22:22771426:A:G
22:22774303:G:GT
22:22776138:C:T
22:22776644:C:T
22:22776990:C:G
22:22777548:C:T
22:22777920:A:G
22:22780581:C:T
22:22782150:A:G
22:22782704:A:C
22:22783380:C:G
22:22796216:A:G
22:22796336:C:T
22:22801080:A:G
22:22801719:G:T
22:22809752:A:T
22:22810091:A:G
22:22810261:C:T
22:22810303:C:T
22:22810656:A:C
22:22810664:A:C
22:22811117:A:C
22:22811145:C:T
22:22811199:A:G
22:22811363:C:T
22:22811438:A:G
22:22811610:C:T
22:22811680:A:G
22:22811863:C:T
22:22811925:C:T
22:22812215:C:T
22:22812220:C:T
22:22812735:C:T
22:22813329:A:T
22:22813494:A:G
22:22813504:C:T
22:22813943:G:T
22:22813947:A:G
22:22813974:G:T
22:22814459:A:G
22:22814640:C:G
22:22814876:G:GTA
22:22814883:C:T
22:22815338:A:T
22:22815507:A:G
22:22815651:C:CA
22:22815848:A:G
22:22816068:C:G
22:22816315:C:T
22:22816373:A:G
22:22816386:A:G
22:22816851:A:G
22:22817218:A:G
22:22817370:A:G
22:22817621:C:T
22:22817791:A:T
22:22817792:A:C
22:22817829:C:G
22:22817957:A:C
22:22818159:A:C
22:22818895:A:C
22:22819115:C:T
22:22819378:C:T
22:22819448:C:T
22:22820630:G:T
22:22820710:C:G
22:22820875:G:T
22:22820934:A:G
22:22821837:G:GAAA
22:22821870:A:G
22:22822363:C:T
22:22822548:C:T
22:22822576:C:T
22:22822658:C:T
22:22823110:G:T
22:22823407:C:T
22:22823498:G:T
22:22823803:A:G
22:22823804:C:T
22:22824091:A:T
22:22824463:A:G
22:22824507:C:T
22:22824574:A:G
22:22825170:A:G
22:22825186:A:G
22:22825571:C:T
22:22825643:A:G
22:22825706:C:T
22:22825721:G:T
22:22825898:C:G
22:22825931:A:G
22:22826192:A:G
22:22826252:A:T
22:22826273:G:T
22:22826736:A:G
22:22826746:C:T
22:22826765:C:T
22:22826905:A:G
22:22827073:A:AT
22:22827281:C:T
22:22827568:C:T
22:22827870:A:G
22:22828011:C:T
22:22828088:A:G
22:22828137:G:T
22:22828336:A:G
22:22828408:C:T
22:22828549:A:T
22:22828580:C:T
22:22828660:G:T
22:22829852:C:T
22:22829940:C:T
22:22829982:A:C
22:22830188:C:T
22:22830208:C:T
22:22830365:C:T
22:22831833:C:CAA
22:22832291:C:T
22:22834084:A:G
22:22835338:A:C
22:22836074:A:ATTTGTCTG
22:22837045:A:G
22:22837477:C:T
22:22838416:A:C
22:22839096:A:C
22:22839424:A:G
22:22839559:A:G
22:22840122:C:CTATG
22:22841049:C:G
22:22841102:C:T
22:22841161:A:C
22:22841637:C:T
22:22841830:C:CTT
22:22841841:A:T
22:22842206:C:T
22:22842957:G:T
22:22843118:C:T
22:22844639:A:C
22:22844920:A:T
22:22845240:C:T
22:22845678:G:T
22:22845830:A:G
22:22846510:C:T
22:22846955:C:T
22:22847205:C:CA
22:22847392:C:T
22:22848528:A:G
22:22849364:A:T
22:22850683:C:T
22:22850707:C:T
22:22851447:C:T
22:22852123:A:G
22:22852211:A:T
22:22852722:A:T
22:22853067:A:T
22:22853095:C:CTTTTTT
22:22853351:C:T
22:22853706:C:G
22:22853975:A:G
22:22855929:C:T
22:22856373:C:T
22:22857751:C:G
22:22858402:A:T
22:22858758:A:C
22:22859120:C:G
22:22859284:A:G
22:22859397:A:G
22:22859712:A:G
22:22859753:C:T
22:22859890:T:TAAATAA
22:22860129:A:C
22:22860216:C:T
22:22860286:A:G
22:22860580:A:G
22:22861527:A:G
22:22861994:A:G
22:22862042:C:T
22:22862062:A:G
22:22862813:C:G
22:22863779:C:T
22:22863975:C:T
22:22865088:A:AAAG
22:22865427:C:CT
22:22865849:A:G
22:22865908:C:CT
22:22866460:A:G
22:22876151:C:G
22:22876386:G:T
22:22876430:A:G
22:22876893:A:AT
22:22878175:C:T
22:22878406:A:C
22:22879141:A:C
22:22879902:A:T
22:22879905:A:T
22:22886169:A:ATT
22:22888243:C:T
22:22888267:C:T
22:22888269:C:T
22:22888491:C:T
22:22888662:T:TAC
22:22888690:C:T
22:22889246:A:G
22:22889528:A:G
22:22889664:A:C
22:22889840:A:G
22:22889954:A:G
22:22890492:A:G
22:22890752:A:G
22:22890792:C:T
22:22891195:A:C
22:22891294:C:G
22:22893756:C:T
22:22894053:A:C
22:22894092:C:T
22:22894965:C:T
22:22895569:G:T
22:22896520:C:CA
22:22896719:C:G
22:22896851:C:T
22:22896912:C:T
22:22897115:A:G
22:22897261:A:G
22:22897322:A:G
22:22897566:C:T
22:22898892:A:G
22:22898906:A:ACT
22:22899234:A:G
22:22899363:A:G
22:22899364:A:G
22:22899414:A:G
22:22899638:A:ACTG
22:22899662:C:CA
22:22900077:A:G
22:22900133:A:C
22:22901087:A:ATGGAGAGGCAG
22:22901408:A:G
22:22901988:G:T
22:22902168:A:G
22:22902252:C:T
22:22902625:G:T
22:22902986:A:AT
22:22904064:A:T
22:22905244:C:CT
22:22905748:T:TA
22:22905780:C:T
22:22905809:C:G
22:22909172:G:T
22:22909590:C:T
22:22912091:C:T
22:22912980:A:G
22:22913667:A:T
22:22913723:T:TGCTGCAGAACTAAGGA
22:22913931:C:T
22:22914164:G:T
22:22914341:A:G
22:22914382:A:AAAGG
22:22914466:A:AAGAG
22:22915780:C:T
22:22915822:C:T
22:22916106:C:T
22:22916157:T:TC
22:22916531:A:G
22:22916569:C:T
22:22916960:C:T
22:22917095:C:G
22:22917279:C:T
22:22917590:C:G
22:22918151:C:T
22:22918595:A:G
22:22920920:A:ATG
22:22921404:C:G
22:22921570:A:T
22:22921585:A:G
22:22921588:C:T
22:22922471:C:T
22:22922640:C:G
22:22922878:C:T
22:22923337:C:CT
22:22927301:A:G
22:22927362:C:T
22:22928296:C:T
22:22928610:A:C
22:22928698:C:T
22:22928854:G:T
22:22928912:C:T
22:22929055:A:T
22:22929143:A:G
22:22929268:C:T
22:22929365:C:T
22:22929466:C:T
22:22929659:A:G
22:22929702:C:T
22:22929802:A:G
22:22929806:A:G
22:22929933:C:CA
22:22930019:T:TA
22:22930220:C:G
22:22930391:C:T
22:22931385:A:G
22:22931485:A:G
22:22931688:G:T
22:22932152:C:T
22:22935229:A:G
22:22936815:A:G
22:22937827:A:T
22:22938050:A:G
22:22939107:G:GA
22:22939113:A:T
22:22939375:A:C
22:22939466:G:T
22:22939608:A:G
22:22939725:A:G
22:22939742:A:T
22:22939903:C:T
22:22940611:A:T
22:22941176:G:T
22:22942159:C:T
22:22942720:C:T
22:22942763:A:G
22:22943500:A:G
22:22944153:A:G
22:22945355:A:G
22:22945823:A:G
22:22945890:A:G
22:22946569:A:G
22:22947156:C:G
22:22948501:A:T
22:22948883:A:T
22:22950458:A:AT
22:22951049:G:T
22:22951190:A:G
22:22951607:A:G
22:22952239:A:G
22:22952474:C:T
22:22953626:A:T
22:22953644:A:C
22:22953807:A:G
22:22954924:A:G
22:22955296:A:G
22:22955517:A:G
22:22957510:A:C
22:22957905:A:T
22:22958130:A:T
22:22958191:A:T
22:22958426:C:T
22:22958517:C:T
22:22958565:A:G
22:22958868:C:T
22:22959307:C:T
22:22959377:A:T
22:22960284:C:T
22:22960419:C:T
22:22961607:C:T
22:22961608:C:T
22:22961766:A:G
22:22961786:C:T
22:22961889:A:T
22:22961917:A:G
22:22962605:C:G
22:22962775:A:T
22:22963155:A:G
22:22963269:C:T
22:22963473:A:G
22:22964100:C:G
22:22964343:G:GACCA
22:22964884:A:C
22:22964891:A:G
22:22964940:C:T
22:22964968:G:T
22:22965702:A:C
22:22966220:A:G
22:22966430:A:T
22:22967229:G:T
22:22967415:C:T
22:22968147:C:T
22:22968584:A:AT
22:22969588:A:G
22:22970559:A:C
22:22971219:C:T
22:22972131:A:G
22:22972288:A:G
22:22974235:A:T
22:22974789:A:G
22:22975536:A:G
22:22976532:A:C
22:22976844:A:G
22:22977049:A:G
22:22977112:C:T
22:22977116:C:T
22:22977536:C:T
22:22977554:C:G
22:22978616:A:G
22:22978657:C:T
22:22979017:C:T
22:22980545:A:G
22:22980561:A:G
22:22980711:C:G
22:22981100:C:T
22:22981387:C:T
22:22981828:C:G
22:22981860:G:T
22:22982523:C:T
22:22983027:A:G
22:22983852:A:C
22:22985746:C:T
22:22988713:A:G
22:22988913:A:T
22:22988917:C:T
22:22989270:A:G
22:22989281:C:T
22:22989520:G:T
22:22989622:C:T
22:22990465:A:G
22:22991326:A:G
22:22996155:C:T
22:22996449:C:T
22:22996569:C:T
22:22996572:C:T
22:22996618:G:T
22:22996673:T:TTA
22:22996796:C:G
22:22996815:G:GCCTGCTACAGTGTCA
22:22996982:C:CTTT
22:22997039:C:T
22:22997159:A:G
22:22997179:A:G
22:22997211:C:T
22:22997451:A:G
22:22997973:A:G
22:22998124:C:T
22:22998136:A:G
22:22998610:G:T
22:22999644:A:G
22:22999697:A:C
22:23000753:G:T
22:23000865:C:T
22:23000892:C:T
22:23001632:G:GA
22:23002893:C:T
22:23003385:A:G
22:23003442:C:T
22:23003576:A:C
22:23003725:A:G
22:23004296:A:C
22:23004930:G:GT
22:23005430:C:CTAGCCT
22:23006523:A:G
22:23006907:A:G
22:23008118:A:G
22:23009148:A:T
22:23010963:A:C
22:23011376:A:G
22:23011461:A:T
22:23011593:C:G
22:23011602:C:T
22:23012318:A:G
22:23012647:A:G
22:23013483:A:G
22:23013849:A:C
22:23014658:C:T
22:23015070:C:T
22:23015162:C:T
22:23015302:A:G
22:23015502:A:C
22:23015658:A:G
22:23016276:G:T
22:23016983:A:G
22:23017125:A:C
22:23017737:A:AT
22:23017909:A:T
22:23018305:C:G
22:23019307:G:T
22:23019378:A:G
22:23019547:C:T
22:23019886:A:G
22:23020276:A:G
22:23020745:C:T
22:23020788:A:G
22:23020968:C:T
22:23021867:A:T
22:23022520:C:T
22:23022786:G:T
22:23023222:G:T
22:23023234:A:G
22:23023374:C:G
22:23023396:A:G
22:23024748:A:T
22:23024815:C:T
22:23025002:G:GC
22:23025003:C:T
22:23025004:G:T
22:23025004:G:GA
22:23025005:A:G
22:23025022:A:G
22:23025287:C:CTG
22:23025307:A:G
22:23025322:C:T
22:23025543:G:T
22:23025613:A:G
22:23026788:C:T
22:23027209:A:G
22:23027380:A:G
22:23027436:C:T
22:23027696:A:G
22:23027809:C:T
22:23027868:A:G
22:23028011:G:T
22:23028302:C:T
22:23029097:A:G
22:23029263:C:T
22:23029374:A:G
22:23029526:C:G
22:23029982:G:T
22:23030543:C:T
22:23031722:A:G
22:23031758:C:T
22:23031988:A:G
22:23032448:A:G
22:23032580:C:T
22:23032847:C:T
22:23033417:C:G
22:23033418:C:T
22:23033679:C:G
22:23034324:C:T
22:23034658:C:G
22:23035171:C:CT
22:23036000:C:G
22:23036088:A:G
22:23036092:C:T
22:23037276:A:G
22:23037325:C:T
22:23037747:C:G
22:23038574:A:C
22:23038750:C:G
22:23039016:A:G
22:23039159:G:T
22:23039409:A:G
22:23039483:G:T
22:23039713:C:T
22:23039803:C:T
22:23040030:A:C
22:23040031:A:G
22:23040059:A:G
22:23040318:C:T
22:23040362:A:G
22:23040389:C:G
22:23040461:A:C
22:23040462:C:T
22:23041100:A:C
22:23041140:C:T
22:23041354:C:G
22:23041548:G:T
22:23041862:C:T
22:23041981:C:CA
22:23042343:G:T
22:23042411:C:T
22:23042544:C:CT
22:23043385:G:T
22:23044243:C:G
22:23045012:C:T
22:23045081:C:T
22:23045102:A:G
22:23045353:C:G
22:23045403:C:T
22:23046101:A:G
22:23049033:T:TG
22:23049839:A:C
22:23049840:A:G
22:23050471:C:T
22:23051136:C:G
22:23054614:A:G
22:23055108:C:G
22:23055148:C:T
22:23055339:C:T
22:23055752:C:T
22:23056081:G:T
22:23056462:C:T
22:23057411:C:T
22:23057420:A:C
22:23057527:A:AAAAGG
22:23058620:A:G
22:23059453:A:G
22:23059563:A:G
22:23060694:C:T
22:23061501:A:G
22:23063840:A:G
22:23067700:A:G
22:23069860:C:T
22:23078339:A:T
22:23078808:G:T
22:23079635:G:GT
22:23081431:C:T
22:23081905:A:G
22:23082695:A:G
22:23082697:A:G
22:23084133:G:T
22:23085784:A:C
22:23087199:A:G
22:23087238:C:G
22:23087756:C:T
22:23087827:C:T
22:23088026:A:G
22:23089339:A:C
22:23089511:A:T
22:23089941:A:ACT
22:23090399:C:G
22:23090423:C:G
22:23090438:A:G
22:23090468:C:T
22:23090475:C:T
22:23090539:C:T
22:23090585:A:G
22:23090669:C:T
22:23090691:G:T
22:23090917:A:G
22:23090920:A:G
22:23091245:C:T
22:23091473:C:T
22:23091680:A:G
22:23092160:A:G
22:23092210:C:G
22:23092345:A:AG
22:23092355:A:G
22:23092445:C:T
22:23092854:A:T
22:23093031:A:ACCTCTGCCCAATTCTTAGG
22:23093200:C:G
22:23093356:A:G
22:23094201:A:C
22:23096006:T:TTCTC
22:23096298:A:G
22:23097015:A:G
22:23097033:C:T
22:23097881:C:G
22:23097970:A:C
22:23098587:A:G
22:23099481:A:T
22:23099604:G:GTA
22:23099936:A:G
22:23099992:A:G
22:23100360:C:T
22:23100715:C:G
22:23100721:A:C
22:23100759:C:T
22:23100772:C:T
22:23100800:A:G
22:23100830:A:G
22:23101055:A:G
22:23101103:A:G
22:23101132:A:C
22:23101216:A:G
22:23101221:A:G
22:23101248:C:T
22:23101280:C:T
22:23101301:A:G
22:23101347:A:G
22:23103092:A:G
22:23103416:C:T
22:23103565:G:GA
22:23104069:C:T
22:23104106:A:G
22:23104512:A:G
22:23104522:A:G
22:23104527:C:T
22:23104747:G:GC
22:23104867:A:G
22:23104907:A:G
22:23105791:C:T
22:23105820:C:G
22:23105885:C:T
22:23105957:A:C
22:23105970:A:C
22:23106496:T:TTGTG
22:23107951:A:G
22:23107952:A:C
22:23107986:G:T
22:23108021:A:C
22:23108022:A:G
22:23108206:A:G
22:23108438:T:TAG
22:23108646:G:T
22:23109389:A:C
22:23110655:C:T
22:23110694:A:G
22:23111199:C:T
22:23113935:A:G
22:23114938:A:C
22:23115001:A:G
22:23117001:A:G
22:23118419:G:T
22:23118781:A:G
22:23118840:A:G
22:23120440:A:G
22:23120907:T:TGATATA
22:23121250:C:G
22:23122528:C:CAA
22:23126898:G:T
22:23132962:A:G
22:23134717:A:G
22:23136219:C:T
22:23137160:C:T
22:23140215:A:G
22:23150733:C:T
22:23158016:G:T
22:23200527:C:T
22:23201379:A:G
22:23202963:G:T
22:23203440:C:G
22:23203478:A:G
22:23205132:A:AT
22:23206553:A:AAG
22:23210513:A:G
22:23212592:C:T
22:23217551:T:TAC
22:23224970:G:T
22:23225093:A:G
22:23238984:C:G
22:23240558:A:G
22:23241027:A:T
22:23243668:C:G
22:23244269:C:T
22:23245173:A:C
22:23246565:A:C
22:23247169:G:T
22:23247170:G:T
22:23247174:A:G
22:23247373:C:T
22:23248021:C:T
22:23248256:A:G
22:23248278:G:T
22:23248839:A:T
22:23249040:C:T
22:23249390:A:G
22:23250103:C:G
22:23250472:A:C
22:23251174:G:GTGT
22:23251602:C:G
22:23251842:C:T
22:23251940:A:G
22:23253303:C:G
22:23254341:A:G
22:23255869:C:T
22:23255890:A:G
22:23256260:G:T
22:23256279:C:G
22:23256464:C:G
22:23257051:C:T
22:23257372:C:CA
22:23257377:C:T
22:23258231:C:T
22:23258300:C:T
22:23258369:A:G
22:23258438:A:G
22:23258457:C:G
22:23258994:A:G
22:23259501:C:T
22:23259746:C:T
22:23259859:A:G
22:23260922:A:G
22:23261330:A:G
22:23261552:A:G
22:23261726:A:C
22:23261819:A:G
22:23261856:A:G
22:23263251:A:C
22:23263502:A:G
22:23263602:C:T
22:23263708:G:T
22:23264606:A:G
22:23264785:A:C
22:23264864:A:T
22:23265654:C:G
22:23266118:A:G
22:23266478:C:T
22:23266797:C:T
22:23268052:A:G
22:23268390:A:G
22:23268677:A:G
22:23268987:A:G
22:23270555:C:T
22:23271250:A:G
22:23271537:C:T
22:23272389:A:T
22:23272630:C:T
22:23273350:C:T
22:23275227:C:T
22:23275341:A:G
22:23276134:C:T
22:23276219:C:T
22:23276520:G:T
22:23276917:C:T
22:23277064:A:T
22:23278613:C:T
22:23279752:A:G
22:23281116:A:G
22:23281326:A:G
22:23281338:C:T
22:23282110:A:C
22:23282286:C:T
22:23282877:C:T
22:23283310:A:G
22:23283518:A:G
22:23284597:A:G
22:23284781:A:G
22:23285077:A:T
22:23285252:A:G
22:23285694:A:G
22:23285987:A:G
22:23291611:C:G
22:23291613:A:C
22:23292043:A:T
22:23292407:C:T
22:23292568:A:T
22:23293006:C:T
22:23295133:A:G
22:23295792:G:T
22:23296231:A:G
22:23298653:C:T
22:23300049:A:T
22:23301513:A:G
22:23303072:A:G
22:23303137:C:G
22:23303465:A:G
22:23303871:A:T
22:23304323:A:C
22:23305983:C:T
22:23308817:T:TA
22:23310621:A:G
22:23310931:G:T
22:23311620:G:T
22:23317796:C:CA
22:23319251:A:G
22:23319658:C:T
22:23320958:G:T
22:23321349:A:ATGTGT
22:23322794:A:T
22:23325722:C:T
22:23326345:A:G
22:23326615:C:T
22:23327830:A:G
22:23328017:C:T
22:23329730:A:G
22:23329784:A:G
22:23330366:A:T
22:23331665:A:G
22:23332088:A:G
22:23332656:A:G
22:23333741:C:G
22:23335538:A:G
22:23336825:A:T
22:23337681:C:T
22:23337705:C:T
22:23338070:C:G
22:23338503:A:G
22:23339200:C:T
22:23339616:C:T
22:23340093:A:G
22:23341468:A:G
22:23342379:C:G
22:23342414:C:T
22:23342773:A:G
22:23343325:G:T
22:23343565:C:T
22:23343999:C:T
22:23345070:C:G
22:23345164:A:C
22:23346648:A:G
22:23348003:A:G
22:23348086:C:T
22:23348317:T:TA
22:23348960:C:T
22:23350873:A:G
22:23351073:A:G
22:23351490:C:T
22:23352440:C:CA
22:23353592:A:G
22:23353620:C:G
22:23354645:G:T
22:23355251:A:T
22:23355657:T:TG
22:23356100:A:T
22:23356738:C:T
22:23356946:A:G
22:23357074:A:G
22:23357300:G:T
22:23358608:C:T
22:23359285:A:G
22:23359454:C:G
22:23359564:C:T
22:23361377:A:G
22:23361432:A:G
22:23361702:C:T
22:23363352:A:G
22:23363429:A:G
22:23363720:C:T
22:23363882:A:G
22:23363971:C:T
22:23364224:T:TA
22:23364370:A:G
22:23364898:C:T
22:23365301:A:G
22:23365486:T:TCTTA
22:23365501:C:T
22:23366138:A:AT
22:23367375:A:C
22:23367486:C:G
22:23367721:T:TTA
22:23368504:A:G
22:23369826:C:T
22:23370498:T:TTTTATTTA
22:23370625:G:T
22:23370949:T:TTTTTC
22:23371136:G:T
22:23372864:C:G
22:23373902:A:T
22:23377494:A:G
22:23378115:C:T
22:23378505:A:G
22:23379206:A:G
22:23379255:A:G
22:23379362:A:G
22:23379625:C:T
22:23380955:A:G
22:23381814:A:C
22:23382451:T:TAG
22:23387172:A:G
22:23387642:A:G
22:23388409:A:G
22:23388447:A:G
22:23389142:G:T
22:23393090:A:G
22:23395411:A:C
22:23405957:A:G
22:23406619:A:G
22:23407063:A:G
22:23407261:A:C
22:23407301:A:C
22:23408118:G:T
22:23410918:A:T
22:23412058:A:G
22:23412786:C:CGCCGCTGA
22:23416005:A:G
22:23416941:A:G
22:23417677:A:G
22:23417712:C:G
22:23418838:A:G
22:23420674:C:CA
22:23420913:G:T
22:23421264:A:T
22:23422052:A:G
22:23422185:A:G
22:23423247:A:G
22:23424271:C:T
22:23425923:A:G
22:23425931:C:G
22:23429224:C:T
22:23429552:C:G
22:23429756:C:T
22:23430153:A:G
22:23430410:A:G
22:23430693:A:G
22:23431090:C:T
22:23431347:A:G
22:23431763:A:C
22:23432234:C:T
22:23432644:A:G
22:23433243:C:G
22:23433748:C:T
22:23433804:C:T
22:23433863:A:G
22:23434311:T:TC
22:23437271:A:G
22:23438191:C:T
22:23439530:C:T
22:23440099:A:G
22:23440526:C:G
22:23441515:C:G
22:23442916:G:T
22:23444067:C:G
22:23444336:C:G
22:23444796:A:C
22:23447347:C:G
22:23451775:C:G
22:23454722:C:T
22:23454881:A:G
22:23455366:C:T
22:23456696:C:T
22:23456702:C:T
22:23457098:A:G
22:23457420:C:T
22:23457486:C:T
22:23458577:A:G
22:23459430:T:TGA
22:23459863:A:G
22:23460669:A:G
22:23460684:C:CT
22:23460939:G:T
22:23461003:C:G
22:23461425:A:G
22:23461723:A:G
22:23463183:A:G
22:23463907:C:CTT
22:23464120:A:G
22:23464457:A:G
22:23464810:A:G
22:23465078:A:G
22:23466031:A:G
22:23466386:T:TG
22:23466388:G:T
22:23467080:C:T
22:23467804:A:G
22:23467946:C:G
22:23467950:A:G
22:23468538:C:T
22:23469181:C:T
22:23469267:C:T
22:23469433:A:G
22:23469438:A:G
22:23469918:C:T
22:23470090:A:G
22:23470660:A:G
22:23471533:C:T
22:23471624:A:G
22:23472011:G:T
22:23472599:A:G
22:23472954:C:T
22:23473231:C:T
22:23474085:A:G
22:23474752:A:AAT
22:23474756:C:T
22:23474795:A:G
22:23474972:A:G
22:23475067:A:T
22:23475750:A:G
22:23475762:C:T
22:23477474:C:G
22:23477644:A:G
22:23477970:A:G
22:23478403:<CN0>:G
22:23479559:A:G
22:23479758:G:GT
22:23480962:G:T
22:23482460:A:G
22:23482483:A:G
22:23482718:C:T
22:23482744:A:C
22:23483255:A:G
22:23483769:A:C
22:23484254:A:C
22:23485521:A:G
22:23486453:G:T
22:23486457:A:C
22:23486461:G:GTGGACT
22:23486469:C:CA
22:23486471:A:G
22:23487533:C:T
22:23488569:G:T
22:23489042:A:G
22:23489362:A:G
22:23489558:T:TC
22:23489685:G:T
22:23490335:A:C
22:23490990:A:G
22:23491000:C:T
22:23491381:A:AGGGGTGGGGGGCGG
22:23491644:C:T
22:23492236:C:T
22:23494833:G:T
22:23494904:G:T
22:23495676:A:G
22:23496545:C:T
22:23497674:C:T
22:23497998:A:G
22:23499441:G:GT
22:23499674:C:T
22:23500553:A:T
22:23501679:G:T
22:23502458:C:T
22:23502478:C:T
22:23502708:C:T
22:23502835:G:T
22:23502987:A:G
22:23503008:C:T
22:23503121:A:G
22:23503170:A:G
22:23503205:C:G
22:23503266:A:G
22:23503319:A:G
22:23503382:C:T
22:23503533:G:T
22:23503569:C:T
22:23503580:C:T
22:23503651:C:T
22:23503756:A:G
22:23503819:C:T
22:23503870:A:G
22:23504326:C:T
22:23504405:C:T
22:23504658:C:T
22:23504862:C:T
22:23504916:A:G
22:23504959:C:T
22:23505084:C:G
22:23505101:C:CT
22:23505318:A:G
22:23505358:A:G
22:23505398:A:G
22:23505467:A:C
22:23505577:A:G
22:23505804:A:G
22:23505899:C:T
22:23505934:C:T
22:23505952:C:T
22:23506135:G:T
22:23506759:A:T
22:23507071:C:G
22:23509314:C:G
22:23509893:A:T
22:23509902:A:T
22:23510804:A:C
22:23511472:A:G
22:23511585:A:G
22:23512260:A:G
22:23512280:T:TA
22:23512619:A:G
22:23512756:T:TG
22:23512767:A:C
22:23512813:A:G
22:23513011:C:CATATAT
22:23513128:C:G
22:23513921:C:T
22:23514041:A:AC
22:23514294:C:T
22:23514450:A:G
22:23514980:A:G
22:23515422:C:T
22:23515822:T:TG
22:23515823:G:T
22:23515955:A:G
22:23515977:C:G
22:23516014:C:T
22:23516496:T:TAGG
22:23516797:A:C
22:23516861:T:TA
22:23517187:A:AT
22:23517188:A:T
22:23517976:C:T
22:23518215:A:G
22:23518244:G:T
22:23518251:A:C
22:23519046:A:G
22:23519184:C:T
22:23520602:C:CA
22:23521094:A:G
22:23521470:G:GT
22:23522669:G:T
22:23522787:A:G
22:23522804:C:G
22:23523630:A:C
22:23525082:C:T
22:23526643:A:C
22:23527610:A:T
22:23527777:A:G
22:23527908:G:T
22:23527917:G:T
22:23527929:G:T
22:23528771:C:G
22:23529672:T:TTC
22:23530168:G:T
22:23530434:C:T
22:23532031:C:T
22:23533637:A:AAAACAACAACAACAAC
22:23535135:A:G
22:23535499:C:T
22:23537143:C:G
22:23537160:A:G
22:23537229:C:T
22:23537397:C:T
22:23537890:A:G
22:23538023:C:T
22:23538357:C:T
22:23538587:A:G
22:23538698:C:T
22:23538737:C:T
22:23538969:A:C
22:23538970:A:G
22:23539311:A:G
22:23539440:A:G
22:23540414:G:T
22:23540609:A:G
22:23540799:A:G
22:23540913:C:T
22:23541083:G:T
22:23541135:C:G
22:23541488:C:T
22:23542099:A:G
22:23542535:A:G
22:23542539:C:T
22:23542884:A:G
22:23544494:A:G
22:23545434:A:C
22:23545879:A:G
22:23547594:C:G
22:23548573:A:T
22:23549120:C:CCATT
22:23550603:G:GT
22:23552073:C:T
22:23558561:A:T
22:23560381:C:T
22:23562091:C:CCTGCACCAT
22:23562891:A:C
22:23563980:C:T
22:23566019:C:T
22:23566081:A:G
22:23567378:C:CT
22:23568061:C:T
22:23568858:A:G
22:23569063:A:G
22:23569211:A:G
22:23571783:C:G
22:23572239:C:CTTT
22:23573867:C:G
22:23574494:A:G
22:23575642:A:G
22:23575660:C:T
22:23576000:G:GA
22:23576847:<CN0>:T
22:23579034:A:AAGCGTGAACAAATTCTGTGTCT
22:23579510:C:G
22:23579855:C:T
22:23580987:A:G
22:23581099:C:CTG
22:23582489:C:CGT
22:23582566:C:T
22:23583680:T:TC
22:23584163:C:T
22:23584441:A:G
22:23585132:A:G
22:23585969:A:G
22:23588165:A:G
22:23589483:C:G
22:23589636:A:T
22:23589758:G:T
22:23589942:A:G
22:23591723:A:G
22:23592442:G:T
22:23593051:A:G
22:23594557:A:G
22:23594619:C:T
22:23595757:C:T
22:23596756:G:GC
22:23597030:A:G
22:23597032:A:G
22:23597103:A:G
22:23599869:A:G
22:23600013:A:G
22:23600447:C:CCA
22:23602220:C:G
22:23602342:C:T
22:23603918:C:CT
22:23603957:G:T
22:23603976:A:G
22:23610878:A:G
22:23612498:A:G
22:23612628:A:G
22:23613539:A:G
22:23614026:C:T
22:23615801:A:G
22:23616128:A:G
22:23616274:A:T
22:23616433:C:T
22:23616878:A:G
22:23618043:C:T
22:23618232:A:G
22:23618353:A:G
22:23618594:G:GAA
22:23618804:A:G
22:23618978:C:CAGAA
22:23619440:C:G
22:23619461:C:T
22:23619734:A:G
22:23619956:A:G
22:23620493:A:T
22:23620531:A:G
22:23620747:C:G
22:23621734:A:G
22:23622519:A:T
22:23622800:A:G
22:23622972:C:T
22:23624093:C:T
22:23625267:A:G
22:23625550:C:T
22:23625655:C:T
22:23626081:A:G
22:23626537:A:G
22:23626649:A:G
22:23626896:A:G
22:23629075:C:T
22:23629476:C:G
22:23630617:C:T
22:23631351:C:T
22:23632636:A:C
22:23632861:A:T
22:23633252:A:G
22:23633473:C:T
22:23635924:C:G
22:23635987:A:C
22:23636118:A:G
22:23636339:C:T
22:23636541:A:G
22:23636736:C:G
22:23637200:C:T
22:23637664:A:G
22:23638025:A:G
22:23638556:A:G
22:23638635:C:T
22:23639425:C:T
22:23639534:A:G
22:23639971:A:G
22:23639984:A:G
22:23640012:A:AAG
22:23640470:C:G
22:23640715:T:TCCTTCCTTC
22:23640760:C:CTTTCCTT
22:23641261:A:G
22:23641329:G:GC
22:23641881:T:TTATATATATA
22:23643212:C:T
22:23643247:C:T
22:23643390:A:G
22:23644314:A:G
22:23644425:A:G
22:23644631:C:T
22:23644662:A:G
22:23644794:C:T
22:23644963:A:C
22:23645718:G:T
22:23646022:A:G
22:23647039:C:T
22:23647040:A:G
22:23647800:A:T
22:23648478:C:T
22:23649369:A:G
22:23649461:A:AT
22:23649738:C:T
22:23650085:A:T
22:23651101:G:T
22:23651206:A:G
22:23651215:A:G
22:23651904:A:G
22:23652201:A:G
22:23652212:C:T
22:23652956:C:T
22:23653189:A:G
22:23653210:C:G
22:23653326:A:T
22:23653880:A:G
22:23654436:A:G
22:23654740:C:T
22:23654807:A:C
22:23654993:A:G
22:23655084:C:T
22:23655219:A:G
22:23656148:G:T
22:23657326:G:T
22:23657477:A:G
22:23657495:C:G
22:23657735:A:G
22:23657874:A:G
22:23657875:A:C
22:23657881:C:T
22:23657939:C:T
22:23657966:A:G
22:23657970:G:T
22:23657980:A:G
22:23658007:A:G
22:23658063:A:T
22:23658217:G:T
22:23658253:C:T
22:23658286:C:T
22:23658398:C:T
22:23658527:A:G
22:23658769:A:G
22:23659043:A:G
22:23659068:C:T
22:23659368:C:T
22:23659749:A:G
22:23660328:A:G
22:23660364:G:GCCCA
22:23660792:A:G
22:23661234:C:T
22:23661273:A:G
22:23661367:C:T
22:23661565:A:C
22:23661655:C:T
22:23661795:A:G
22:23661800:A:G
22:23661896:G:T
22:23662115:A:G
22:23662287:C:CT
22:23662340:A:C
22:23662639:A:G
22:23662657:A:ATT
22:23662671:A:G
22:23662897:C:T
22:23663189:A:T
22:23663366:G:T
22:23663848:G:T
22:23663915:A:G
22:23664931:A:G
22:23665671:A:G
22:23666079:A:G
22:23666307:C:T
22:23667385:C:T
22:23668367:C:G
22:23668664:C:T
22:23669316:C:T
22:23669460:A:T
22:23672482:A:G
22:23672644:C:T
22:23673094:C:T
22:23673193:G:GT
22:23673293:A:C
22:23673350:A:G
22:23673763:A:G
22:23674217:C:T
22:23674453:C:T
22:23675622:A:T
22:23676001:A:G
22:23676006:A:G
22:23676285:A:T
22:23677556:C:T
22:23677891:A:T
22:23678488:A:AT
22:23679753:A:G
22:23680195:A:G
22:23680196:C:T
22:23680240:A:C
22:23680734:C:T
22:23681169:C:T
22:23681190:C:T
22:23681609:A:G
22:23681651:C:G
22:23681764:G:T
22:23682222:C:G
22:23682900:C:T
22:23683796:C:T
22:23685460:C:T
22:23685824:A:G
22:23685931:C:T
22:23686576:A:G
22:23686805:A:G
22:23687302:C:T
22:23687311:G:T
22:23687475:G:T
22:23688134:C:T
22:23690464:A:G
22:23691995:C:T
22:23692148:A:T
22:23695404:C:T
22:23704109:A:C
22:23704223:A:AAAAAGGAG
22:23704441:C:T
22:23704488:G:T
22:23707894:A:G
22:23708301:C:T
22:23711467:A:G
22:23714798:A:T
22:23716741:A:AC
22:23718276:G:T
22:23718667:A:G
22:23719141:A:T
22:23720146:A:G
22:23721020:A:G
22:23721978:A:G
22:23722871:A:G
22:23723443:C:G
22:23723541:A:G
22:23723611:C:T
22:23724709:A:C
22:23725728:C:T
22:23726269:C:T
22:23729127:C:G
22:23730042:A:G
22:23730676:C:G
22:23730734:A:G
22:23731836:C:T
22:23732053:A:G
22:23732185:A:G
22:23733799:C:T
22:23735413:A:G
22:23735649:A:C
22:23735751:C:T
22:23735894:A:G
22:23736646:G:T
22:23738491:A:T
22:23738621:C:G
22:23739316:C:T
22:23740096:C:T
22:23740521:C:T
22:23740753:A:G
22:23741240:C:T
22:23741450:A:C
22:23741792:A:G
22:23741810:A:G
22:23742018:A:G
22:23742049:A:G
22:23742538:C:T
22:23742664:A:G
22:23742676:A:G
22:23742709:A:G
22:23743008:C:T
22:23743499:A:C
22:23744128:A:G
22:23744130:C:T
22:23744477:C:T
22:23744877:C:CGGGCTG
22:23744882:C:T
22:23744920:G:GA
22:23744941:G:T
22:23747793:A:G
22:23747819:A:G
22:23748465:G:GATAGA
22:23749008:C:T
22:23749328:A:G
22:23750730:C:T
22:23750736:A:G
22:23751091:C:CAA
22:23751488:A:G
22:23751780:G:GT
22:23753059:C:T
22:23753250:C:T
22:23753349:C:G
22:23754338:A:G
22:23754578:A:G
22:23754702:A:G
22:23754966:C:T
22:23755228:A:G
22:23755406:A:C
22:23755594:G:GT
22:23755859:C:G
22:23755869:A:G
22:23755965:A:G
22:23756475:C:T
22:23756637:A:G
22:23756971:A:G
22:23757557:C:T
22:23757570:A:G
22:23757595:C:G
22:23757964:A:C
22:23758156:C:T
22:23758284:A:G
22:23758488:C:G
22:23758531:C:T
22:23758532:A:T
22:23758626:C:G
22:23758628:A:C
22:23758635:G:T
22:23758638:A:G
22:23758688:A:G
22:23759215:C:T
22:23759372:C:T
22:23759573:A:C
22:23760046:C:T
22:23761160:C:T
22:23761166:C:T
22:23761171:C:T
22:23761185:C:T
22:23761294:T:TA
22:23761306:A:C
22:23761356:C:T
22:23761389:A:G
22:23761391:G:T
22:23761402:A:T
22:23761524:C:G
22:23761660:A:G
22:23761716:A:C
22:23761738:C:CG
22:23761743:A:G
22:23761756:C:T
22:23761786:A:G
22:23761912:C:T
22:23762221:C:G
22:23762236:C:G
22:23762264:C:T
22:23762292:C:T
22:23762432:A:G
22:23762437:A:T
22:23762646:C:T
22:23762739:C:T
22:23762843:A:G
22:23763054:A:G
22:23763110:C:G
22:23763114:A:G
22:23763496:A:T
22:23763507:C:G
22:23763969:G:T
22:23764047:C:T
22:23764120:T:TGCTCCCTG
22:23764272:C:T
22:23764710:A:G
22:23766237:A:AAAAT
22:23766423:A:G
22:23767072:A:G
22:23767318:A:G
22:23767336:C:CT
22:23767338:A:G
22:23767748:C:T
22:23767847:A:G
22:23769050:C:G
22:23770275:C:G
22:23771567:A:G
22:23771644:T:TTGAAGTGTATTCACGTATTTAA
22:23772497:A:G
22:23773416:C:T
22:23773610:G:T
22:23773812:C:T
22:23776187:A:C
22:23776219:A:G
22:23777114:C:T
22:23777505:A:G
22:23778256:A:C
22:23778397:C:T
22:23779185:C:T
22:23779222:A:G
22:23779599:C:G
22:23779892:A:G
22:23781075:C:T
22:23781205:A:C
22:23781480:A:G
22:23781627:G:T
22:23781828:C:T
22:23782725:A:G
22:23782857:A:G
22:23783491:C:T
22:23784132:A:C
22:23785536:A:G
22:23785567:A:G
22:23785599:C:G
22:23785702:A:G
22:23786757:A:T
22:23786995:A:G
22:23787339:A:G
22:23788591:A:C
22:23788842:C:T
22:23788945:A:C
22:23789661:C:G
22:23789701:C:T
22:23789969:A:G
22:23790140:C:T
22:23790357:A:G
22:23790826:C:T
22:23790836:A:G
22:23790844:A:G
22:23790952:C:G
22:23790979:C:T
22:23791041:A:G
22:23791044:C:T
22:23791047:C:T
22:23791378:A:G
22:23791983:A:G
22:23792028:A:G
22:23792029:C:T
22:23792111:C:G
22:23792203:A:G
22:23792564:A:G
22:23792618:A:G
22:23792781:A:G
22:23792858:A:G
22:23793801:C:T
22:23794221:A:G
22:23794320:A:G
22:23794573:A:G
22:23794775:C:T
22:23794844:A:G
22:23795050:A:G
22:23795114:A:G
22:23795190:C:T
22:23795933:G:T
22:23796705:G:T
22:23796750:A:G
22:23797721:A:G
22:23798725:A:G
22:23800576:A:G
22:23800901:C:T
22:23800933:A:G
22:23801033:C:T
22:23801123:C:T
22:23801155:A:G
22:23801430:C:G
22:23802171:C:T
22:23802306:A:T
22:23802659:A:G
22:23803304:A:G
22:23803608:A:G
22:23803722:A:G
22:23804301:A:C
22:23804468:T:TC
22:23804470:A:G
22:23804685:A:G
22:23804985:A:G
22:23805130:A:C
22:23806570:A:AACC
22:23807029:A:G
22:23807581:A:G
22:23807739:C:G
22:23809921:A:C
22:23810271:A:G
22:23810709:A:G
22:23810979:C:T
22:23811104:C:T
22:23811152:C:CTT
22:23811278:C:T
22:23811406:C:T
22:23811689:C:T
22:23811690:A:G
22:23812479:A:G
22:23812823:C:T
22:23813258:G:T
22:23813308:C:G
22:23814051:A:C
22:23814060:A:G
22:23814725:A:G
22:23814862:C:G
22:23814998:C:T
22:23815383:C:G
22:23815591:C:T
22:23816569:C:T
22:23817027:C:T
22:23817095:A:C
22:23817146:C:T
22:23817183:T:TACA
22:23817240:A:G
22:23817369:A:C
22:23817414:C:T
22:23817486:A:G
22:23817758:A:C
22:23817793:A:C
22:23817797:C:T
22:23817836:A:G
22:23817838:A:G
22:23818030:A:T
22:23818083:C:T
22:23818131:A:AACACGTCC
22:23818433:A:G
22:23818701:A:T
22:23818925:C:CA
22:23819329:C:T
22:23819697:G:T
22:23819837:G:GT
22:23819838:C:T
22:23819960:C:G
22:23821430:A:C
22:23825938:T:TA
22:23826197:C:G
22:23826586:A:G
22:23826675:C:T
22:23826866:A:G
22:23827304:A:G
22:23827584:A:G
22:23829263:C:T
22:23829276:C:T
22:23829461:A:G
22:23829623:A:G
22:23829851:C:T
22:23830155:C:T
22:23830493:A:G
22:23833589:C:T
22:23833601:C:G
22:23833712:C:T
22:23833787:G:GC
22:23833878:A:G
22:23834373:C:G
22:23834440:C:T
22:23834465:T:TTTTTG
22:23834560:G:T
22:23834614:C:T
22:23834641:A:AT
22:23834683:A:C
22:23834813:C:G
22:23834889:A:C
22:23834917:C:CTCCA
22:23835269:C:T
22:23835514:A:C
22:23835894:A:T
22:23836045:A:G
22:23836819:C:T
22:23836820:C:G
22:23837390:C:T
22:23837898:A:C
22:23838200:A:G
22:23838265:C:T
22:23838304:A:G
22:23838312:A:C
22:23838551:A:G
22:23838745:C:T
22:23838833:C:G
22:23838951:A:AT
22:23839091:C:T
22:23839286:G:T
22:23839304:A:G
22:23839467:G:T
22:23839495:A:G
22:23840061:C:T
22:23841356:C:T
22:23842442:C:T
22:23842521:G:T
22:23843130:C:T
22:23843675:C:T
22:23843987:C:T
22:23844115:A:ACCACCT
22:23844328:C:CCTGT
22:23844474:A:C
22:23844853:T:TCCATCCCTCCATCCCTTCATCT
22:23845051:T:TC
22:23845547:A:G
22:23845685:C:CT
22:23846539:C:T
22:23846621:A:C
22:23848118:A:G
22:23848767:C:T
22:23848815:C:CA
22:23849044:A:C
22:23850298:C:T
22:23850482:A:T
22:23851414:C:T
22:23851591:C:CAT
22:23851701:C:T
22:23852072:A:C
22:23852494:A:G
22:23852646:C:T
22:23853295:A:T
22:23853362:A:G
22:23853388:C:T
22:23853449:A:T
22:23853571:A:C
22:23853685:C:T
22:23853706:G:T
22:23854226:C:T
22:23855036:C:G
22:23855124:C:CT
22:23855522:A:G
22:23855657:A:G
22:23856641:C:CTAGACAGCCCTCGGGAGGGAGT
22:23857601:A:G
22:23857859:A:AT
22:23858449:C:G
22:23860188:C:T
22:23860255:A:G
22:23860506:C:T
22:23860874:A:G
22:23861715:A:G
22:23861725:A:T
22:23861769:G:GGCCTCGGTGGAGT
22:23861880:C:T
22:23861881:C:G
22:23861892:C:CAGTT
22:23861981:A:G
22:23862153:C:T
22:23862405:A:ATGGAGTTTCACTCTTGTTGCCG
22:23864051:A:G
22:23865341:G:T
22:23865356:A:G
22:23865367:C:T
22:23865497:A:G
22:23865701:A:G
22:23866232:C:G
22:23866237:C:CA
22:23867304:A:AT
22:23868334:C:T
22:23868956:A:G
22:23868980:A:G
22:23869059:A:T
22:23869130:C:T
22:23869373:C:T
22:23869391:C:T
22:23870528:A:G
22:23870698:A:G
22:23870932:G:GT
22:23870974:A:G
22:23870989:C:T
22:23871042:G:T
22:23871201:C:T
22:23872077:C:G
22:23872091:A:T
22:23872195:A:G
22:23872767:A:C
22:23872787:C:T
22:23872877:A:G
22:23873076:C:T
22:23873741:C:T
22:23874008:C:G
22:23874170:A:G
22:23874199:A:T
22:23874589:C:T
22:23874708:A:G
22:23874731:C:G
22:23874838:C:T
22:23875184:G:T
22:23877257:C:G
22:23877689:C:T
22:23877733:C:G
22:23878057:A:C
22:23878218:C:T
22:23878484:A:T
22:23878578:G:T
22:23878658:C:T
22:23878808:A:T
22:23878960:A:T
22:23879065:A:G
22:23879097:C:G
22:23879104:C:CT
22:23879183:C:T
22:23879235:C:T
22:23879339:C:T
22:23879547:C:T
22:23879578:C:T
22:23879695:C:T
22:23879720:T:TGC
22:23879817:A:T
22:23880027:C:T
22:23880050:G:T
22:23880097:C:G
22:23880813:C:T
22:23880878:A:G
22:23880978:A:G
22:23880999:C:T
22:23881417:C:G
22:23881587:C:T
22:23881608:C:T
22:23882207:G:T
22:23883367:C:T
22:23883397:G:GA
22:23883489:A:C
22:23883562:A:G
22:23883695:C:T
22:23883828:A:C
22:23883873:G:GGAAA
22:23883984:A:G
22:23883992:A:AAC
22:23884015:G:GC
22:23884047:C:T
22:23884064:A:C
22:23884143:A:ATGCTAACTGAGCCAT
22:23885602:A:C
22:23886925:A:G
22:23889626:G:T
22:23889744:A:G
22:23890016:A:G
22:23890498:C:G
22:23890716:C:T
22:23891107:C:T
22:23891502:T:TACAGAAATCCCCA
22:23891809:C:T
22:23891904:C:T
22:23892145:C:T
22:23892310:C:T
22:23892381:T:TCTC
22:23892433:C:T
22:23894483:C:G
22:23894697:C:T
22:23895625:C:T
22:23895789:A:C
22:23895885:C:T
22:23896107:C:T
22:23896968:C:T
22:23897669:A:G
22:23898323:A:G
22:23898845:A:G
22:23898912:A:G
22:23899142:A:G
22:23899300:C:T
22:23899570:C:G
22:23900319:A:G
22:23900414:C:T
22:23900721:A:G
22:23900728:C:G
22:23900769:<CN0>:G
22:23901857:C:CA
22:23902659:C:CT
22:23903225:A:T
22:23903227:C:G
22:23903230:A:T
22:23904610:A:G
22:23908009:C:G
22:23909806:C:CAG
22:23910084:A:G
22:23911301:A:AT
22:23911487:C:G
22:23913579:C:T
22:23914020:C:T
22:23914502:A:G
22:23915243:C:T
22:23915652:A:G
22:23915889:A:G
22:23916108:C:T
22:23916125:A:G
22:23916343:G:T
22:23916405:G:T
22:23916442:A:G
22:23917511:C:T
22:23918087:C:CT
22:23918447:A:T
22:23918525:C:T
22:23923897:A:G
22:23925431:A:G
22:23926532:C:G
22:23928976:C:T
22:23930914:A:G
22:23931022:A:G
22:23931845:G:T
22:23933452:C:T
22:23934030:G:T
22:23934238:C:G
22:23935021:A:G
22:23935587:A:G
22:23936090:A:G
22:23936314:G:T
22:23936482:A:G
22:23936507:A:G
22:23936573:C:T
22:23937164:A:G
22:23937335:C:T
22:23937621:A:G
22:23937667:C:G
22:23937732:A:C
22:23937961:A:G
22:23938002:C:G
22:23938164:C:T
22:23938204:C:T
22:23938350:C:G
22:23938354:C:T
22:23938570:A:G
22:23938631:A:AT
22:23938695:A:G
22:23938941:A:G
22:23938964:C:T
22:23939075:C:T
22:23939289:C:T
22:23939293:C:T
22:23939599:G:T
22:23939649:C:T
22:23940399:A:AG
22:23940476:C:T
22:23940479:C:T
22:23940480:A:G
22:23940991:A:G
22:23941897:C:T
22:23942085:A:G
22:23942090:A:C
22:23942232:C:T
22:23942452:C:T
22:23942463:A:G
22:23942476:G:T
22:23942485:G:T
22:23942736:C:T
22:23942739:C:G
22:23942792:C:T
22:23942933:C:T
22:23942945:C:T
22:23942962:C:T
22:23943003:A:G
22:23943297:G:T
22:23943740:A:C
22:23944762:C:T
22:23944763:G:T
22:23944826:T:TG
22:23944898:C:G
22:23944929:C:G
22:23944930:C:T
22:23945108:C:T
22:23945369:A:G
22:23945410:A:AT
22:23945876:C:T
22:23946624:A:G
22:23946719:C:G
22:23946949:C:T
22:23946990:C:G
22:23947470:A:G
22:23947494:C:T
22:23947568:G:T
22:23951753:C:T
22:23951928:C:T
22:23952160:A:G
22:23952627:C:T
22:23953728:A:G
22:23954517:C:G
22:23954669:A:G
22:23960187:C:T
22:23961187:C:T
22:23961742:G:GGCACCCATAA
22:23962744:T:TTTC
22:23962974:G:GC
22:23963154:A:G
22:23964705:T:TCAAGATCGTGTCAGTACA
22:23964852:T:TTTTCATAGAGACCATTTAAAAA
22:23965020:C:T
22:23965722:C:T
22:23966720:C:T
22:23967147:C:T
22:23967740:C:T
22:23967893:A:C
22:23969255:A:ATTTT
22:23969362:C:T
22:23969420:C:T
22:23970044:A:G
22:23970086:A:G
22:23970708:C:T
22:23970734:G:GC
22:23971028:C:T
22:23971598:A:G
22:23971961:C:T
22:23971966:A:G
22:23972141:C:T
22:23972409:A:G
22:23973725:C:T
22:23973849:C:T
22:23973861:C:T
22:23973867:G:GCCC
22:23973894:A:G
22:23973912:C:T
22:23974200:A:G
22:23974361:C:T
22:23974817:A:G
22:23974864:C:G
22:23974865:G:GT
22:23976479:A:G
22:23977055:C:T
22:23977123:C:CA
22:23977763:C:T
22:23977814:T:TA
22:23978031:A:G
22:23978041:A:T
22:23978047:C:G
22:23978081:A:G
22:23978677:A:G
22:23979219:C:T
22:23979342:C:T
22:23979780:A:G
22:23980755:C:G
22:23980868:A:C
22:23980933:C:T
22:23980941:C:T
22:23980968:A:T
22:23982724:C:T
22:23982727:A:G
22:23982775:C:T
22:23982792:C:T
22:23982999:G:T
22:23983422:C:T
22:23984778:A:G
22:23985332:C:T
22:23986055:C:T
22:23987608:A:C
22:23988477:C:T
22:23990053:A:G
22:23990434:G:T
22:23990680:C:T
22:23991798:G:T
22:23991975:C:T
22:23992611:C:T
22:23992780:G:T
22:23993135:A:G
22:23993174:A:G
22:23994933:C:T
22:23995026:A:C
22:23996567:A:G
22:23997305:C:T
22:23998404:A:G
22:23999284:A:T
22:23999318:C:T
22:23999627:C:T
22:23999921:C:T
22:24000275:C:CTCCTCT
22:24000486:C:T
22:24000528:G:T
22:24000609:C:CT
22:24001094:C:T
22:24001281:C:G
22:24001643:C:T
22:24001975:A:T
22:24002030:C:T
22:24002522:G:T
22:24003124:A:T
22:24003356:C:G
22:24003591:A:AT
22:24004311:A:G
22:24004787:A:C
22:24004914:C:G
22:24005015:A:ATGGTGGCACACGC
22:24005079:G:T
22:24005145:C:CAA
22:24005294:C:G
22:24005314:G:T
22:24005524:A:C
22:24005748:C:T
22:24005829:C:T
22:24005855:A:G
22:24006140:C:T
22:24006528:C:T
22:24006933:C:G
22:24007416:A:G
22:24007798:A:G
22:24008009:A:G
22:24008141:C:T
22:24008465:A:C
22:24008495:C:T
22:24008497:C:T
22:24008503:A:G
22:24008534:C:CA
22:24008699:C:T
22:24008773:C:T
22:24008783:A:G
22:24009241:C:G
22:24009362:C:T
22:24009444:A:G
22:24009490:C:T
22:24009604:A:G
22:24009918:G:T
22:24010260:C:T
22:24010396:C:T
22:24010477:C:T
22:24010913:C:T
22:24011111:A:G
22:24011356:C:T
22:24011720:A:G
22:24011885:A:C
22:24012624:A:G
22:24013006:C:CCTT
22:24013178:C:G
22:24013288:A:G
22:24013457:C:T
22:24013577:A:G
22:24013579:A:G
22:24013702:C:T
22:24013757:C:G
22:24013850:C:T
22:24013855:A:G
22:24013871:C:T
22:24013879:C:G
22:24013881:G:T
22:24013904:C:T
22:24013979:A:G
22:24014180:A:G
22:24014229:C:T
22:24015331:C:T
22:24015851:A:G
22:24016030:C:T
22:24016138:A:G
22:24016474:C:T
22:24016862:C:T
22:24016863:G:T
22:24017294:C:G
22:24017527:C:G
22:24017915:A:G
22:24017929:C:T
22:24018013:C:G
22:24018015:C:G
22:24018473:C:CCATGGTGAAGGCCATGGCGGGG
22:24018850:C:T
22:24018875:C:T
22:24019162:C:T
22:24020575:C:T
22:24020846:A:G
22:24021033:C:CAA
22:24021060:C:T
22:24021407:C:T
22:24021462:A:G
22:24021489:C:T
22:24021525:A:T
22:24021832:C:T
22:24021885:C:T
22:24021893:C:T
22:24021950:A:G
22:24022115:C:T
22:24022307:A:G
22:24022631:C:T
22:24022975:A:T
22:24023137:C:T
22:24023196:C:T
22:24023203:A:G
22:24023296:C:T
22:24024308:C:T
22:24024430:C:T
22:24024815:C:T
22:24024847:C:T
22:24025007:C:G
22:24025220:A:C
22:24025365:C:T
22:24025490:C:T
22:24025584:<CN0>:G
22:24025618:G:GC
22:24027648:A:C
22:24027650:C:G
22:24028186:A:G
22:24028190:C:T
22:24028351:C:T
22:24028627:C:T
22:24029075:A:G
22:24029646:G:T
22:24029652:C:T
22:24030367:A:G
22:24030571:C:T
22:24030799:C:T
22:24030907:A:G
22:24031480:T:TG
22:24031712:G:T
22:24032771:A:T
22:24033466:A:G
22:24033486:C:T
22:24033869:A:G
22:24034288:A:G
22:24035970:C:T
22:24036563:A:G
22:24036657:C:T
22:24037306:G:T
22:24038086:A:C
22:24038847:C:T
22:24042580:C:G
22:24043398:C:CA
22:24044488:C:G
22:24044515:C:T
22:24045321:C:T
22:24045645:C:T
22:24045962:A:C
22:24046252:A:C
22:24046311:A:C
22:24048368:C:T
22:24049573:C:T
22:24049577:A:G
22:24049718:C:T
22:24049993:A:G
22:24050221:C:T
22:24050288:A:G
22:24050291:C:CGT
22:24050442:C:CAAAA
22:24051059:C:T
22:24051843:T:TTG
22:24052031:C:T
22:24053224:C:T
22:24054443:A:T
22:24054665:C:G
22:24054886:A:T
22:24055402:A:C
22:24056339:C:G
22:24056435:T:TG
22:24056537:A:G
22:24057485:C:T
22:24058041:C:G
22:24058900:C:G
22:24060191:G:T
22:24061088:A:C
22:24061359:A:G
22:24061698:C:T
22:24061838:G:GT
22:24062096:C:CA
22:24062520:A:G
22:24063626:C:CCTGACAGA
22:24064814:A:G
22:24064889:C:T
22:24066392:C:G
22:24066399:G:T
22:24066791:C:T
22:24066975:C:CA
22:24068647:A:T
22:24068888:C:T
22:24070416:C:T
22:24070897:A:G
22:24071004:C:G
22:24071137:C:CA
22:24071877:A:G
22:24072256:C:G
22:24072455:C:T
22:24072906:A:C
22:24072975:A:T
22:24074068:C:CAA
22:24074564:C:T
22:24075155:C:T
22:24075753:C:T
22:24076015:C:T
22:24077889:A:C
22:24078932:A:G
22:24079243:A:G
22:24080163:C:G
22:24081194:A:C
22:24081705:C:T
22:24082058:A:G
22:24082086:C:T
22:24082332:C:T
22:24082782:C:CT
22:24082815:A:G
22:24084433:C:CA
22:24085247:A:G
22:24085252:C:T
22:24085867:A:G
22:24087319:A:C
22:24087914:C:G
22:24088324:A:G
22:24088624:C:T
22:24089070:A:C
22:24089990:A:G
22:24090369:A:G
22:24090587:C:T
22:24090794:C:T
22:24091081:T:TA
22:24091676:A:C
22:24091760:A:T
22:24092597:A:G
22:24093139:A:G
22:24093425:A:T
22:24093789:A:C
22:24093998:A:G
22:24094215:C:G
22:24094242:C:CA
22:24094485:A:G
22:24094836:C:T
22:24096268:G:T
22:24096464:C:T
22:24096726:A:T
22:24096783:C:T
22:24097015:C:T
22:24097972:C:T
22:24098259:A:G
22:24098437:C:T
22:24098477:G:T
22:24098518:T:TC
22:24098705:A:G
22:24098963:C:CA
22:24099085:C:G
22:24099143:C:T
22:24099484:A:T
22:24099540:C:T
22:24099697:G:T
22:24099798:C:T
22:24100265:C:T
22:24100302:A:G
22:24100314:C:G
22:24100654:A:G
22:24101373:A:C
22:24101414:A:T
22:24101469:C:G
22:24101533:C:T
22:24101658:G:T
22:24101892:C:T
22:24102408:C:T
22:24103132:C:T
22:24103139:C:CAAA
22:24103201:G:T
22:24103584:A:G
22:24103713:C:T
22:24103811:A:G
22:24103932:C:T
22:24104009:A:G
22:24104902:C:T
22:24105789:A:G
22:24106008:C:G
22:24106448:A:G
22:24106674:A:G
22:24108288:C:G
22:24108412:A:G
22:24108701:A:G
22:24108756:C:T
22:24109409:C:T
22:24109550:C:T
22:24109774:G:T
22:24111044:A:C
22:24112111:C:CT
22:24112900:A:G
22:24113220:C:CA
22:24113236:A:G
22:24113544:C:T
22:24115515:C:T
22:24116586:G:T
22:24116817:C:T
22:24117916:A:G
22:24118420:A:AG
22:24118638:G:T
22:24119331:C:T
22:24119335:C:T
22:24119344:G:T
22:24119347:C:T
22:24120086:G:GC
22:24121288:A:G
22:24121670:C:T
22:24122267:A:G
22:24124842:A:G
22:24125565:A:G
22:24126454:C:CT
22:24126818:C:T
22:24126854:A:C
22:24127388:A:C
22:24129005:G:T
22:24129129:G:T
22:24130134:A:G
22:24131009:C:T
22:24131283:C:T
22:24132374:A:G
22:24133106:A:C
22:24133368:C:G
22:24133570:A:G
22:24134302:C:T
22:24134394:C:T
22:24134694:A:T
22:24135043:C:T
22:24136087:A:G
22:24136214:C:T
22:24136252:C:T
22:24136542:A:G
22:24136825:C:T
22:24136971:A:G
22:24137937:A:G
22:24137959:C:CAT
22:24138344:A:G
22:24138841:A:G
22:24139274:C:T
22:24139361:A:G
22:24139480:C:T
22:24140042:A:G
22:24140348:A:G
22:24141609:C:T
22:24141844:C:T
22:24144125:A:C
22:24144805:C:T
22:24145318:C:T
22:24145395:A:G
22:24145675:C:G
22:24145727:C:T
22:24145809:C:T
22:24146055:G:T
22:24146248:C:T
22:24146552:A:C
22:24146629:C:T
22:24146800:A:G
22:24147056:A:G
22:24147258:A:G
22:24147323:A:G
22:24147595:C:T
22:24147745:A:T
22:24147983:C:T
22:24148041:A:C
22:24148273:A:G
22:24148533:A:G
22:24148689:C:T
22:24148787:A:G
22:24149191:A:T
22:24149487:G:T
22:24149549:T:TC
22:24149768:A:T
22:24150073:C:T
22:24150148:A:ATTTTTTT
22:24150184:C:T
22:24150235:C:T
22:24150551:A:G
22:24150732:C:T
22:24150853:A:G
22:24150885:C:CT
22:24151144:C:T
22:24151210:C:T
22:24151271:C:T
22:24151583:C:T
22:24151715:A:G
22:24151849:C:T
22:24151979:A:G
22:24152108:A:T
22:24152519:C:G
22:24152671:C:T
22:24155074:C:G
22:24155111:C:G
22:24155276:A:T
22:24155554:C:T
22:24155555:A:G
22:24155614:A:G
22:24155820:A:G
22:24155828:G:T
22:24155937:C:T
22:24156211:A:T
22:24157138:C:CAA
22:24157410:G:T
22:24157537:C:T
22:24157624:A:G
22:24157684:A:G
22:24158149:A:G
22:24158370:G:T
22:24158397:C:T
22:24158755:G:T
22:24158826:A:AC
22:24158895:A:G
22:24159244:A:G
22:24159276:A:G
22:24159307:A:T
22:24159321:C:T
22:24159326:C:T
22:24159437:G:T
22:24159452:A:G
22:24159530:A:C
22:24159620:C:T
22:24159720:A:G
22:24160032:C:T
22:24160088:C:T
22:24160139:A:G
22:24160169:A:T
22:24160324:G:GGTGTGTGTGTGT
22:24160496:C:T
22:24160570:C:T
22:24160921:C:CT
22:24161136:A:T
22:24161209:A:G
22:24161481:A:G
22:24161661:A:G
22:24161781:C:T
22:24161854:A:C
22:24161912:A:T
22:24161941:A:AC
22:24161964:G:T
22:24161969:A:AG
22:24161998:C:G
22:24162019:C:T
22:24162130:C:T
22:24162206:A:G
22:24162260:A:G
22:24162289:A:G
22:24162359:G:T
22:24162522:G:GA
22:24162618:A:G
22:24162667:A:C
22:24162734:C:T
22:24162820:T:TTGTC
22:24162889:T:TTGTTTCCCATAACC
22:24163001:A:G
22:24163081:C:T
22:24163152:C:T
22:24163228:A:G
22:24163241:A:G
22:24163284:A:G
22:24163482:A:G
22:24163598:A:ATTTC
22:24163766:A:G
22:24163911:G:T
22:24164145:C:T
22:24164221:G:T
22:24164316:A:G
22:24164467:A:G
22:24164509:A:G
22:24164598:C:T
22:24164723:A:G
22:24164747:C:T
22:24164785:C:T
22:24165044:T:TC
22:24165498:A:C
22:24165632:A:G
22:24165654:A:C
22:24165867:A:G
22:24165874:C:T
22:24165947:A:G
22:24166230:A:G
22:24166256:C:G
22:24166616:C:G
22:24166788:A:G
22:24166789:A:G
22:24167098:A:G
22:24167166:A:G
22:24167185:C:T
22:24167513:A:G
22:24167657:G:GAA
22:24167744:G:GTCC
22:24167906:C:T
22:24168209:A:G
22:24168365:A:C
22:24168544:C:G
22:24168665:C:T
22:24168998:A:G
22:24169196:C:G
22:24169662:C:T
22:24169707:C:G
22:24169751:C:T
22:24170270:C:T
22:24170454:C:G
22:24170583:C:T
22:24170718:A:G
22:24170861:A:G
22:24170996:G:T
22:24171028:C:T
22:24171052:C:G
22:24171305:A:G
22:24171482:A:G
22:24171536:A:G
22:24171901:A:G
22:24172030:C:T
22:24172594:C:G
22:24173718:A:G
22:24174007:A:G
22:24174129:A:G
22:24174335:C:T
22:24174401:G:GC
22:24174408:A:G
22:24174510:A:G
22:24174865:A:AG
22:24175077:A:C
22:24175101:C:T
22:24175135:C:T
22:24175372:A:G
22:24175440:G:T
22:24175620:A:G
22:24176053:G:T
22:24176164:A:G
22:24176287:A:G
22:24176480:C:CG
22:24176677:G:GCAACAGGTCATGTTCAATTTCT
22:24177636:A:G
22:24177697:A:G
22:24178051:T:TC
22:24178590:C:G
22:24179499:C:T
22:24179603:C:G
22:24179661:A:T
22:24179922:C:G
22:24180449:C:T
22:24181652:A:G
22:24181703:A:G
22:24182174:C:CTGGGAAGATG
22:24182500:A:G
22:24183364:C:G
22:24184328:C:T
22:24185384:A:G
22:24186623:C:T
22:24186637:C:T
22:24186723:C:T
22:24186809:C:T
22:24187113:C:T
22:24188943:A:T
22:24189032:C:G
22:24189068:C:T
22:24189277:A:G
22:24189435:C:T
22:24191026:A:G
22:24191602:A:G
22:24191987:C:T
22:24192081:A:G
22:24192879:A:G
22:24193103:C:T
22:24193993:C:T
22:24194941:C:T
22:24195066:A:G
22:24195227:G:T
22:24195336:A:G
22:24195463:T:TAGGTTTTTGC
22:24195832:C:T
22:24195934:G:GA
22:24201562:G:T
22:24201679:A:AT
22:24202379:A:G
22:24203035:A:ATT
22:24203442:G:GGT
22:24203799:C:T
22:24203861:G:GA
22:24203863:C:G
22:24204158:A:G
22:24204625:T:TG
22:24204776:C:T
22:24204873:C:T
22:24206355:A:G
22:24206571:C:T
22:24206584:C:T
22:24206631:A:G
22:24206662:C:T
22:24206880:A:G
22:24207069:C:T
22:24207171:A:G
22:24207341:C:T
22:24207457:A:G
22:24207602:T:TCAAA
22:24207962:A:G
22:24208183:C:T
22:24208382:A:G
22:24209387:A:AT
22:24209759:C:G
22:24210050:A:C
22:24211674:C:CAA
22:24211980:G:T
22:24212248:A:G
22:24212826:A:G
22:24212836:A:G
22:24212845:C:G
22:24212909:C:T
22:24213004:C:T
22:24213159:A:G
22:24213321:A:G
22:24213353:G:T
22:24213500:C:T
22:24214281:A:G
22:24214409:A:G
22:24214534:A:AAT
22:24215518:A:G
22:24220358:A:G
22:24221295:G:T
22:24221405:C:G
22:24221445:C:T
22:24222606:C:T
22:24222710:C:T
22:24222744:C:T
22:24223484:C:T
22:24223509:G:GTC
22:24223667:C:T
22:24223697:C:CA
22:24224040:C:CAGAG
22:24224140:A:AAC
22:24224268:C:G
22:24224322:A:AAC
22:24224384:A:AAC
22:24224655:A:G
22:24224659:A:C
22:24226242:A:G
22:24227246:A:C
22:24227928:A:T
22:24228125:C:T
22:24229723:G:GCT
22:24230409:A:G
22:24230815:A:G
22:24231648:C:CAGTT
22:24232044:C:T
22:24232507:A:G
22:24232725:A:G
22:24232747:A:G
22:24232875:A:G
22:24233592:C:T
22:24233718:T:TATGCAC
22:24233727:A:G
22:24233729:C:G
22:24233914:G:T
22:24233998:A:G
22:24234172:A:G
22:24234245:C:T
22:24234419:A:T
22:24234493:A:G
22:24234664:C:T
22:24234734:C:G
22:24234807:C:T
22:24234859:A:G
22:24234934:A:G
22:24234935:C:T
22:24235113:C:CA
22:24235198:A:G
22:24235230:C:T
22:24235303:C:G
22:24235306:A:G
22:24235360:A:G
22:24235380:A:G
22:24235455:A:G
22:24235459:G:T
22:24235466:C:G
22:24236392:C:G
22:24236819:C:T
22:24237221:C:G
22:24237463:C:T
22:24237862:G:T
22:24238079:A:T
22:24238674:C:T
22:24238823:A:G
22:24238830:C:T
22:24238857:G:T
22:24239868:C:T
22:24239871:C:G
22:24239945:C:CCATT
22:24240015:A:C
22:24240017:C:T
22:24240018:A:G
22:24240138:C:T
22:24240304:G:T
22:24240340:A:G
22:24241307:C:T
22:24241499:A:G
22:24241533:A:G
22:24241549:C:T
22:24241594:A:G
22:24242302:A:G
22:24242338:C:T
22:24242516:A:G
22:24242887:C:T
22:24242894:C:G
22:24242973:A:G
22:24243553:C:G
22:24243736:C:T
22:24244565:C:T
22:24245281:A:G
22:24245292:A:G
22:24245592:A:G
22:24245880:G:T
22:24245915:C:T
22:24246077:C:T
22:24246572:C:T
22:24247025:C:T
22:24247303:C:G
22:24247310:A:G
22:24247793:C:T
22:24247794:C:G
22:24248089:C:CT
22:24248166:G:T
22:24248278:A:T
22:24248314:A:G
22:24248370:A:G
22:24248414:A:G
22:24248712:C:T
22:24248761:C:T
22:24248781:A:G
22:24249021:A:G
22:24249091:C:T
22:24249458:A:C
22:24249616:A:C
22:24249628:C:T
22:24249631:G:T
22:24249688:A:G
22:24249729:A:C
22:24249731:G:T
22:24249739:C:T
22:24249750:C:T
22:24249800:A:G
22:24249849:C:T
22:24250072:A:AG
22:24250321:A:ACT
22:24250355:C:T
22:24250645:A:C
22:24250795:C:G
22:24250802:A:G
22:24251015:C:T
22:24251166:C:G
22:24251344:C:T
22:24251517:C:T
22:24251573:C:G
22:24251766:A:C
22:24252085:A:G
22:24252238:C:T
22:24252597:C:T
22:24252668:G:T
22:24252842:C:T
22:24252938:C:G
22:24253687:C:T
22:24253723:C:T
22:24254055:C:T
22:24254113:C:T
22:24254363:C:T
22:24254550:A:G
22:24254862:G:T
22:24255208:A:G
22:24255296:C:T
22:24256692:A:AT
22:24256894:C:T
22:24258777:C:T
22:24258983:A:AAAGGG
22:24260106:C:T
22:24260642:A:T
22:24260925:C:G
22:24260950:C:G
22:24261004:C:T
22:24261108:C:T
22:24261143:A:G
22:24261297:A:T
22:24261673:C:T
22:24261687:C:T
22:24261723:A:G
22:24261747:A:T
22:24261786:A:C
22:24261846:A:G
22:24262015:C:T
22:24262044:C:G
22:24262061:A:G
22:24262112:A:T
22:24263502:C:G
22:24263543:C:G
22:24263559:C:CA
22:24264089:G:T
22:24264395:C:T
22:24266082:A:G
22:24266726:C:T
22:24266831:C:G
22:24266867:A:G
22:24267047:C:T
22:24267347:C:G
22:24267538:C:T
22:24267815:C:T
22:24267995:C:G
22:24268120:G:T
22:24268496:A:AT
22:24268670:A:G
22:24268762:C:T
22:24268857:A:C
22:24268998:C:T
22:24269084:C:T
22:24269096:C:T
22:24269358:C:T
22:24269430:C:T
22:24269519:A:G
22:24269624:C:T
22:24269699:C:T
22:24269789:A:G
22:24270005:C:T
22:24270033:A:G
22:24270108:A:T
22:24270129:G:T
22:24270585:A:G
22:24270732:C:G
22:24270733:A:G
22:24270777:C:T
22:24271291:C:T
22:24271297:C:T
22:24271299:C:T
22:24272359:C:CAA
22:24273680:C:T
22:24291050:G:T
22:24291054:C:T
22:24291672:G:T
22:24291748:C:G
22:24294676:C:G
22:24294680:C:T
22:24301971:A:G
22:24302194:A:G
22:24311587:G:GC
22:24312629:C:G
22:24312764:C:CTT
22:24313085:A:G
22:24313868:C:G
22:24314006:G:T
22:24323131:C:T
22:24323953:C:CA
22:24334023:A:T
22:24335085:C:T
22:24335228:A:C
22:24335506:C:T
22:24335977:A:G
22:24336060:A:C
22:24336068:G:T
22:24336504:G:T
22:24336531:A:C
22:24337335:G:T
22:24337336:G:T
22:24337339:G:T
22:24337341:G:T
22:24338636:G:T
22:24338686:A:T
22:24339634:A:C
22:24339780:C:G
22:24340544:C:T
22:24340642:G:T
22:24340789:A:G
22:24340940:A:G
22:24341101:A:G
22:24342338:C:G
22:24366895:C:T
22:24366905:C:T
22:24366906:A:G
22:24398149:C:G
22:24398868:A:C
22:24399059:A:G
22:24399549:C:G
22:24399825:G:T
22:24400129:A:C
22:24400360:A:C
22:24400569:C:T
22:24401503:C:T
22:24401617:A:C
22:24404578:A:C
22:24407334:C:G
22:24407483:C:T
22:24407619:A:G
22:24414482:G:T
22:24414829:G:T
22:24415817:A:T
22:24417287:T:TG
22:24419426:A:G
22:24420128:C:T
22:24420270:C:T
22:24420722:C:T
22:24422166:A:G
22:24423028:C:CTTTTTCT
22:24423790:A:G
22:24425114:C:G
22:24427825:C:T
22:24427878:A:G
22:24429241:C:T
22:24433140:A:G
22:24435843:A:G
22:24435954:A:G
22:24438047:A:G
22:24439047:A:T
22:24439268:C:G
22:24442459:C:T
22:24443473:C:T
22:24443697:G:T
22:24444640:A:T
22:24446618:A:G
22:24448082:C:T
22:24448398:C:T
22:24451035:A:G
22:24452885:A:G
22:24453375:C:T
22:24453702:C:CCTT
22:24453831:C:G
22:24457149:A:G
22:24457197:C:T
22:24458096:A:G
22:24459438:C:T
22:24461944:A:G
22:24462072:A:C
22:24463748:C:T
22:24464377:A:G
22:24465672:A:G
22:24465716:G:T
22:24468123:A:C
22:24468184:G:GC
22:24468386:A:G
22:24469115:A:G
22:24470125:C:G
22:24472270:A:G
22:24473311:C:G
22:24473420:G:T
22:24474704:A:G
22:24474793:C:CTT
22:24474904:T:TATC
22:24475461:A:G
22:24478183:C:T
22:24478683:G:T
22:24478695:G:T
22:24480503:A:G
22:24482500:A:C
22:24483878:A:AT
22:24488461:C:T
22:24488861:C:T
22:24489649:C:T
22:24490105:A:C
22:24490529:C:T
22:24490666:A:G
22:24490766:C:T
22:24491488:C:G
22:24492061:C:T
22:24497624:C:G
22:24498665:C:T
22:24499204:A:G
22:24500866:C:G
22:24503987:C:T
22:24510620:C:T
22:24513337:A:T
22:24513512:T:TG
22:24513520:C:G
22:24513946:A:G
22:24514352:C:T
22:24514600:C:G
22:24516291:C:T
22:24518128:A:G
22:24518728:A:G
22:24520375:A:G
22:24523177:C:T
22:24525236:A:G
22:24525711:C:T
22:24527195:T:TCTC
22:24527749:C:T
22:24530992:C:T
22:24532142:A:G
22:24532468:C:T
22:24535229:C:T
22:24535559:C:T
22:24535630:A:G
22:24535962:A:G
22:24538040:G:T
22:24538918:A:G
22:24539734:A:G
22:24540281:C:T
22:24541432:C:T
22:24542480:C:T
22:24542636:A:T
22:24544482:G:T
22:24544607:C:T
22:24544632:G:T
22:24545060:C:T
22:24546298:A:G
22:24547071:C:T
22:24550303:C:T
22:24551909:G:T
22:24552872:A:C
22:24553535:A:G
22:24555861:A:G
22:24555965:A:G
22:24556507:C:T
22:24556902:A:G
22:24558318:C:T
22:24559739:C:T
22:24560254:C:G
22:24561364:A:G
22:24564477:C:T
22:24564648:G:T
22:24564782:C:T
22:24566000:C:T
22:24566579:A:G
22:24566894:G:T
22:24567031:A:G
22:24570772:A:G
22:24572034:A:G
22:24572853:C:T
22:24575333:C:T
22:24575952:C:T
22:24576159:A:G
22:24577121:C:G
22:24577986:C:T
22:24578659:A:G
22:24579945:A:G
22:24580381:C:G
22:24580485:A:C
22:24580694:C:T
22:24580924:G:T
22:24581207:C:T
22:24582041:A:G
22:24582739:A:G
22:24583879:C:T
22:24584970:A:G
22:24585313:A:G
22:24585575:C:T
22:24585594:C:T
22:24585835:C:T
22:24586071:C:T
22:24587818:C:T
22:24588865:A:T
22:24590049:C:G
22:24591879:A:G
22:24592593:C:T
22:24593128:A:G
22:24594662:C:T
22:24594983:T:TA
22:24597540:A:C
22:24598570:C:T
22:24598619:A:AG
22:24600438:A:G
22:24600820:G:T
22:24600870:C:G
22:24602351:G:T
22:24602382:A:C
22:24602476:A:G
22:24604300:C:T
22:24604860:C:T
22:24604919:A:G
22:24605021:G:T
22:24605331:A:G
22:24605938:A:G
22:24605996:G:GT
22:24606731:A:C
22:24606793:C:T
22:24607001:C:T
22:24607212:A:G
22:24607407:C:T
22:24607589:A:G
22:24607904:C:T
22:24608328:C:T
22:24608382:A:AGT
22:24608798:A:AAAAT
22:24608924:C:T
22:24609605:A:G
22:24609638:C:T
22:24609676:C:G
22:24609698:G:GC
22:24609701:A:AT
22:24609951:A:G
22:24610107:A:G
22:24610158:A:G
22:24611356:C:T
22:24612115:C:T
22:24612987:A:T
22:24614106:A:C
22:24614306:A:G
22:24615448:A:G
22:24615508:A:G
22:24615638:C:CTCT
22:24616876:A:G
22:24617001:C:G
22:24617101:C:T
22:24617335:A:T
22:24617380:A:G
22:24617383:A:T
22:24617515:C:G
22:24617973:C:G
22:24618331:A:G
22:24618574:C:T
22:24621491:C:T
22:24621826:A:G
22:24621857:A:C
22:24622648:C:T
22:24623137:C:T
22:24623634:A:AGAAACCAGTATGATCATG
22:24624011:C:T
22:24624347:C:T
22:24624421:G:GT
22:24624609:A:G
22:24624870:A:G
22:24625618:A:G
22:24625659:A:T
22:24627309:C:T
22:24627910:A:T
22:24628928:A:G
22:24629380:C:T
22:24630093:A:C
22:24631122:A:G
22:24631317:C:T
22:24631748:C:T
22:24631791:A:G
22:24632072:C:T
22:24632357:C:T
22:24632403:C:T
22:24632431:A:T
22:24632680:A:G
22:24632975:C:CT
22:24633373:A:ATATT
22:24633621:C:T
22:24633894:A:T
22:24634276:C:T
22:24634471:C:T
22:24635839:C:G
22:24635927:A:T
22:24635930:A:T
22:24636822:C:T
22:24637799:T:TC
22:24638115:A:G
22:24638521:C:T
22:24638596:A:G
22:24639069:C:T
22:24639194:A:T
22:24639399:A:C
22:24639878:A:G
22:24641203:A:G
22:24641953:G:T
22:24642009:C:T
22:24642653:C:T
22:24642696:C:T
22:24642797:C:G
22:24642881:A:G
22:24643449:C:G
22:24644104:C:T
22:24644571:C:T
22:24644636:A:G
22:24645751:A:C
22:24645934:G:T
22:24646118:G:T
22:24646132:G:T
22:24646168:C:T
22:24646573:C:T
22:24646701:A:G
22:24646883:A:G
22:24647121:A:G
22:24647463:C:T
22:24651116:C:T
22:24652371:C:T
22:24654050:C:T
22:24654375:A:G
22:24654577:C:T
22:24656822:C:G
22:24657872:C:T
22:24658265:G:T
22:24658858:G:T
22:24659077:A:G
22:24659165:C:T
22:24660074:A:G
22:24660700:G:GA
22:24660781:A:AT
22:24662171:G:T
22:24662649:C:T
22:24663726:C:T
22:24663987:C:T
22:24664732:A:G
22:24665137:A:C
22:24666270:T:TAC
22:24666336:T:TATAC
22:24666338:T:TAC
22:24666599:A:ACTT
22:24666835:C:G
22:24669465:A:G
22:24669858:C:G
22:24670719:C:T
22:24672718:A:G
22:24675337:A:T
22:24676570:C:T
22:24676738:C:G
22:24677025:A:G
22:24677476:C:T
22:24677829:C:T
22:24677831:G:T
22:24679203:C:T
22:24679907:C:T
22:24681371:C:T
22:24681555:C:T
22:24681579:C:T
22:24681608:G:GTTGTT
22:24684058:C:T
22:24685458:T:TAGAA
22:24687470:C:CTAA
22:24691408:A:G
22:24692132:A:G
22:24692249:C:T
22:24693571:C:T
22:24693578:C:T
22:24694086:A:G
22:24695298:A:G
22:24695433:A:G
22:24695441:C:T
22:24695769:G:T
22:24697313:A:T
22:24697757:A:G
22:24700854:C:T
22:24701862:C:G
22:24702928:A:G
22:24704556:C:T
22:24705104:G:GACAC
22:24705618:C:T
22:24706298:A:G
22:24707006:C:G
22:24707112:C:T
22:24708563:A:G
22:24711374:G:T
22:24712404:C:T
22:24712848:C:T
22:24713141:C:T
22:24713638:C:T
22:24713915:C:G
22:24713949:A:G
22:24714433:A:G
22:24716720:A:T
22:24717518:A:G
22:24719085:C:G
22:24719605:C:T
22:24721506:G:GATTT
22:24721549:A:T
22:24721578:C:T
22:24723644:C:T
22:24724099:A:G
22:24724724:A:G
22:24725335:C:T
22:24725805:C:G
22:24726718:G:T
22:24726752:C:G
22:24727066:C:T
22:24727410:A:T
22:24727687:A:G
22:24727846:A:C
22:24728941:A:G
22:24730587:C:T
22:24731070:C:T
22:24732045:A:G
22:24736280:C:T
22:24737327:A:G
22:24740311:T:TA
22:24741779:G:T
22:24742009:A:C
22:24742294:C:T
22:24742426:C:G
22:24742850:A:G
22:24742870:A:G
22:24744079:C:T
22:24744702:C:T
22:24745305:C:T
22:24745498:A:C
22:24745667:G:T
22:24745957:C:T
22:24747989:A:G
22:24748527:A:G
22:24750273:A:T
22:24750512:C:T
22:24751158:C:T
22:24751794:G:GT
22:24752835:C:T
22:24754572:A:G
22:24754634:A:C
22:24754791:C:T
22:24754911:A:G
22:24755025:G:T
22:24755594:A:G
22:24755850:A:G
22:24756865:C:T
22:24756970:C:CT
22:24757288:T:TCAAGGTGGCAGTGAGC
22:24760629:C:CA
22:24761141:A:G
22:24762168:C:CT
22:24763476:C:T
22:24766986:A:G
22:24767602:G:T
22:24767776:C:G
22:24768151:A:G
22:24768368:C:G
22:24768481:A:G
22:24768662:C:G
22:24769729:C:G
22:24770182:C:T
22:24770240:A:G
22:24770980:A:AC
22:24771866:C:T
22:24771922:A:C
22:24771955:A:C
22:24772073:C:G
22:24772276:A:T
22:24772378:C:T
22:24774375:A:G
22:24774907:C:T
22:24774955:C:T
22:24775070:C:CTTAAA
22:24775348:C:T
22:24775644:A:G
22:24775940:C:G
22:24776829:C:CT
22:24777609:C:T
22:24777984:T:TA
22:24779760:A:ATTTTTTTTTTTTTTTTTTTTT
22:24780580:A:G
22:24781680:C:T
22:24782084:C:CA
22:24783518:A:G
22:24784756:T:TA
22:24790409:A:C
22:24790533:C:G
22:24791506:A:AG
22:24792273:G:T
22:24793716:A:G
22:24796290:A:G
22:24800272:A:G
22:24801535:C:T
22:24802564:A:G
22:24803706:C:G
22:24804081:G:T
22:24805060:C:T
22:24806804:G:T
22:24807190:A:AG
22:24807235:C:T
22:24807343:G:T
22:24807358:C:T
22:24807414:C:T
22:24808435:A:G
22:24808883:T:TCACGTGAAA
22:24808993:A:G
22:24809372:C:T
22:24811667:A:G
22:24811914:C:G
22:24812377:C:T
22:24813841:C:T
22:24813855:A:C
22:24814625:C:T
22:24815288:A:G
22:24815406:A:G
22:24818090:A:G
22:24818439:C:T
22:24819888:G:GGCC
22:24820268:A:G
22:24820483:A:C
22:24822663:C:T
22:24824491:A:G
22:24825511:C:T
22:24826219:T:TGCTTAAGGAGGG
22:24826672:C:T
22:24826863:A:G
22:24830595:C:T
22:24832378:A:T
22:24833164:C:T
22:24833732:C:T
22:24833760:G:T
22:24834731:A:G
22:24837301:C:T
22:24837909:C:CT
22:24839372:C:G
22:24839386:A:G
22:24840118:G:T
22:24840253:A:G
22:24840734:A:G
22:24841123:A:G
22:24841905:A:C
22:24841990:C:T
22:24842452:G:T
22:24842915:C:T
22:24843594:C:G
22:24843731:C:G
22:24843802:T:TA
22:24843886:C:G
22:24845989:A:C
22:24846391:C:T
22:24846477:C:T
22:24847606:A:T
22:24848425:C:G
22:24848460:A:G
22:24850897:C:T
22:24852233:A:T
22:24853673:C:T
22:24855182:C:T
22:24855541:A:G
22:24855643:G:GA
22:24856329:C:T
22:24857350:A:G
22:24858500:C:T
22:24862597:A:G
22:24862738:A:G
22:24864914:C:T
22:24865187:C:T
22:24865951:C:CTT
22:24867882:C:G
22:24868589:A:G
22:24869659:A:G
22:24870064:A:T
22:24870126:C:T
22:24871831:A:G
22:24871942:C:T
22:24873151:C:G
22:24873526:A:G
22:24874697:C:T
22:24875123:C:T
22:24876531:C:CA
22:24876800:C:T
22:24876846:C:T
22:24878206:A:G
22:24878218:C:T
22:24878430:C:T
22:24878804:C:T
22:24879289:A:G
22:24879557:C:T
22:24879656:C:T
22:24879664:A:AT
22:24879810:C:CAAAACAAAAACA
22:24881233:C:T
22:24881685:A:G
22:24881781:C:T
22:24881834:A:AT
22:24881985:C:G
22:24882187:A:G
22:24883218:A:T
22:24883528:C:T
22:24884656:C:T
22:24885223:C:T
22:24885930:T:TAA
22:24885974:A:G
22:24886387:A:G
22:24886476:C:T
22:24887160:C:CAT
22:24887780:A:C
22:24888796:A:G
22:24890945:G:T
22:24891292:C:G
22:24891355:A:T
22:24892973:A:G
22:24893336:A:G
22:24893676:C:T
22:24894017:A:G
22:24894856:A:G
22:24895416:C:T
22:24896014:A:G
22:24897743:A:G
22:24898310:C:T
22:24900045:C:G
22:24900872:A:AT
22:24901795:C:T
22:24901989:A:AT
22:24902606:A:G
22:24902976:T:TGTTA
22:24905288:C:T
22:24905713:A:AT
22:24906034:C:T
22:24906963:C:CT
22:24907616:C:G
22:24908104:G:GA
22:24908352:A:G
22:24908696:C:G
22:24908829:A:G
22:24911712:A:G
22:24912232:C:T
22:24912248:A:G
22:24912757:A:G
22:24913995:C:T
22:24917169:G:T
22:24917393:A:C
22:24917600:A:C
22:24917852:A:G
22:24918447:A:G
22:24919016:C:T
22:24919329:C:T
22:24920322:G:T
22:24921214:C:T
22:24921558:C:T
22:24922047:T:TA
22:24922452:G:T
22:24923324:C:CA
22:24925016:A:G
22:24927079:A:G
22:24927726:G:GT
22:24927731:C:T
22:24927739:A:C
22:24928720:A:G
22:24929567:A:G
22:24929574:C:T
22:24929771:A:G
22:24932041:C:G
22:24932214:A:G
22:24932967:A:C
22:24933069:C:T
22:24934316:C:G
22:24934355:C:G
22:24934370:C:T
22:24934434:G:GTTT
22:24935114:A:G
22:24936082:G:T
22:24936083:C:T
22:24936713:C:CTT
22:24938455:A:T
22:24941578:C:CT
22:24943294:C:T
22:24945361:A:C
22:24945417:C:T
22:24946396:A:T
22:24946522:C:G
22:24946618:C:G
22:24947664:G:GA
22:24949306:C:T
22:24949714:C:G
22:24951086:A:G
22:24951296:C:T
22:24952344:G:T
22:24952344:G:GT
22:24952498:A:C
22:24953056:C:T
22:24953279:A:G
22:24953571:A:G
22:24956087:C:CCTTGCTCTGTCACCCAGGCTGC
22:24956659:C:T
22:24956681:G:GC
22:24956774:C:CA
22:24957848:T:TC
22:24958017:A:G
22:24959169:C:CATAT
22:24960127:A:G
22:24960160:A:G
22:24960600:G:T
22:24962254:A:C
22:24965885:A:G
22:24966393:A:C
22:24966511:A:C
22:24966628:A:G
22:24968526:C:T
22:24969016:C:T
22:24970486:A:G
22:24971075:A:G
22:24971781:C:T
22:24973368:C:G
22:24975132:C:CAG
22:24975488:A:G
22:24976045:A:G
22:24986145:A:G
22:24986350:G:T
22:24986546:A:G
22:24988920:C:T
22:24990348:A:T
22:24990358:A:G
22:24990916:A:G
22:24991863:C:T
22:24992266:C:T
22:24992953:A:AT
22:24993367:A:G
22:24994708:C:T
22:24994939:G:T
22:24994977:A:T
22:24995044:A:G
22:24995134:G:T
22:24995202:A:G
22:24995663:C:T
22:24995756:A:C
22:24996438:A:G
22:24996582:A:G
22:24996630:C:T
22:24997070:A:G
22:24997086:A:G
22:24997846:C:T
22:24998400:A:T
22:24998553:C:T
22:24999104:C:G
22:25000229:A:T
22:25001348:T:TATA
22:25002254:C:T
22:25003934:A:G
22:25004206:G:T
22:25004608:C:T
22:25004987:C:G
22:25007481:C:T
22:25008477:C:CT
22:25008568:A:G
22:25008650:C:T
22:25009730:A:G
22:25009875:A:G
22:25011320:C:T
22:25011332:A:G
22:25011901:A:T
22:25012758:G:T
22:25012854:C:T
22:25012940:A:T
22:25013288:C:T
22:25013346:A:G
22:25014244:C:G
22:25014440:A:C
22:25014524:C:T
22:25016737:A:G
22:25019367:C:T
22:25020240:C:T
22:25022290:C:T
22:25022323:C:CCT
22:25022349:T:TCTC
22:25029562:T:TGG
22:25029873:A:G
22:25029875:A:G
22:25029886:A:T
22:25030084:A:G
22:25041462:C:T
22:25044198:C:T
22:25045737:C:T
22:25046330:C:T
22:25047499:C:T
22:25047514:C:T
22:25048235:G:T
22:25048387:C:G
22:25048950:C:G
22:25049562:C:T
22:25051704:C:T
22:25052696:C:T
22:25053296:A:G
22:25055518:A:G
22:25062167:C:G
22:25063517:A:G
22:25064279:G:GA
22:25064385:G:T
22:25064534:C:T
22:25065773:A:G
22:25065777:G:T
22:25065811:C:T
22:25065820:C:T
22:25065821:A:G
22:25066565:A:G
22:25066813:C:T
22:25066888:G:T
22:25066942:A:G
22:25067003:C:T
22:25067726:C:T
22:25067820:C:T
22:25067875:C:T
22:25067974:C:CT
22:25068076:C:T
22:25068234:C:T
22:25068259:G:T
22:25068298:A:G
22:25068329:A:G
22:25068453:A:AAT
22:25068479:T:TAG
22:25068559:C:T
22:25068560:G:T
22:25068964:C:T
22:25069276:A:G
22:25069310:A:G
22:25069459:A:G
22:25069482:C:T
22:25069637:A:T
22:25069733:A:G
22:25069988:C:T
22:25070010:A:ATTG
22:25071115:A:T
22:25071251:A:G
22:25071369:C:T
22:25071496:C:T
22:25071597:A:G
22:25071656:A:G
22:25071779:A:G
22:25071927:C:T
22:25071958:A:G
22:25072645:C:T
22:25072935:C:T
22:25073022:C:T
22:25073079:A:G
22:25073267:G:GT
22:25073357:T:TATATTC
22:25073388:A:G
22:25073426:C:T
22:25073599:A:AAAC
22:25073748:C:G
22:25073825:C:G
22:25074207:C:T
22:25074510:C:G
22:25074598:A:G
22:25074778:A:G
22:25074863:G:T
22:25075267:A:G
22:25075327:C:G
22:25075402:A:G
22:25075975:A:G
22:25076598:G:T
22:25076938:A:G
22:25077156:C:T
22:25077432:A:G
22:25078108:C:G
22:25078291:A:G
22:25079925:A:G
22:25080077:A:G
22:25080956:G:T
22:25081104:C:G
22:25081241:C:T
22:25081897:C:G
22:25082586:G:T
22:25082635:C:T
22:25082844:C:G
22:25083148:A:C
22:25083170:A:G
22:25083454:A:G
22:25083672:A:G
22:25083697:A:G
22:25084071:G:T
22:25084713:A:G
22:25084872:A:G
22:25084897:A:C
22:25085373:C:T
22:25085442:C:T
22:25085536:C:T
22:25086063:A:G
22:25086734:C:T
22:25086816:C:G
22:25087059:G:T
22:25087164:A:C
22:25087243:C:T
22:25087256:C:T
22:25087268:A:G
22:25087662:C:T
22:25087674:C:T
22:25087731:C:T
22:25088494:A:C
22:25088629:A:T
22:25089256:T:TA
22:25089322:A:T
22:25089751:A:G
22:25089759:C:G
22:25089769:A:G
22:25089773:A:G
22:25089881:A:G
22:25089914:A:G
22:25090006:A:G
22:25090165:A:G
22:25090370:C:T
22:25090710:C:G
22:25090768:A:G
22:25090863:C:G
22:25090985:C:T
22:25090989:A:G
22:25090998:A:T
22:25091272:C:T
22:25091395:C:T
22:25092017:C:T
22:25092133:T:TTCC
22:25092773:A:G
22:25093071:A:G
22:25093121:C:T
22:25093324:A:G
22:25093837:G:GGGCAGCTGGCAGCTGGCAGCT
22:25094332:C:CT
22:25094393:C:T
22:25094479:C:T
22:25094492:A:G
22:25095440:C:T
22:25095452:A:C
22:25095558:C:T
22:25095559:A:G
22:25096171:C:T
22:25096704:G:T
22:25096813:A:G
22:25096978:A:G
22:25098371:C:T
22:25098493:A:G
22:25099115:A:G
22:25099898:C:T
22:25100444:C:T
22:25100466:C:T
22:25100636:A:G
22:25100835:C:G
22:25100905:A:C
22:25101570:A:G
22:25101708:C:CAA
22:25102070:C:T
22:25102094:A:G
22:25102715:G:T
22:25103024:C:T
22:25103101:A:G
22:25103157:C:T
22:25103222:A:G
22:25103248:C:T
22:25103543:A:G
22:25103770:C:T
22:25103816:C:T
22:25104087:C:T
22:25104220:A:G
22:25104355:C:T
22:25104770:G:T
22:25105221:A:G
22:25105347:C:T
22:25105529:G:GT
22:25105832:C:G
22:25106108:G:T
22:25106313:C:CA
22:25106327:A:G
22:25106411:A:T
22:25106692:A:AC
22:25106976:A:G
22:25107566:C:G
22:25107984:G:GT
22:25108767:A:G
22:25109027:A:G
22:25109069:C:T
22:25109367:G:GT
22:25109856:C:CT
22:25109920:C:T
22:25110395:G:T
22:25110656:G:T
22:25111218:A:T
22:25111237:A:T
22:25111467:G:T
22:25112325:A:G
22:25113562:A:G
22:25113739:A:G
22:25114396:A:G
22:25117920:C:T
22:25117963:C:T
22:25118051:A:G
22:25118689:A:G
22:25119210:A:C
22:25119284:A:G
22:25119300:C:T
22:25119636:C:T
22:25119935:A:G
22:25120503:A:G
22:25121800:G:GA
22:25121801:G:GTTCC
22:25122374:C:T
22:25122720:A:G
22:25123031:A:G
22:25123505:C:T
22:25123664:A:G
22:25123669:A:G
22:25124095:C:T
22:25124711:C:T
22:25124928:C:G
22:25125000:A:G
22:25127865:C:T
22:25129964:A:G
22:25130815:A:C
22:25131425:G:T
22:25131985:A:G
22:25132498:A:G
22:25133052:G:T
22:25133117:C:T
22:25133355:A:T
22:25133760:C:G
22:25134256:A:C
22:25134291:C:T
22:25134865:C:T
22:25135682:A:G
22:25136043:A:G
22:25136112:A:G
22:25136980:A:G
22:25138118:C:CAA
22:25140140:C:CGAAT
22:25142030:A:G
22:25142257:A:G
22:25142426:T:TATCATACTGA
22:25142974:C:T
22:25144054:A:G
22:25144066:T:TA
22:25144619:A:AT
22:25144676:C:T
22:25144912:C:T
22:25145471:A:G
22:25146457:T:TC
22:25146534:A:C
22:25146616:C:T
22:25146648:G:T
22:25146677:A:T
22:25146685:C:T
22:25146736:C:T
22:25146944:A:T
22:25147159:A:G
22:25147324:A:G
22:25149148:C:T
22:25149206:C:T
22:25150440:C:CAGTG
22:25150694:C:T
22:25151516:A:C
22:25151527:C:CAAA
22:25151638:C:T
22:25152198:T:TAA
22:25152821:C:T
22:25153463:C:T
22:25154890:T:TCTAA
22:25155143:C:T
22:25155144:A:G
22:25156134:A:C
22:25156703:C:T
22:25157311:A:T
22:25157375:C:CCAACTAAAAGTGAAGAGG
22:25157455:C:T
22:25158326:A:G
22:25158597:C:G
22:25159425:G:T
22:25159492:C:T
22:25159862:C:T
22:25160007:G:GC
22:25160298:C:T
22:25160592:C:CGTGTGT
22:25160668:A:G
22:25160785:C:T
22:25161052:C:T
22:25161325:C:G
22:25161356:C:T
22:25161373:C:T
22:25161380:A:G
22:25161495:A:T
22:25161574:C:T
22:25161635:A:G
22:25161751:C:CA
22:25161820:G:T
22:25161825:A:G
22:25161891:C:G
22:25162299:G:T
22:25162510:C:T
22:25162578:C:T
22:25162584:C:T
22:25162924:A:G
22:25162976:A:T
22:25163023:A:G
22:25163340:T:TA
22:25163341:A:T
22:25163345:A:T
22:25163472:C:T
22:25163624:A:G
22:25164465:C:T
22:25164505:A:C
22:25164683:C:T
22:25164888:C:T
22:25164960:A:G
22:25165001:A:C
22:25165277:A:G
22:25165416:A:G
22:25165468:A:G
22:25165514:A:G
22:25165726:A:G
22:25165770:A:AAT
22:25165774:A:AT
22:25166231:A:G
22:25166320:C:T
22:25166579:C:G
22:25166671:A:G
22:25166780:C:T
22:25167062:A:T
22:25167295:A:G
22:25167443:C:CAAA
22:25167707:C:CT
22:25167739:C:T
22:25167793:C:G
22:25167869:C:G
22:25167911:C:T
22:25168053:A:T
22:25168113:A:G
22:25168397:A:C
22:25168411:C:T
22:25168692:T:TG
22:25169210:C:G
22:25169549:C:T
22:25169705:T:TCTCA
22:25169831:A:G
22:25169862:C:T
22:25169940:A:G
22:25170136:C:T
22:25170290:C:T
22:25170297:C:T
22:25170488:C:G
22:25170751:A:G
22:25170752:A:T
22:25170840:G:T
22:25170945:A:C
22:25171134:C:CA
22:25171293:A:G
22:25171387:A:C
22:25171477:G:T
22:25171530:C:T
22:25171553:A:C
22:25171625:A:G
22:25171879:A:G
22:25172117:C:G
22:25172169:A:C
22:25173152:A:G
22:25173344:G:T
22:25173527:A:G
22:25173569:C:T
22:25173627:A:G
22:25173679:C:CT
22:25173834:A:G
22:25173918:C:T
22:25174046:C:G
22:25174235:C:CT
22:25174805:A:C
22:25174981:A:G
22:25175113:C:CA
22:25175350:A:T
22:25175422:A:AT
22:25175488:C:T
22:25175489:A:G
22:25175658:C:T
22:25176476:C:T
22:25176512:G:T
22:25176582:A:G
22:25176861:C:T
22:25177197:C:T
22:25177308:G:T
22:25177371:A:T
22:25178133:T:TG
22:25178279:A:G
22:25178626:C:T
22:25178644:A:G
22:25178712:C:CA
22:25179410:A:G
22:25179580:C:T
22:25180088:C:G
22:25180796:A:G
22:25180937:A:G
22:25180939:A:G
22:25180982:C:T
22:25181138:A:G
22:25181167:C:T
22:25181501:T:TG
22:25181513:G:T
22:25181674:A:G
22:25181862:A:AT
22:25182381:C:T
22:25182429:C:T
22:25182432:A:G
22:25182436:C:T
22:25182438:A:G
22:25182449:C:G
22:25182492:A:G
22:25182494:C:T
22:25182624:C:T
22:25182827:A:G
22:25182839:C:T
22:25183642:G:T
22:25183742:A:C
22:25184442:C:T
22:25184527:A:C
22:25184892:C:T
22:25185823:A:G
22:25185863:C:T
22:25185880:G:T
22:25185898:A:AC
22:25186070:C:T
22:25186071:A:G
22:25186167:C:T
22:25186229:C:T
22:25186352:T:TA
22:25186633:C:G
22:25186691:C:T
22:25186954:A:G
22:25186975:A:G
22:25186984:C:T
22:25186995:A:G
22:25187004:C:T
22:25187028:A:T
22:25187034:C:T
22:25187039:A:G
22:25187046:C:T
22:25187047:G:T
22:25187051:A:G
22:25187126:C:T
22:25187175:T:TA
22:25187336:C:T
22:25187544:C:T
22:25187658:C:G
22:25188101:A:G
22:25188242:C:T
22:25188906:A:G
22:25190029:A:G
22:25190479:A:G
22:25190577:A:G
22:25192709:A:G
22:25196654:C:T
22:25196811:A:G
22:25197428:A:G
22:25197462:C:CA
22:25198505:C:T
22:25201317:A:G
22:25201678:A:C
22:25201746:C:T
22:25202090:A:G
22:25203287:T:TC
22:25204514:C:T
22:25205100:C:T
22:25208151:A:G
22:25209625:G:GC
22:25209724:C:T
22:25209729:A:C
22:25209753:C:T
22:25209780:C:T
22:25210236:A:AAAAAC
22:25210260:A:AC
22:25210306:A:G
22:25211229:A:G
22:25211475:C:T
22:25211480:C:T
22:25211481:A:G
22:25211546:A:G
22:25211581:A:G
22:25211793:A:G
22:25212913:C:G
22:25213105:A:G
22:25213318:C:CT
22:25213672:A:C
22:25213937:A:G
22:25214118:C:G
22:25214428:A:G
22:25214682:C:T
22:25214733:C:T
22:25214877:A:G
22:25215121:A:AC
22:25215305:C:T
22:25215436:A:G
22:25215484:C:T
22:25215934:C:T
22:25216289:C:G
22:25217063:C:G
22:25217152:C:T
22:25217242:C:G
22:25217432:A:G
22:25217701:C:T
22:25217982:A:G
22:25218120:C:T
22:25218993:A:G
22:25219432:G:T
22:25219681:A:C
22:25219697:C:G
22:25219783:A:G
22:25220581:A:AC
22:25221962:C:T
22:25222902:A:G
22:25223662:A:G
22:25223920:A:C
22:25224843:A:G
22:25225004:C:CA
22:25225032:A:G
22:25225033:C:G
22:25225117:C:T
22:25225149:A:T
22:25225703:A:T
22:25226157:C:T
22:25226660:C:G
22:25226661:G:T
22:25226662:A:C
22:25226663:A:T
22:25226954:G:T
22:25227694:A:G
22:25227897:C:T
22:25228022:C:T
22:25228089:A:G
22:25228577:A:G
22:25228907:C:CT
22:25228924:C:T
22:25229095:C:T
22:25229226:C:T
22:25229995:A:C
22:25230428:G:T
22:25230909:C:G
22:25231008:C:T
22:25231408:A:G
22:25231422:A:G
22:25231570:A:G
22:25231706:A:G
22:25231808:C:T
22:25231954:C:G
22:25232052:C:T
22:25232065:A:G
22:25232155:C:G
22:25232254:C:T
22:25232357:C:T
22:25232918:A:G
22:25233080:A:G
22:25233102:A:G
22:25233378:C:G
22:25233565:A:G
22:25233662:C:T
22:25233786:A:G
22:25233978:A:G
22:25234014:A:G
22:25234220:C:T
22:25234481:A:G
22:25234890:G:T
22:25234966:A:G
22:25235143:C:T
22:25235241:C:G
22:25235828:A:T
22:25235901:C:T
22:25235903:C:T
22:25235971:A:G
22:25236146:C:T
22:25236379:C:T
22:25237035:C:T
22:25238292:C:T
22:25238806:A:G
22:25239557:C:T
22:25241381:A:G
22:25242592:A:G
22:25242708:A:C
22:25242976:G:T
22:25244060:A:C
22:25244628:A:T
22:25244879:A:G
22:25246112:A:G
22:25246734:A:G
22:25246937:A:G
22:25247630:C:T
22:25248274:A:G
22:25248310:G:T
22:25248855:C:T
22:25249736:A:ATTTTTTT
22:25249786:A:G
22:25250787:A:G
22:25252192:A:G
22:25252340:G:GAAGT
22:25252387:C:T
22:25252631:A:C
22:25252661:C:T
22:25252740:C:T
22:25252772:A:G
22:25253214:C:CA
22:25253865:A:G
22:25254557:C:T
22:25254708:A:G
22:25255026:C:G
22:25255580:A:G
22:25255950:C:T
22:25255959:C:T
22:25256011:A:G
22:25256534:A:G
22:25256726:A:G
22:25257273:C:T
22:25257831:C:T
22:25258053:C:T
22:25258826:C:G
22:25258827:A:G
22:25258870:A:AG
22:25258902:C:T
22:25258928:A:C
22:25259433:A:G
22:25259655:A:G
22:25259711:C:CT
22:25260770:A:T
22:25260984:A:G
22:25261043:G:T
22:25261727:C:T
22:25261886:A:G
22:25262348:A:G
22:25262369:C:T
22:25262477:C:T
22:25262547:C:T
22:25262562:C:G
22:25262584:A:G
22:25262849:A:G
22:25263240:A:G
22:25263273:C:T
22:25265634:C:T
22:25265811:A:G
22:25265882:A:G
22:25267361:A:T
22:25269304:C:T
22:25269424:C:T
22:25269518:A:C
22:25269615:C:T
22:25269770:C:T
22:25269953:C:G
22:25270455:C:G
22:25272453:C:T
22:25274025:A:G
22:25274350:C:T
22:25275393:C:T
22:25275523:A:C
22:25277567:A:C
22:25278043:C:G
22:25278200:A:G
22:25278322:C:G
22:25278629:A:G
22:25278857:C:CT
22:25278896:A:G
22:25280841:C:T
22:25282572:C:T
22:25282711:C:T
22:25282986:C:G
22:25283063:C:T
22:25283066:A:G
22:25283294:C:T
22:25283602:A:G
22:25283909:A:G
22:25284016:G:T
22:25284135:G:T
22:25284280:G:T
22:25284456:C:T
22:25284601:C:T
22:25284613:G:T
22:25284818:A:G
22:25284829:A:G
22:25285019:C:G
22:25285086:A:G
22:25285118:A:G
22:25285463:A:G
22:25285471:A:G
22:25285621:A:AT
22:25285761:C:T
22:25285946:C:T
22:25285962:C:T
22:25288070:A:C
22:25288102:A:G
22:25288114:C:T
22:25288982:A:G
22:25289335:C:G
22:25290446:A:G
22:25290469:A:G
22:25290487:G:T
22:25290646:A:G
22:25290987:C:T
22:25291337:A:G
22:25293847:C:T
22:25294369:A:G
22:25294376:C:T
22:25294891:A:G
22:25295996:C:CT
22:25296051:C:T
22:25297338:A:C
22:25297513:A:C
22:25297755:A:G
22:25297965:C:T
22:25298485:A:T
22:25298891:A:G
22:25298983:C:T
22:25299333:A:G
22:25299631:C:CT
22:25299942:C:CAAAAAG
22:25300237:A:G
22:25300371:C:T
22:25300544:C:CAAA
22:25301743:A:G
22:25302653:A:G
22:25303055:C:T
22:25303490:T:TTTG
22:25303674:A:G
22:25303688:A:G
22:25303803:C:T
22:25303941:C:T
22:25304011:C:G
22:25304148:C:T
22:25304298:T:TAAAG
22:25304555:G:T
22:25304782:A:G
22:25304948:A:G
22:25305370:A:G
22:25305418:T:TTTA
22:25305513:A:C
22:25305718:C:T
22:25305805:A:G
22:25307409:C:T
22:25310022:C:T
22:25310451:A:C
22:25310578:A:T
22:25311007:A:G
22:25311040:A:G
22:25311196:A:AAAAT
22:25311304:C:G
22:25311481:A:G
22:25311591:A:G
22:25312307:C:T
22:25312549:C:G
22:25312691:C:G
22:25313022:C:CT
22:25313074:A:G
22:25313473:A:G
22:25314314:C:T
22:25314735:G:T
22:25314947:A:T
22:25317044:C:T
22:25317670:C:CT
22:25317736:A:G
22:25318446:C:CT
22:25318689:C:T
22:25324529:C:G
22:25325146:C:T
22:25325251:A:AT
22:25325862:C:CA
22:25326360:C:CA
22:25326562:C:T
22:25326869:C:G
22:25328686:A:G
22:25328891:A:ATTT
22:25329041:G:T
22:25329412:C:T
22:25331939:C:T
22:25332554:A:G
22:25333237:A:G
22:25333538:A:G
22:25334184:G:T
22:25334869:A:G
22:25334977:C:T
22:25335093:C:T
22:25335794:G:T
22:25335918:A:T
22:25336520:A:G
22:25336820:A:G
22:25338154:A:G
22:25338183:A:G
22:25339013:A:G
22:25339954:C:T
22:25352838:C:CA
22:25352963:A:C
22:25356007:A:G
22:25356513:C:CAA
22:25359162:C:G
22:25361760:C:T
22:25362552:C:T
22:25362763:C:T
22:25364428:C:T
22:25365239:A:C
22:25366709:A:C
22:25366714:A:C
22:25368627:C:CCCTT
22:25369084:A:G
22:25369319:C:T
22:25369388:C:T
22:25372809:G:GGGGACCTGCCAGTCATGAGT
22:25373985:A:C
22:25374503:A:C
22:25374948:A:G
22:25381045:A:G
22:25381362:A:G
22:25381396:T:TC
22:25382878:C:T
22:25383144:A:T
22:25385875:A:G
22:25386309:C:T
22:25386855:A:G
22:25388659:A:G
22:25389135:C:T
22:25391013:G:GT
22:25391294:C:T
22:25391322:G:GT
22:25392304:C:T
22:25393014:C:T
22:25393476:A:G
22:25393897:C:T
22:25394555:A:G
22:25394741:A:G
22:25395992:C:T
22:25396783:C:CT
22:25397158:A:ATATG
22:25397216:G:GTGTA
22:25397740:A:G
22:25399583:C:G
22:25399631:A:G
22:25399931:C:T
22:25400184:G:GTGAGCCTCCGACC
22:25400278:C:T
22:25400511:C:T
22:25400745:C:G
22:25401094:A:G
22:25401186:G:T
22:25401437:C:T
22:25401482:C:T
22:25401820:C:G
22:25402318:A:G
22:25402980:C:CTCT
22:25403114:A:G
22:25403232:A:G
22:25403437:G:GT
22:25403464:A:G
22:25403765:G:T
22:25404309:C:T
22:25404908:C:G
22:25405113:C:T
22:25405759:C:T
22:25406190:C:T
22:25407112:C:CT
22:25408189:A:C
22:25408235:T:TTTC
22:25408342:C:T
22:25410266:A:G
22:25410505:A:G
22:25410895:A:G
22:25411194:T:TAAA
22:25411254:A:G
22:25411420:C:T
22:25411532:C:G
22:25454376:C:T
22:25456277:A:G
22:25456909:C:T
22:25456939:A:T
22:25457445:C:T
22:25457760:C:CACTG
22:25458014:C:CT
22:25458352:A:G
22:25458804:C:CGCCACCT
22:25458813:C:T
22:25459042:C:T
22:25459113:A:T
22:25459533:T:TG
22:25460204:C:T
22:25460296:G:GGGATTA
22:25460772:A:T
22:25461111:G:GGCGGCTGTATGGTGTTGCT
22:25462634:C:T
22:25463252:C:CTT
22:25464310:A:G
22:25464549:A:G
22:25464866:C:G
22:25465065:C:T
22:25465828:C:T
22:25465949:C:G
22:25465977:A:G
22:25466072:C:G
22:25466323:C:G
22:25466395:G:T
22:25466553:A:G
22:25466635:G:T
22:25467143:C:T
22:25467406:A:C
22:25467408:C:G
22:25467916:A:G
22:25468013:C:G
22:25468406:A:G
22:25468830:A:G
22:25469198:A:C
22:25469303:A:G
22:25469345:A:T
22:25469368:A:ATGT
22:25469825:C:T
22:25470156:G:GAT
22:25470891:G:GT
22:25471296:A:G
22:25472021:G:GC
22:25472183:A:C
22:25472463:A:G
22:25473662:A:G
22:25473970:A:AT
22:25474566:A:G
22:25475200:C:CT
22:25476062:A:C
22:25476064:A:G
22:25476552:C:G
22:25476584:C:T
22:25476750:A:G
22:25477082:C:T
22:25477604:C:T
22:25478023:A:G
22:25478292:C:T
22:25479065:C:T
22:25479397:T:TG
22:25479479:C:T
22:25479515:C:G
22:25479684:G:T
22:25480006:A:G
22:25480182:A:G
22:25480248:C:T
22:25480872:C:G
22:25480981:A:G
22:25481070:C:G
22:25481086:C:T
22:25481476:T:TC
22:25481557:C:T
22:25481770:A:G
22:25482454:A:G
22:25482598:C:G
22:25482991:A:G
22:25483185:A:C
22:25483312:A:G
22:25483317:C:T
22:25483921:C:T
22:25484074:C:CTTTCTTTT
22:25484155:A:G
22:25484225:C:T
22:25485367:A:G
22:25485533:A:C
22:25487149:C:T
22:25487245:A:G
22:25487317:A:G
22:25487844:C:T
22:25488567:C:T
22:25488728:C:T
22:25489203:A:G
22:25489462:A:G
22:25489921:C:T
22:25490943:A:G
22:25491825:C:G
22:25492696:C:T
22:25492783:C:T
22:25492803:G:T
22:25492826:C:T
22:25493703:T:TA
22:25493978:C:T
22:25494457:A:G
22:25495827:C:G
22:25496257:A:G
22:25497260:A:G
22:25497692:A:G
22:25497794:C:G
22:25499165:C:T
22:25500496:G:T
22:25500674:A:G
22:25501264:C:T
22:25501786:T:TGG
22:25502844:C:T
22:25503128:C:T
22:25504385:C:T
22:25504760:A:G
22:25506518:G:T
22:25507031:A:G
22:25509030:A:G
22:25509747:A:G
22:25510694:A:G
22:25511130:A:G
22:25511470:G:T
22:25511770:A:G
22:25512248:A:C
22:25513075:A:G
22:25514201:C:T
22:25516304:A:C
22:25517301:C:T
22:25517321:C:T
22:25518394:C:T
22:25518815:A:G
22:25519224:C:T
22:25520095:C:T
22:25521183:A:C
22:25521655:C:T
22:25523371:C:T
22:25523551:A:T
22:25523876:C:T
22:25524076:C:G
22:25524977:A:G
22:25525489:A:C
22:25525493:A:C
22:25528641:A:C
22:25529010:A:G
22:25530408:C:T
22:25531002:A:G
22:25531186:C:T
22:25531908:A:G
22:25532553:A:G
22:25532574:A:G
22:25533796:A:G
22:25534684:C:T
22:25536642:A:G
22:25537360:C:T
22:25537366:A:AT
22:25538601:A:G
22:25539040:A:G
22:25539631:A:G
22:25540842:A:G
22:25540861:A:AT
22:25541742:C:CA
22:25541997:G:T
22:25542187:C:T
22:25542843:C:G
22:25543970:A:T
22:25543977:C:T
22:25544031:C:T
22:25544165:C:G
22:25544987:C:T
22:25545612:A:G
22:25545909:C:G
22:25546378:G:T
22:25546617:C:T
22:25546855:C:T
22:25546860:C:T
22:25546949:A:G
22:25547331:A:T
22:25547583:C:G
22:25547585:A:G
22:25547684:A:G
22:25547949:A:G
22:25548407:C:CA
22:25548986:C:T
22:25549183:C:T
22:25549405:A:G
22:25549870:C:T
22:25551531:A:ATGTT
22:25551920:C:CAT
22:25552180:G:GAT
22:25552253:A:G
22:25553537:A:C
22:25553772:C:T
22:25555242:A:G
22:25555283:A:G
22:25555349:A:G
22:25555789:A:G
22:25555948:A:G
22:25557196:A:G
22:25557365:A:G
22:25557611:C:T
22:25557634:A:C
22:25558097:C:T
22:25558233:G:T
22:25558685:C:G
22:25558968:A:G
22:25559609:A:G
22:25560268:A:G
22:25560462:G:T
22:25560579:A:C
22:25560601:A:C
22:25560635:C:G
22:25561215:A:G
22:25564047:A:G
22:25565420:A:G
22:25565679:G:T
22:25567302:C:T
22:25567568:A:G
22:25567696:A:T
22:25568577:A:C
22:25569939:C:T
22:25570020:A:G
22:25570273:A:G
22:25571301:C:T
22:25572712:C:G
22:25572922:A:T
22:25573431:A:G
22:25573514:C:T
22:25573618:A:AT
22:25574765:A:T
22:25575620:C:T
22:25576003:T:TCTGAAAGAGGCAAGACCTGGTG
22:25576087:A:T
22:25576234:A:G
22:25576274:A:G
22:25576655:A:G
22:25576823:C:T
22:25576881:C:T
22:25576993:C:T
22:25577015:A:G
22:25577038:C:T
22:25577214:C:T
22:25577372:A:AT
22:25577554:A:G
22:25577688:A:G
22:25577733:C:T
22:25577846:C:T
22:25577915:C:T
22:25578077:C:T
22:25578090:A:G
22:25578187:G:T
22:25578290:T:TTTTCTCTTCTTTCTTTCCTCCC
22:25579455:C:CTCCT
22:25581598:G:GAGGCTCTC
22:25581638:A:G
22:25581814:C:CAA
22:25581866:A:G
22:25583080:C:T
22:25583294:C:T
22:25583412:A:G
22:25583754:C:T
22:25584236:C:G
22:25584280:A:C
22:25584414:G:GGTGT
22:25585035:C:T
22:25585701:C:T
22:25586338:A:G
22:25586564:A:G
22:25587436:A:G
22:25587800:C:G
22:25587930:A:G
22:25588224:A:G
22:25589256:A:G
22:25589383:C:T
22:25589542:C:T
22:25589570:A:G
22:25589927:C:G
22:25589948:C:T
22:25591200:A:G
22:25591883:A:G
22:25592398:A:G
22:25593658:A:G
22:25593690:A:G
22:25594000:A:G
22:25596048:C:T
22:25596074:C:G
22:25596870:C:T
22:25597331:C:T
22:25597842:A:G
22:25598101:G:T
22:25600577:A:G
22:25601465:C:T
22:25601489:C:T
22:25602214:T:TG
22:25602708:A:G
22:25602790:A:G
22:25603008:C:T
22:25603553:A:G
22:25603797:C:T
22:25603808:C:T
22:25603951:C:T
22:25604188:A:G
22:25604703:C:T
22:25604960:A:G
22:25604984:A:G
22:25605012:C:T
22:25605067:C:T
22:25605173:A:G
22:25606665:C:T
22:25606861:C:G
22:25606975:C:G
22:25607028:C:T
22:25607182:C:T
22:25607259:C:T
22:25607495:A:T
22:25607571:C:T
22:25607922:A:G
22:25607973:A:T
22:25608162:A:G
22:25608296:A:G
22:25608430:C:T
22:25608589:A:G
22:25608615:C:G
22:25608776:G:T
22:25609191:A:G
22:25609395:A:G
22:25609572:A:G
22:25609680:C:T
22:25609890:C:T
22:25610055:A:T
22:25610585:A:G
22:25610710:A:G
22:25611005:C:T
22:25611116:A:G
22:25611672:A:G
22:25611979:C:T
22:25612113:A:AT
22:25612194:C:T
22:25612201:C:G
22:25612280:A:G
22:25612701:C:T
22:25613103:A:G
22:25613145:A:ATT
22:25613183:A:G
22:25613409:C:G
22:25613805:C:T
22:25614180:A:C
22:25614182:C:T
22:25614536:C:G
22:25614645:G:T
22:25615059:G:T
22:25615180:C:G
22:25615710:A:G
22:25616213:C:T
22:25616451:A:T
22:25616458:A:G
22:25617346:C:T
22:25618890:A:G
22:25619025:G:T
22:25619339:C:T
22:25619836:C:T
22:25619902:A:T
22:25619960:A:G
22:25620008:A:G
22:25620142:A:C
22:25621123:A:C
22:25621485:C:CA
22:25622131:T:TTC
22:25622442:C:T
22:25622885:C:T
22:25623344:A:T
22:25623367:C:G
22:25624049:A:G
22:25624373:C:T
22:25624592:A:G
22:25624838:A:G
22:25624904:C:T
22:25624965:A:G
22:25624990:C:CGT
22:25624998:C:T
22:25625554:A:G
22:25626564:A:G
22:25626566:C:T
22:25626650:C:CTCAT
22:25626785:A:T
22:25627134:A:C
22:25627604:A:G
22:25627870:G:GGTGT
22:25627900:A:T
22:25628561:G:GATGTTTCTACTCAGGAAGATGG
22:25628614:C:T
22:25629361:A:G
22:25629434:C:G
22:25629486:C:T
22:25629624:C:T
22:25629682:C:T
22:25630204:T:TA
22:25630597:C:T
22:25630933:T:TG
22:25631420:A:G
22:25631541:A:G
22:25632042:A:G
22:25632063:C:G
22:25632266:A:G
22:25632794:C:T
22:25633448:C:T
22:25633685:C:T
22:25633846:A:G
22:25634020:C:G
22:25634022:A:G
22:25634134:C:T
22:25634301:C:T
22:25634697:C:T
22:25634959:A:T
22:25636079:C:T
22:25636117:A:G
22:25636680:A:G
22:25637372:A:T
22:25638018:T:TA
22:25640628:C:T
22:25640950:C:T
22:25641210:C:G
22:25641520:A:G
22:25641754:A:G
22:25641808:A:AT
22:25641821:A:C
22:25641918:A:G
22:25641955:A:G
22:25641959:C:T
22:25642044:C:T
22:25642053:C:T
22:25642250:C:G
22:25642251:A:G
22:25642416:C:T
22:25643483:G:T
22:25643682:C:T
22:25643693:C:T
22:25643820:C:T
22:25643866:G:T
22:25643868:C:G
22:25644159:A:AT
22:25644657:C:CT
22:25644827:A:T
22:25645629:A:G
22:25647225:C:G
22:25647359:A:G
22:25647601:C:T
22:25648748:C:T
22:25648849:C:T
22:25649365:C:T
22:25649602:A:AAAAC
22:25650176:A:T
22:25650208:A:G
22:25650406:A:G
22:25650460:A:G
22:25650528:T:TTTTC
22:25650648:C:T
22:25651512:C:T
22:25651614:A:G
22:25652008:C:G
22:25652094:A:G
22:25652183:A:G
22:25652314:A:G
22:25652581:A:C
22:25652883:A:G
22:25653360:A:G
22:25653362:A:C
22:25653374:C:T
22:25653408:A:G
22:25654027:G:GCTC
22:25654586:C:T
22:25654814:G:T
22:25654951:C:T
22:25655057:C:T
22:25655173:A:G
22:25655211:C:T
22:25655212:A:G
22:25655231:A:T
22:25655275:C:T
22:25655487:A:G
22:25655507:A:ACC
22:25656461:A:G
22:25656756:C:T
22:25656895:A:G
22:25656957:C:G
22:25657311:A:G
22:25657326:A:AGATC
22:25657339:G:T
22:25657550:C:T
22:25657875:C:T
22:25657876:A:G
22:25657919:A:G
22:25657978:C:T
22:25657979:A:G
22:25658086:G:T
22:25658201:C:T
22:25658492:C:T
22:25658502:C:T
22:25658525:C:T
22:25658561:A:C
22:25658590:A:G
22:25658746:A:G
22:25658763:G:T
22:25658844:A:C
22:25659025:C:G
22:25659178:C:T
22:25659188:C:T
22:25659432:C:T
22:25659586:C:G
22:25659615:A:G
22:25659617:A:G
22:25659648:A:G
22:25660146:A:C
22:25660704:A:G
22:25660759:A:G
22:25661147:A:G
22:25661235:C:T
22:25661316:A:T
22:25661376:C:G
22:25661612:C:T
22:25661906:C:T
22:25662068:A:C
22:25662616:C:G
22:25663476:A:G
22:25663820:A:G
22:25664249:A:G
22:25664304:C:T
22:25664315:C:T
22:25664336:C:G
22:25664408:C:T
22:25664437:G:GA
22:25664515:C:T
22:25664751:C:T
22:25664780:C:T
22:25664798:C:T
22:25665084:C:G
22:25665270:A:G
22:25665277:G:T
22:25665315:C:T
22:25665326:A:G
22:25665373:A:G
22:25665476:C:G
22:25665662:A:G
22:25665717:A:G
22:25665754:G:T
22:25665855:A:C
22:25665863:C:T
22:25665865:G:GA
22:25666287:A:G
22:25666521:A:T
22:25666610:C:G
22:25666657:C:T
22:25666760:A:G
22:25667078:T:TTTAA
22:25667089:A:T
22:25667339:C:T
22:25667412:A:C
22:25667456:A:G
22:25667534:A:G
22:25667595:C:T
22:25667620:C:T
22:25667673:G:T
22:25667779:A:G
22:25667785:A:T
22:25667883:A:G
22:25667919:A:G
22:25667923:A:G
22:25667973:C:T
22:25668084:A:G
22:25668138:A:G
22:25668394:A:G
22:25668526:A:C
22:25668683:C:G
22:25668722:A:T
22:25668730:A:C
22:25668784:A:G
22:25668999:A:T
22:25669019:C:T
22:25669106:A:C
22:25669142:C:T
22:25669194:A:G
22:25669426:C:T
22:25669481:A:G
22:25669569:C:T
22:25669780:A:G
22:25670187:A:G
22:25670976:A:C
22:25671179:C:CGAGA
22:25671333:C:G
22:25671815:G:T
22:25671834:A:G
22:25671982:C:T
22:25672211:C:G
22:25672813:A:G
22:25672841:C:T
22:25673099:C:T
22:25673577:A:G
22:25673652:A:G
22:25674553:C:T
22:25675336:A:G
22:25676019:A:G
22:25676404:C:CTT
22:25676475:C:T
22:25676668:A:G
22:25676816:G:GT
22:25676933:C:G
22:25677202:C:CATTAAT
22:25678422:C:T
22:25678577:C:T
22:25679077:C:T
22:25679366:A:G
22:25679404:C:G
22:25679832:C:T
22:25679993:G:GT
22:25681043:C:G
22:25681653:G:GT
22:25681753:G:GA
22:25683817:A:G
22:25684177:C:T
22:25685233:C:T
22:25685505:A:G
22:25685506:C:T
22:25686344:C:T
22:25686374:C:T
22:25686383:A:G
22:25686612:A:C
22:25686768:C:T
22:25686781:A:C
22:25686800:A:G
22:25687309:C:T
22:25687310:A:G
22:25687318:A:G
22:25687337:G:T
22:25687349:A:C
22:25687568:A:G
22:25688004:T:TTGA
22:25691554:C:T
22:25693901:A:AAAAG
22:25695274:A:G
22:25695452:C:T
22:25695673:A:AT
22:25697574:C:T
22:25698745:G:T
22:25698901:C:G
22:25699248:A:G
22:25699291:A:C
22:25700186:C:T
22:25700815:C:T
22:25700835:C:T
22:25701097:A:G
22:25701126:C:T
22:25701127:A:G
22:25701604:G:T
22:25701844:C:T
22:25702125:C:T
22:25702352:G:T
22:25702665:A:G
22:25702777:G:T
22:25703131:C:G
22:25703609:C:CTT
22:25703921:A:T
22:25704467:A:G
22:25704927:A:AGGTGTGTGCG
22:25704942:T:TGC
22:25705290:A:T
22:25706442:C:T
22:25706573:A:AT
22:25707472:G:T
22:25707570:G:GAA
22:25707977:C:T
22:25707987:A:C
22:25708601:C:T
22:25708642:A:G
22:25709665:C:G
22:25709733:C:T
22:25709738:G:T
22:25710007:C:CT
22:25710040:C:T
22:25710415:C:T
22:25710957:A:G
22:25711520:C:CT
22:25711522:A:T
22:25711712:A:G
22:25711725:G:T
22:25711849:C:CCACCG
22:25712058:C:T
22:25712059:C:T
22:25712088:G:T
22:25712181:G:T
22:25712188:A:G
22:25712510:C:T
22:25712605:C:T
22:25713305:A:G
22:25713343:C:T
22:25713348:G:GT
22:25713398:G:T
22:25713424:A:C
22:25713592:C:T
22:25713633:A:G
22:25713869:C:T
22:25713881:A:G
22:25713900:C:T
22:25713904:C:G
22:25713905:A:G
22:25713908:A:C
22:25713933:A:G
22:25713967:A:G
22:25714180:A:G
22:25714182:A:G
22:25714220:C:G
22:25714484:C:T
22:25714525:A:T
22:25714539:C:T
22:25714576:A:G
22:25714626:A:C
22:25714660:A:G
22:25715235:A:G
22:25715467:A:G
22:25715472:C:T
22:25715481:C:T
22:25715539:C:G
22:25715630:A:G
22:25715774:A:G
22:25715923:A:G
22:25717380:G:GAGA
22:25717453:C:G
22:25717760:C:T
22:25717829:T:TTCTCTCTC
22:25718015:A:C
22:25718073:A:G
22:25718660:C:T
22:25718701:C:T
22:25718955:A:G
22:25719109:C:T
22:25719288:C:T
22:25721215:T:TA
22:25722250:C:CAG
22:25722605:T:TA
22:25723068:C:T
22:25723950:C:T
22:25724571:A:AT
22:25724871:G:T
22:25725567:C:T
22:25726141:A:G
22:25726992:C:T
22:25727810:C:T
22:25728057:A:G
22:25728294:C:CAAAAAAAA
22:25728462:C:CA
22:25729105:A:G
22:25729441:C:G
22:25729956:C:T
22:25730459:A:AT
22:25731233:C:T
22:25732919:C:T
22:25734992:C:T
22:25735360:A:G
22:25736537:C:T
22:25738274:A:T
22:25738275:A:G
22:25738276:T:TA
22:25739656:C:T
22:25740095:A:C
22:25740405:A:G
22:25740590:C:T
22:25741258:A:G
22:25741292:C:T
22:25743415:C:T
22:25745894:C:CTTCT
22:25747025:T:TA
22:25748481:C:T
22:25748686:C:T
22:25748718:A:G
22:25749793:A:G
22:25750074:C:T
22:25750873:A:G
22:25751415:C:T
22:25751461:C:G
22:25751748:A:AG
22:25752239:C:CA
22:25753321:A:G
22:25753387:C:T
22:25753970:A:G
22:25754412:C:T
22:25754505:A:G
22:25754600:A:G
22:25755315:A:T
22:25755599:A:G
22:25755885:C:T
22:25756674:C:T
22:25756782:A:AC
22:25756784:A:C
22:25756796:C:CAG
22:25757268:A:G
22:25758637:C:T
22:25759513:T:TAAAG
22:25759690:A:G
22:25760761:A:C
22:25761936:C:T
22:25763815:A:G
22:25764135:T:TTCACC
22:25766041:A:C
22:25769224:A:C
22:25769225:A:G
22:25770032:A:G
22:25770473:C:T
22:25771156:A:G
22:25775151:C:T
22:25775263:A:G
22:25776183:C:T
22:25777338:A:G
22:25778013:A:G
22:25778021:C:T
22:25778530:A:G
22:25778808:C:T
22:25779202:A:G
22:25779491:A:G
22:25779754:A:G
22:25780117:A:G
22:25781768:T:TAC
22:25781780:C:T
22:25783704:A:G
22:25784133:G:T
22:25784184:A:G
22:25784405:A:C
22:25784853:A:G
22:25785712:A:T
22:25786161:C:T
22:25786422:A:G
22:25786857:T:TGTAGGAGAG
22:25787002:A:G
22:25787397:C:T
22:25788542:C:T
22:25788591:A:G
22:25788649:A:G
22:25788807:A:G
22:25788854:C:T
22:25788912:A:G
22:25789037:A:C
22:25789324:A:G
22:25790047:C:CA
22:25790339:A:G
22:25790501:C:T
22:25790680:C:T
22:25790799:A:T
22:25791192:A:G
22:25791286:C:G
22:25791463:A:G
22:25792267:C:T
22:25792699:A:G
22:25792735:A:G
22:25792984:A:G
22:25793019:A:G
22:25794500:A:G
22:25794557:A:G
22:25797739:C:CA
22:25799113:C:T
22:25799196:G:GC
22:25800512:G:T
22:25803830:A:G
22:25803932:A:G
22:25804069:A:G
22:25804241:T:TA
22:25804453:A:G
22:25804468:A:G
22:25804659:C:T
22:25804889:A:G
22:25804958:A:C
22:25804982:C:T
22:25806894:A:G
22:25807004:G:T
22:25807136:A:G
22:25807287:C:T
22:25807310:A:C
22:25807435:C:T
22:25807483:A:G
22:25807777:G:T
22:25807819:C:T
22:25807823:C:T
22:25807926:A:G
22:25807929:C:T
22:25807954:G:T
22:25808003:C:T
22:25808296:C:T
22:25808383:A:C
22:25808443:A:G
22:25808665:C:G
22:25808939:A:G
22:25809344:C:G
22:25809371:C:T
22:25809630:C:CAAGCCTTCT
22:25809960:A:G
22:25810162:C:G
22:25810186:G:T
22:25810288:C:T
22:25810479:T:TG
22:25810534:G:T
22:25810620:C:T
22:25810674:A:G
22:25810924:A:T
22:25811159:C:T
22:25811320:C:T
22:25811345:C:G
22:25811478:C:T
22:25811880:C:T
22:25812040:C:G
22:25812056:A:G
22:25812985:A:G
22:25813676:C:T
22:25813829:C:T
22:25814434:C:T
22:25814741:A:AT
22:25815011:A:G
22:25815104:C:T
22:25815178:C:G
22:25815675:A:G
22:25816473:A:G
22:25817670:G:T
22:25819901:A:G
22:25824353:C:G
22:25825092:A:G
22:25825111:C:T
22:25826821:C:T
22:25827029:C:G
22:25827209:A:G
22:25827464:G:T
22:25827527:A:G
22:25827703:A:G
22:25827727:A:G
22:25827882:A:C
22:25828356:C:T
22:25828692:A:G
22:25829084:A:G
22:25829256:A:G
22:25829956:C:G
22:25829989:A:C
22:25830001:C:T
22:25830421:T:TG
22:25831740:C:T
22:25831825:A:T
22:25832136:A:T
22:25832242:A:G
22:25834229:G:T
22:25835267:A:C
22:25835269:A:C
22:25835514:A:G
22:25837939:T:TA
22:25840890:C:T
22:25841145:A:G
22:25841158:C:G
22:25843608:A:G
22:25843612:A:G
22:25844021:C:T
22:25847185:A:G
22:25849575:T:TG
22:25852830:C:T
22:25853908:A:G
22:25855136:C:G
22:25855459:A:G
22:25855950:A:G
22:25858154:A:G
22:25860230:G:GT
22:25860624:A:G
22:25863775:A:ATTC
22:25866265:C:CAG
22:25867555:C:CA
22:25867668:A:C
22:25867985:T:TAGTG
22:25868241:C:T
22:25868818:A:G
22:25869092:A:C
22:25869537:C:T
22:25870037:C:G
22:25870358:A:G
22:25870467:C:T
22:25872258:C:T
22:25872604:A:G
22:25872690:A:G
22:25872962:A:G
22:25878363:A:G
22:25878681:C:T
22:25878685:C:T
22:25879578:C:G
22:25886126:A:G
22:25887088:A:G
22:25889157:C:T
22:25889289:C:G
22:25890577:C:T
22:25891517:A:C
22:25892354:A:G
22:25893084:C:T
22:25895735:C:T
22:25896747:C:G
22:25896979:A:G
22:25897330:A:C
22:25898094:C:T
22:25898162:C:T
22:25898759:C:T
22:25899567:A:G
22:25900186:A:G
22:25900511:C:G
22:25900823:A:G
22:25901035:A:AT
22:25901750:C:G
22:25902716:C:G
22:25902929:T:TAC
22:25902937:C:T
22:25903106:A:T
22:25903214:C:CCATCCATCCATCCTCCATCCTT
22:25903228:A:T
22:25904802:C:CT
22:25905305:T:TG
22:25905668:G:T
22:25905879:A:G
22:25905922:C:T
22:25906811:C:T
22:25906898:A:G
22:25907148:C:T
22:25907328:A:G
22:25909103:A:G
22:25910667:A:G
22:25911742:C:T
22:25911773:A:G
22:25912318:C:T
22:25912323:A:G
22:25913027:A:G
22:25913038:T:TCTC
22:25913720:G:T
22:25913721:C:T
22:25913768:C:T
22:25915850:C:T
22:25916135:A:G
22:25916497:C:G
22:25918990:A:AT
22:25919125:C:CT
22:25919492:A:C
22:25919537:A:G
22:25919582:G:T
22:25919947:A:G
22:25919965:G:T
22:25920906:G:T
22:25921119:G:T
22:25921586:G:T
22:25921682:A:T
22:25921683:C:G
22:25921753:A:G
22:25921783:C:T
22:25922161:A:C
22:25922183:C:T
22:25922274:C:T
22:25922625:A:G
22:25922774:A:G
22:25923502:C:G
22:25923747:A:G
22:25924999:A:G
22:25925209:C:G
22:25925629:C:G
22:25927115:T:TTTTA
22:25927657:A:G
22:25927716:C:T
22:25927891:C:G
22:25928620:C:T
22:25928740:C:CA
22:25928745:A:G
22:25929077:C:T
22:25929157:C:G
22:25930037:C:T
22:25933590:A:G
22:25933753:A:C
22:25934221:C:CA
22:25934721:C:G
22:25934878:A:C
22:25937821:C:T
22:25938025:C:T
22:25938977:C:T
22:25939576:C:T
22:25939890:A:T
22:25939892:A:T
22:25940500:G:T
22:25941248:C:T
22:25941688:C:G
22:25942423:G:T
22:25942443:C:G
22:25942445:C:T
22:25942449:C:T
22:25942458:C:CTCTT
22:25942460:A:C
22:25942595:C:T
22:25942670:C:T
22:25942805:A:G
22:25943322:C:T
22:25944524:T:TTAGATAATAACTCATATAGATG
22:25944539:C:T
22:25945176:C:T
22:25945704:A:G
22:25948218:C:T
22:25949669:A:T
22:25950750:C:T
22:25955765:A:G
22:25956191:C:T
22:25960107:A:G
22:25972963:A:G
22:25975450:A:T
22:25979612:C:T
22:25980192:C:T
22:25980426:C:T
22:25980643:A:T
22:25981092:C:G
22:25981115:C:T
22:25983953:A:G
22:25985070:A:G
22:25988583:C:T
22:25988586:A:G
22:25988711:C:G
22:25989399:G:T
22:26000651:A:C
22:26001666:A:C
22:26005263:C:G
22:26007096:C:T
22:26008815:G:GTCCTTT
22:26009657:C:T
22:26011608:C:G
22:26018380:A:T
22:26021533:A:C
22:26022148:A:G
22:26029389:C:T
22:26033709:A:G
22:26036790:A:C
22:26042134:C:T
22:26046513:C:T
22:26048926:C:G
22:26051000:C:T
22:26057161:A:C
22:26058774:A:C
22:26059276:A:G
22:26064213:A:T
22:26064940:A:G
22:26066473:G:GA
22:26066777:A:T
22:26067103:A:G
22:26069098:C:T
22:26069727:C:T
22:26071193:A:ATGAAG
22:26071476:G:T
22:26072247:C:G
22:26072460:C:T
22:26074711:A:T
22:26080867:A:C
22:26082968:A:G
22:26084019:C:T
22:26088602:C:T
22:26094106:G:GAGGA
22:26101515:A:T
22:26101912:G:T
22:26105284:A:G
22:26109222:T:TCA
22:26115292:A:G
22:26126973:A:AT
22:26127420:C:T
22:26128840:G:T
22:26129925:A:G
22:26130055:C:CA
22:26130787:A:G
22:26131046:C:G
22:26131353:A:T
22:26131985:C:T
22:26132336:A:G
22:26133775:C:T
22:26135929:C:T
22:26137873:C:T
22:26138084:A:G
22:26140544:A:C
22:26141369:C:T
22:26141431:C:T
22:26141439:G:GAC
22:26142061:C:T
22:26142960:A:G
22:26143582:A:AT
22:26144212:A:G
22:26145655:C:T
22:26146062:C:T
22:26146429:G:T
22:26147439:C:T
22:26147490:A:G
22:26147557:A:G
22:26148073:A:G
22:26148376:A:G
22:26148399:A:C
22:26148405:C:T
22:26148412:A:C
22:26148436:A:G
22:26148590:A:G
22:26148596:A:G
22:26148597:C:G
22:26148634:A:AT
22:26148635:A:T
22:26148687:A:G
22:26148968:C:T
22:26148996:C:T
22:26149058:G:GT
22:26149122:C:T
22:26149142:C:G
22:26149171:A:C
22:26149187:G:GA
22:26149193:C:CT
22:26149194:A:G
22:26149207:C:G
22:26149378:C:T
22:26149462:C:T
22:26149567:C:T
22:26150584:C:T
22:26150770:A:G
22:26151331:A:G
22:26155484:C:T
22:26156157:C:T
22:26156600:C:T
22:26157068:C:G
22:26157144:A:G
22:26157299:C:T
22:26157308:C:CG
22:26157317:C:G
22:26157346:A:AGGT
22:26158284:A:G
22:26158628:C:T
22:26158659:A:G
22:26158910:C:G
22:26159129:C:CTT
22:26159643:A:C
22:26159759:A:G
22:26159810:A:C
22:26160161:C:G
22:26160286:A:G
22:26160382:C:T
22:26160533:C:T
22:26160691:A:G
22:26160900:C:CAG
22:26161389:A:G
22:26161487:C:T
22:26161565:G:T
22:26161686:A:G
22:26161792:C:G
22:26163823:G:GT
22:26166900:C:G
22:26167085:C:T
22:26167705:C:T
22:26167868:A:G
22:26168923:A:G
22:26169861:C:T
22:26170799:C:G
22:26173202:C:T
22:26173661:C:T
22:26174254:C:CA
22:26175146:A:G
22:26175170:C:T
22:26176535:C:T
22:26176849:C:T
22:26177303:A:G
22:26177501:C:T
22:26177502:G:T
22:26177508:C:T
22:26177593:A:G
22:26178247:C:T
22:26178581:A:G
22:26179042:A:T
22:26179312:C:T
22:26179467:A:C
22:26179468:G:GAC
22:26180538:A:G
22:26180851:C:T
22:26181767:C:T
22:26183851:A:G
22:26184246:C:T
22:26184370:A:G
22:26185291:A:G
22:26185417:A:G
22:26185979:A:G
22:26186125:A:AAAC
22:26186191:C:T
22:26186283:C:T
22:26186598:A:G
22:26187003:A:G
22:26187129:G:GAGAT
22:26187436:C:T
22:26187648:C:G
22:26188092:C:G
22:26188188:C:T
22:26188207:C:T
22:26188834:A:G
22:26188939:C:T
22:26188940:G:T
22:26188944:A:G
22:26189026:C:T
22:26189049:C:T
22:26189061:A:G
22:26189346:C:G
22:26189816:A:G
22:26189868:A:T
22:26189870:G:T
22:26189900:C:G
22:26189987:A:G
22:26190291:A:C
22:26190453:A:T
22:26190467:G:T
22:26190542:G:T
22:26190597:A:G
22:26190639:G:T
22:26190661:C:T
22:26190872:A:G
22:26190915:A:G
22:26191081:C:T
22:26191160:C:T
22:26192077:A:G
22:26192197:T:TA
22:26192331:C:T
22:26192561:T:TAAAAAA
22:26192606:A:G
22:26192675:A:G
22:26192850:C:T
22:26192922:C:T
22:26193225:C:T
22:26194458:C:T
22:26194638:C:T
22:26195406:C:T
22:26195898:A:G
22:26195957:A:T
22:26196200:A:G
22:26196208:C:T
22:26196225:A:G
22:26196708:A:T
22:26196752:T:TG
22:26197034:A:G
22:26197283:C:T
22:26197404:C:T
22:26197500:A:G
22:26197978:C:T
22:26198101:C:T
22:26198390:A:G
22:26198531:C:T
22:26198660:C:T
22:26198679:C:T
22:26198933:C:CT
22:26198952:A:G
22:26198968:A:G
22:26198998:C:T
22:26199016:C:T
22:26199054:A:G
22:26199074:A:G
22:26199094:A:AT
22:26199173:G:GCCT
22:26199370:G:GT
22:26199458:C:T
22:26199651:C:T
22:26199849:C:G
22:26199934:A:AACAC
22:26200050:A:G
22:26200210:A:C
22:26200278:A:T
22:26200441:C:G
22:26201172:C:T
22:26201351:A:C
22:26202070:A:G
22:26202100:A:T
22:26202207:A:G
22:26202258:A:C
22:26202399:G:T
22:26202416:C:T
22:26202511:C:T
22:26202582:A:G
22:26202598:C:G
22:26202924:A:C
22:26203121:C:T
22:26203690:A:G
22:26203762:A:G
22:26204093:A:C
22:26204179:C:T
22:26204584:C:T
22:26204651:C:G
22:26204776:A:G
22:26204863:A:G
22:26204914:G:T
22:26204919:G:T
22:26205058:C:T
22:26205109:C:T
22:26205292:A:C
22:26205293:A:G
22:26205347:A:G
22:26205432:A:G
22:26205482:A:G
22:26205494:A:G
22:26205536:A:T
22:26205609:C:G
22:26205634:A:G
22:26205757:A:G
22:26205774:C:T
22:26205962:G:GT
22:26206065:C:CT
22:26206209:C:G
22:26206221:C:T
22:26206231:A:T
22:26206374:C:CT
22:26206562:G:T
22:26206640:C:T
22:26206670:C:T
22:26206772:A:G
22:26206887:A:G
22:26207859:A:G
22:26208056:A:ACT
22:26208093:A:G
22:26208208:C:T
22:26208384:C:T
22:26209085:C:T
22:26209151:C:CT
22:26209476:A:G
22:26209553:C:T
22:26209848:A:G
22:26210350:G:T
22:26210414:A:G
22:26213360:C:T
22:26214406:C:T
22:26214676:A:G
22:26214942:A:G
22:26215004:A:AG
22:26215263:G:T
22:26215305:G:T
22:26215489:G:GCTAATTTCC
22:26215568:A:G
22:26216160:C:T
22:26216187:C:T
22:26216360:G:T
22:26216508:G:GT
22:26216823:C:T
22:26216993:A:G
22:26217270:C:CT
22:26217599:A:C
22:26217636:C:T
22:26217772:A:C
22:26218164:A:G
22:26218478:C:T
22:26218603:C:T
22:26218676:A:G
22:26218887:C:T
22:26219723:C:CT
22:26220265:A:G
22:26220637:A:G
22:26220786:G:GCACACATGGTGTGCACACCATG
22:26220887:T:TCACACACATGAA
22:26220983:G:GAT
22:26221203:C:T
22:26222021:A:G
22:26222056:C:T
22:26222247:C:T
22:26222454:C:T
22:26222983:C:G
22:26223107:G:T
22:26223822:A:G
22:26224096:A:G
22:26224632:A:G
22:26224704:C:T
22:26225591:A:C
22:26225762:A:G
22:26226237:A:AT
22:26226380:A:G
22:26226432:A:G
22:26226748:A:G
22:26226815:A:G
22:26226840:A:G
22:26226935:A:G
22:26227039:C:T
22:26227109:A:G
22:26227292:C:G
22:26227767:C:T
22:26228281:A:G
22:26228350:A:G
22:26228540:C:T
22:26228805:C:T
22:26229142:A:G
22:26229211:A:G
22:26229502:C:T
22:26230640:C:T
22:26232110:C:T
22:26232271:C:T
22:26232527:A:G
22:26232846:G:T
22:26233304:C:T
22:26233343:A:C
22:26234080:G:T
22:26234118:A:T
22:26234187:C:T
22:26234498:A:C
22:26234604:C:T
22:26234844:A:G
22:26234918:A:G
22:26235417:C:T
22:26235594:A:G
22:26235629:A:G
22:26235790:A:T
22:26237701:A:G
22:26237781:C:T
22:26237826:C:T
22:26240234:A:G
22:26240270:C:G
22:26240516:A:T
22:26241683:C:T
22:26241897:A:C
22:26242229:C:T
22:26244504:C:G
22:26245178:C:T
22:26245736:A:G
22:26245805:A:G
22:26245833:A:G
22:26245987:C:T
22:26246224:G:T
22:26246287:C:T
22:26247456:A:G
22:26247607:C:T
22:26248194:C:T
22:26248687:C:G
22:26248998:C:T
22:26250235:A:G
22:26250271:C:T
22:26250462:A:C
22:26250590:C:T
22:26251663:G:T
22:26252071:A:G
22:26252923:G:T
22:26252944:A:T
22:26253622:G:T
22:26253769:C:T
22:26253912:A:G
22:26253960:G:T
22:26254633:C:CAGTT
22:26254797:C:T
22:26255904:C:T
22:26256424:C:CCTT
22:26256559:C:T
22:26256918:C:T
22:26257024:A:T
22:26257400:A:T
22:26257535:A:G
22:26257677:A:C
22:26257737:A:C
22:26257761:A:T
22:26259619:A:G
22:26259791:C:G
22:26260052:A:G
22:26260775:A:C
22:26262641:A:G
22:26262734:A:G
22:26262855:A:T
22:26263683:A:G
22:26263696:A:G
22:26263757:C:T
22:26264913:C:T
22:26265342:A:G
22:26265711:C:T
22:26266134:A:G
22:26266391:C:T
22:26266482:A:G
22:26266939:A:C
22:26267753:A:AAAAAAAC
22:26267759:A:C
22:26268340:A:G
22:26268413:A:C
22:26268463:C:T
22:26268757:A:G
22:26270206:C:G
22:26270464:A:C
22:26270632:A:G
22:26271505:A:G
22:26273202:C:T
22:26273222:A:G
22:26273335:G:T
22:26273499:A:G
22:26273526:C:T
22:26273654:C:T
22:26273789:C:T
22:26273834:A:C
22:26273836:G:T
22:26273850:C:G
22:26273889:C:T
22:26273893:C:G
22:26274949:C:T
22:26275014:C:T
22:26275161:A:G
22:26275291:A:ACATG
22:26275460:A:G
22:26275549:A:G
22:26275748:A:G
22:26275751:A:G
22:26275770:C:T
22:26275871:A:C
22:26275894:A:G
22:26275912:A:G
22:26275963:C:T
22:26276188:A:G
22:26276449:A:C
22:26276870:A:G
22:26277148:C:T
22:26277720:A:G
22:26277846:T:TG
22:26278175:A:G
22:26278427:A:G
22:26278431:C:G
22:26282238:A:G
22:26283020:C:T
22:26283151:C:T
22:26283354:A:AT
22:26283694:A:G
22:26283714:G:T
22:26283716:A:G
22:26284108:C:T
22:26284669:C:T
22:26285030:C:CAATT
22:26285639:A:C
22:26289733:T:TCCATCCAC
22:26290055:A:G
22:26290243:C:CT
22:26290723:A:G
22:26292607:A:G
22:26292669:T:TACATTCTAACCAGTTC
22:26292808:C:T
22:26292875:A:C
22:26293153:A:G
22:26293877:A:T
22:26294124:A:T
22:26294507:C:T
22:26294513:A:G
22:26295659:A:G
22:26295766:A:AGAGTGACTGATGGTTCAGAT
22:26297142:C:T
22:26298062:C:G
22:26298754:A:G
22:26298874:C:T
22:26298891:G:T
22:26299346:C:G
22:26300480:C:T
22:26300730:A:G
22:26301022:T:TA
22:26301036:A:G
22:26301118:A:G
22:26301517:C:G
22:26302265:T:TTA
22:26302733:C:T
22:26302859:A:G
22:26302877:C:T
22:26303610:A:G
22:26303948:C:T
22:26304057:C:T
22:26304363:A:G
22:26304988:A:G
22:26305237:C:T
22:26305281:C:T
22:26305873:G:T
22:26306022:A:G
22:26306095:A:T
22:26306163:C:T
22:26306750:C:T
22:26307237:A:G
22:26308236:A:G
22:26309130:A:G
22:26309139:A:G
22:26309326:T:TTTTTC
22:26310336:A:C
22:26310653:C:CTTTTTTTTTTTTT
22:26311014:A:T
22:26311025:A:T
22:26311081:A:G
22:26312188:A:T
22:26313512:G:GGTGT
22:26313639:A:G
22:26313745:G:T
22:26314534:C:G
22:26314907:C:T
22:26316491:A:G
22:26317160:A:G
22:26318563:C:T
22:26321051:A:C
22:26321859:A:G
22:26322997:C:T
22:26323136:A:G
22:26323709:A:C
22:26324616:A:T
22:26325022:A:C
22:26325127:C:CA
22:26325360:A:G
22:26326069:C:T
22:26326518:C:T
22:26328794:A:AT
22:26328806:G:T
22:26328932:A:G
22:26331142:T:TG
22:26331185:A:G
22:26332483:C:T
22:26332769:C:G
22:26333551:C:T
22:26333552:C:CT
22:26334630:A:C
22:26335980:C:G
22:26337618:A:G
22:26337794:A:T
22:26338095:A:G
22:26338972:A:G
22:26340812:C:CA
22:26340936:C:T
22:26341669:T:TCCC
22:26342232:C:T
22:26342426:C:G
22:26343463:C:G
22:26343593:A:G
22:26344284:C:CA
22:26344596:A:G
22:26345067:A:G
22:26345603:C:T
22:26345617:A:T
22:26345809:G:T
22:26346108:A:G
22:26354655:A:C
22:26360824:A:G
22:26361327:A:G
22:26365625:T:TA
22:26369934:A:G
22:26370578:C:T
22:26371614:C:T
22:26371626:G:T
22:26371997:C:G
22:26375588:A:G
22:26380032:A:G
22:26380091:A:AATTTTACATT
22:26381330:G:GAACAA
22:26381681:C:T
22:26382004:C:T
22:26384564:C:T
22:26385713:C:G
22:26385921:A:G
22:26386020:C:T
22:26386199:A:G
22:26386374:A:G
22:26386577:C:T
22:26386996:T:TTCCG
22:26387064:A:G
22:26387299:C:T
22:26388119:A:G
22:26388304:A:G
22:26388337:C:T
22:26388779:A:G
22:26388897:A:G
22:26389087:A:G
22:26389139:C:T
22:26389143:C:G
22:26389655:A:G
22:26389846:C:T
22:26389955:C:G
22:26390497:T:TA
22:26390659:C:T
22:26390964:A:G
22:26390999:G:T
22:26391090:A:G
22:26391283:A:C
22:26391634:A:G
22:26391811:A:G
22:26392172:A:G
22:26392210:C:T
22:26392234:A:G
22:26392253:G:GCATT
22:26392705:C:T
22:26392729:C:T
22:26392874:C:T
22:26393898:A:AACAC
22:26394694:A:G
22:26394700:C:T
22:26395066:A:G
22:26396647:C:T
22:26396936:T:TA
22:26398785:A:G
22:26399432:A:C
22:26400185:C:T
22:26400215:A:AG
22:26400319:A:G
22:26400335:C:G
22:26403268:A:G
22:26404138:A:G
22:26405526:C:G
22:26406991:A:G
22:26407134:C:T
22:26407652:A:G
22:26408234:A:G
22:26411496:C:T
22:26411544:C:T
22:26411768:A:C
22:26412011:C:G
22:26413062:A:C
22:26414675:C:T
22:26414827:C:T
22:26415565:C:T
22:26416507:G:T
22:26416863:C:T
22:26418236:G:GA
22:26418568:C:T
22:26421188:C:T
22:26421568:A:C
22:26422292:C:G
22:26424068:A:G
22:26424404:A:G
22:26424688:A:G
22:26424778:C:T
22:26425187:C:T
22:26425299:C:T
22:26425342:C:T
22:26425690:C:T
22:26427522:G:T
22:26427838:G:T
22:26428221:C:G
22:26428265:A:G
22:26428821:A:G
22:26429185:A:G
22:26429336:G:T
22:26429442:A:G
22:26430695:C:T
22:26431001:C:T
22:26431621:A:G
22:26433054:C:T
22:26433467:T:TC
22:26434555:A:T
22:26435077:T:TG
22:26435435:C:T
22:26435508:C:T
22:26435579:T:TTTTG
22:26435599:A:T
22:26435622:G:T
22:26435724:A:G
22:26435817:C:G
22:26435884:A:G
22:26436287:A:G
22:26436500:C:G
22:26436514:A:T
22:26436721:G:T
22:26437025:A:G
22:26437098:A:G
22:26437119:C:CTT
22:26437131:C:T
22:26437166:C:T
22:26437821:C:T
22:26438107:A:G
22:26438362:A:G
22:26438410:A:G
22:26439860:A:T
22:26441339:G:GTGTACAAAAGGAGT
22:26442107:C:T
22:26443940:C:T
22:26445427:C:T
22:26446198:G:T
22:26446611:C:T
22:26447116:C:T
22:26448774:G:GT
22:26448974:C:T
22:26448975:A:G
22:26453574:G:GT
22:26454595:C:T
22:26456805:C:CA
22:26457784:C:G
22:26458388:A:G
22:26459025:A:C
22:26459935:A:T
22:26460519:C:T
22:26463024:A:G
22:26465266:C:T
22:26466235:A:G
22:26472646:C:T
22:26476250:G:T
22:26476756:A:G
22:26479079:A:AAATT
22:26479745:C:G
22:26480595:G:GT
22:26480783:A:G
22:26484948:A:G
22:26485012:G:T
22:26486339:A:T
22:26486438:A:G
22:26488031:A:C
22:26490253:A:G
22:26490985:A:C
22:26491764:T:TG
22:26492659:A:T
22:26494893:C:T
22:26496253:C:T
22:26496258:C:T
22:26497371:A:G
22:26498165:G:T
22:26500417:A:G
22:26500958:A:G
22:26501277:A:G
22:26503159:A:G
22:26504002:A:G
22:26504140:A:G
22:26505218:A:G
22:26506868:C:T
22:26507446:C:T
22:26507645:C:T
22:26508461:C:G
22:26508504:T:TG
22:26508521:C:T
22:26509861:A:G
22:26509874:C:T
22:26510803:A:G
22:26511551:G:GTGC
22:26512217:C:G
22:26512264:C:G
22:26512681:C:T
22:26512760:A:G
22:26512824:C:T
22:26512989:C:T
22:26513042:C:T
22:26513138:A:G
22:26513270:A:G
22:26513692:A:G
22:26515631:A:T
22:26516130:A:G
22:26516530:A:C
22:26516603:A:G
22:26516836:C:T
22:26517370:C:T
22:26518511:C:T
22:26518674:A:G
22:26524745:A:T
22:26526895:G:GTTT
22:26528017:C:T
22:26528885:A:T
22:26539574:C:T
22:26541422:A:G
22:26543273:A:G
22:26546004:C:CAA
22:26546312:G:T
22:26548342:C:T
22:26548478:G:T
22:26549114:A:T
22:26549129:A:T
22:26549281:A:G
22:26549515:T:TG
22:26549732:A:G
22:26551267:A:G
22:26551565:C:T
22:26551738:C:CA
22:26551819:A:T
22:26551994:A:T
22:26553145:A:G
22:26553234:A:G
22:26553688:C:CT
22:26553694:A:C
22:26555226:T:TA
22:26555347:A:C
22:26555482:C:T
22:26557350:A:G
22:26557408:C:G
22:26557486:A:G
22:26559120:C:T
22:26559883:G:T
22:26560985:A:ATCTGCGCTTGG
22:26561478:A:G
22:26562140:C:T
22:26562147:C:G
22:26562271:C:T
22:26562352:A:G
22:26565156:C:T
22:26566445:T:TG
22:26566757:G:T
22:26568194:A:C
22:26572830:A:G
22:26573345:A:G
22:26574594:C:T
22:26574945:A:C
22:26574964:A:G
22:26575336:A:G
22:26575473:A:G
22:26577346:C:T
22:26577566:C:T
22:26578110:A:G
22:26578256:A:G
22:26578686:C:G
22:26580475:C:T
22:26581516:A:G
22:26582116:A:G
22:26582436:C:T
22:26587261:A:G
22:26587948:C:T
22:26588174:A:C
22:26588745:C:T
22:26590622:A:G
22:26590942:A:G
22:26595538:C:T
22:26597135:C:T
22:26597844:G:T
22:26599487:A:AT
22:26601101:C:T
22:26601559:C:T
22:26602272:A:T
22:26603541:A:G
22:26604807:A:ACTCT
22:26605313:A:T
22:26605643:A:G
22:26606256:A:G
22:26606365:C:T
22:26606645:G:GT
22:26607727:A:G
22:26608130:A:G
22:26608683:C:G
22:26611322:C:T
22:26611463:C:T
22:26612114:C:G
22:26617678:A:G
22:26617829:G:T
22:26618428:C:G
22:26618545:G:GA
22:26619070:C:T
22:26619159:C:T
22:26619211:A:C
22:26619580:A:AT
22:26619760:C:T
22:26619816:A:T
22:26620244:A:G
22:26620491:C:T
22:26621355:C:T
22:26621661:A:G
22:26621676:C:G
22:26622161:C:T
22:26622584:A:G
22:26623264:C:CA
22:26623368:A:T
22:26624638:A:G
22:26624716:A:G
22:26625665:A:G
22:26626285:T:TA
22:26627142:C:T
22:26627906:A:G
22:26627989:A:C
22:26628105:A:G
22:26628569:C:G
22:26629095:A:G
22:26629636:C:T
22:26629678:A:G
22:26630019:A:G
22:26630311:A:T
22:26630455:C:T
22:26630456:A:G
22:26630785:A:T
22:26631600:A:G
22:26631997:G:T
22:26632551:T:TGGTTA
22:26633075:A:G
22:26633178:C:T
22:26633943:A:T
22:26634067:A:G
22:26634463:C:T
22:26635548:A:G
22:26635839:C:G
22:26636076:A:G
22:26637298:A:C
22:26637448:A:G
22:26638268:G:T
22:26638560:C:T
22:26638906:G:T
22:26638968:A:G
22:26638970:A:G
22:26638998:C:G
22:26639117:A:T
22:26639167:G:T
22:26639605:C:T
22:26639807:C:T
22:26639835:A:G
22:26640044:A:G
22:26640200:A:G
22:26640354:A:G
22:26640849:A:G
22:26640900:A:T
22:26641081:A:G
22:26641235:C:T
22:26641384:C:T
22:26641443:G:T
22:26642235:C:T
22:26642538:G:GA
22:26643526:A:G
22:26643743:C:T
22:26643779:C:T
22:26644240:C:T
22:26644568:A:G
22:26644628:A:G
22:26644898:C:T
22:26644905:T:TAAG
22:26645039:A:T
22:26645380:C:T
22:26645662:G:T
22:26645891:G:T
22:26645928:A:T
22:26646321:A:G
22:26646550:A:G
22:26646617:C:T
22:26646686:C:T
22:26646765:G:T
22:26647217:A:C
22:26647405:C:G
22:26647499:A:G
22:26647728:C:G
22:26648071:G:T
22:26648441:A:G
22:26648711:A:G
22:26649337:A:C
22:26649388:G:T
22:26649401:A:AC
22:26649446:C:T
22:26649761:A:G
22:26649848:A:T
22:26650124:A:G
22:26650369:C:G
22:26650605:C:T
22:26650662:C:T
22:26650667:C:T
22:26650883:C:T
22:26651478:A:G
22:26651549:C:T
22:26651679:C:T
22:26651730:C:G
22:26651742:A:C
22:26651766:C:T
22:26651829:C:T
22:26651954:A:T
22:26652123:A:G
22:26652208:C:T
22:26652427:A:G
22:26652453:C:T
22:26652706:A:C
22:26652930:A:G
22:26653309:C:T
22:26653614:A:G
22:26653742:C:T
22:26654053:C:T
22:26654682:A:G
22:26656018:G:T
22:26657016:C:T
22:26657017:A:G
22:26657192:C:T
22:26657394:C:T
22:26657664:A:G
22:26657779:G:T
22:26658111:A:AAT
22:26658299:A:T
22:26658556:C:T
22:26659254:G:T
22:26659601:C:T
22:26660296:C:T
22:26660309:C:T
22:26660538:C:T
22:26660760:C:T
22:26661763:A:T
22:26661973:C:T
22:26662042:G:T
22:26662253:A:G
22:26662262:C:T
22:26664618:C:T
22:26666376:C:T
22:26667488:C:T
22:26667760:A:T
22:26667774:G:T
22:26674795:C:T
22:26676580:C:T
22:26677409:C:T
22:26677507:C:CT
22:26677514:A:T
22:26677518:A:T
22:26678473:C:T
22:26679841:A:G
22:26680396:A:T
22:26680672:C:T
22:26682040:A:T
22:26682084:C:T
22:26682547:C:T
22:26686505:T:TAAATA
22:26687443:A:G
22:26687530:C:G
22:26688111:A:G
22:26688838:C:T
22:26689105:A:G
22:26689201:A:T
22:26689700:A:C
22:26689741:G:T
22:26690001:A:C
22:26690539:A:G
22:26692128:G:T
22:26694214:A:G
22:26694535:A:T
22:26694660:C:T
22:26696783:A:T
22:26697022:C:G
22:26698892:A:G
22:26700592:C:T
22:26700595:A:T
22:26700773:C:G
22:26702773:G:T
22:26703444:T:TA
22:26703553:G:T
22:26703664:A:ACT
22:26704561:C:T
22:26704915:A:G
22:26705391:A:G
22:26705608:A:G
22:26705874:T:TACAGATGAGAAA
22:26706500:C:CA
22:26706885:C:T
22:26707158:A:C
22:26708605:C:T
22:26710535:A:G
22:26710899:C:T
22:26712785:C:G
22:26713964:G:T
22:26714535:A:G
22:26714582:C:T
22:26715227:C:T
22:26715393:A:G
22:26715511:C:G
22:26715923:A:G
22:26715970:C:T
22:26716166:A:G
22:26716227:A:G
22:26716297:C:T
22:26716432:A:G
22:26717226:C:T
22:26718872:C:G
22:26719011:C:G
22:26719135:A:G
22:26719418:A:G
22:26719491:C:T
22:26719976:A:T
22:26720199:A:C
22:26721533:A:C
22:26721780:C:T
22:26722146:C:T
22:26722351:C:G
22:26722513:A:G
22:26722657:A:G
22:26722999:G:T
22:26723113:C:T
22:26723626:A:C
22:26723914:G:T
22:26724171:A:T
22:26724989:C:T
22:26725869:C:T
22:26726366:A:G
22:26726711:C:T
22:26726716:T:TC
22:26726856:A:G
22:26727727:C:T
22:26727737:A:T
22:26728306:A:G
22:26728419:A:AT
22:26728677:A:G
22:26729005:G:T
22:26729952:A:AAG
22:26730242:C:T
22:26730409:C:T
22:26730815:C:T
22:26730977:A:G
22:26731193:A:T
22:26731283:C:T
22:26731331:C:T
22:26731656:G:T
22:26732144:A:C
22:26732398:A:G
22:26732943:A:T
22:26733244:G:T
22:26733299:A:G
22:26733770:A:G
22:26734141:C:T
22:26734557:A:G
22:26734735:A:G
22:26735292:A:G
22:26735518:A:T
22:26735570:A:G
22:26735632:C:T
22:26735765:A:G
22:26735813:C:T
22:26735929:A:G
22:26736073:A:G
22:26736812:A:G
22:26737966:A:G
22:26738225:A:G
22:26738429:A:G
22:26738442:G:T
22:26738499:C:CA
22:26739308:A:AT
22:26739840:A:T
22:26740087:C:G
22:26740281:G:T
22:26741991:G:GT
22:26743311:C:T
22:26744550:A:AAG
22:26745320:A:G
22:26745639:A:T
22:26746484:C:T
22:26746833:A:G
22:26746902:A:G
22:26747504:T:TTGGTTGG
22:26747506:T:TG
22:26747514:G:T
22:26747765:A:G
22:26748765:C:G
22:26748910:C:T
22:26749782:A:T
22:26749848:C:T
22:26750230:C:T
22:26750356:C:T
22:26751523:C:G
22:26752435:C:T
22:26752706:A:T
22:26753295:C:T
22:26753731:C:T
22:26754248:C:G
22:26754350:C:T
22:26754405:C:T
22:26756849:G:GA
22:26757514:A:G
22:26757871:A:G
22:26757994:T:TA
22:26758022:G:T
22:26758073:C:T
22:26758200:A:G
22:26758375:G:T
22:26758438:C:T
22:26758617:A:C
22:26758637:A:C
22:26758783:G:T
22:26758931:A:G
22:26759040:C:T
22:26759069:C:T
22:26759177:C:T
22:26760391:T:TAAA
22:26761167:A:G
22:26761183:A:G
22:26762066:G:T
22:26764770:A:G
22:26764942:A:C
22:26765167:A:G
22:26765200:A:G
22:26765553:A:G
22:26765626:A:T
22:26766089:A:C
22:26766113:A:C
22:26766773:A:C
22:26767267:A:G
22:26767843:C:T
22:26768596:C:T
22:26768776:A:G
22:26769234:G:T
22:26769308:C:T
22:26770876:C:T
22:26770986:C:G
22:26771386:G:T
22:26772080:A:T
22:26774010:A:G
22:26774580:A:G
22:26775608:A:AC
22:26777094:C:T
22:26777795:A:T
22:26777951:G:T
22:26778076:G:GA
22:26780393:C:G
22:26781079:C:T
22:26781250:C:T
22:26781871:C:CTT
22:26782661:C:T
22:26783260:C:CT
22:26783693:G:T
22:26783694:G:T
22:26783724:A:G
22:26786522:C:T
22:26787309:G:T
22:26787912:C:T
22:26788310:A:G
22:26788947:C:T
22:26789012:A:G
22:26789023:A:G
22:26789155:A:G
22:26789768:A:G
22:26789849:A:G
22:26789906:C:T
22:26789971:C:T
22:26790039:C:T
22:26790040:G:T
22:26790274:C:T
22:26790394:C:T
22:26790441:A:C
22:26790704:G:T
22:26790778:A:AAAAG
22:26790885:C:G
22:26790999:G:T
22:26791240:A:AT
22:26791256:G:T
22:26791352:A:G
22:26791431:C:T
22:26792326:C:T
22:26792596:A:G
22:26793038:A:G
22:26793145:A:T
22:26793593:C:T
22:26793613:T:TCTC
22:26793654:C:T
22:26794102:A:G
22:26794424:A:T
22:26794586:T:TA
22:26794625:A:C
22:26794692:C:T
22:26794825:C:T
22:26794938:C:T
22:26795029:C:T
22:26795139:C:G
22:26795580:A:AT
22:26795840:A:G
22:26796475:A:G
22:26796550:C:T
22:26797139:C:T
22:26797142:A:T
22:26797692:C:T
22:26798092:A:T
22:26798492:A:C
22:26798774:G:T
22:26799850:A:T
22:26800009:C:T
22:26800199:A:C
22:26800431:C:G
22:26800677:T:TA
22:26800799:A:C
22:26800802:C:T
22:26800975:A:G
22:26801527:A:G
22:26801751:C:T
22:26801811:G:GGCAGGTA
22:26801967:A:G
22:26802063:C:T
22:26802852:C:CA
22:26802915:C:T
22:26803206:C:T
22:26803311:C:T
22:26803580:A:G
22:26803640:A:G
22:26803679:C:T
22:26803720:C:CAA
22:26803734:A:G
22:26803864:C:T
22:26803903:C:T
22:26803927:A:G
22:26804053:A:G
22:26804152:A:G
22:26804176:A:G
22:26804215:C:T
22:26804303:G:GT
22:26805043:C:T
22:26805223:A:G
22:26805582:A:T
22:26806000:C:T
22:26806186:A:G
22:26806429:C:G
22:26806710:G:T
22:26807117:C:T
22:26808038:A:C
22:26809183:C:T
22:26809873:C:T
22:26810506:A:C
22:26811229:A:G
22:26811387:A:G
22:26811897:C:G
22:26812756:A:T
22:26812913:A:G
22:26812914:C:G
22:26813452:C:T
22:26813674:T:TCTCTCCAGGTTCTGGTAGCCA
22:26817610:C:T
22:26818269:A:G
22:26818675:C:T
22:26821733:G:T
22:26823360:A:G
22:26825197:C:T
22:26825350:A:G
22:26825774:C:T
22:26825776:C:T
22:26826220:A:G
22:26830316:A:G
22:26830478:A:G
22:26831077:A:G
22:26831624:C:T
22:26831676:T:TAAAAGAAAAGAAAAGAAAAG
22:26832103:A:G
22:26832218:A:G
22:26832840:A:T
22:26833161:C:G
22:26833186:A:G
22:26834452:T:TATAG
22:26834584:C:T
22:26834644:C:T
22:26835534:A:G
22:26836008:C:T
22:26836120:A:G
22:26836242:C:CG
22:26836244:G:T
22:26836354:G:T
22:26836535:C:T
22:26836780:C:T
22:26837672:C:T
22:26837887:T:TCAAACAAAACAAAA
22:26837996:C:T
22:26838071:C:CAA
22:26838162:C:CATTT
22:26839585:T:TA
22:26839657:A:T
22:26841177:A:G
22:26841279:A:G
22:26841390:C:T
22:26841643:C:T
22:26842061:A:G
22:26842818:C:T
22:26843708:C:T
22:26843916:C:T
22:26843990:C:T
22:26844070:A:G
22:26844146:A:G
22:26844540:C:T
22:26844658:A:T
22:26844769:C:T
22:26845446:A:G
22:26846690:A:G
22:26847237:A:G
22:26847586:G:T
22:26847952:A:ACGCGCGCGCG
22:26849666:C:T
22:26851828:A:G
22:26852157:A:G
22:26852677:G:GACTAATAT
22:26853905:A:C
22:26853980:C:T
22:26854441:A:G
22:26854682:C:T
22:26856738:C:T
22:26857599:A:G
22:26857615:C:G
22:26858092:C:CA
22:26858337:G:T
22:26859086:C:T
22:26859465:G:T
22:26859524:A:C
22:26859942:C:T
22:26860269:C:G
22:26861545:A:G
22:26862212:C:T
22:26862772:C:T
22:26863032:G:T
22:26863093:C:T
22:26863559:C:T
22:26863639:A:G
22:26864658:A:G
22:26865040:C:T
22:26865054:A:G
22:26865238:C:T
22:26865676:A:AAT
22:26865803:A:G
22:26865973:A:G
22:26867490:A:G
22:26867655:C:T
22:26870346:G:GA
22:26870502:C:T
22:26870545:C:T
22:26870609:C:T
22:26870985:A:G
22:26871068:C:T
22:26871652:T:TAGAG
22:26873397:A:C
22:26873415:A:G
22:26874104:C:T
22:26874462:A:G
22:26874614:C:T
22:26874731:A:AC
22:26876881:C:G
22:26877539:C:T
22:26877981:A:G
22:26878024:A:G
22:26878967:C:T
22:26879091:A:G
22:26879297:C:G
22:26879500:C:G
22:26879562:A:G
22:26879563:C:T
22:26879691:C:T
22:26879823:A:C
22:26880556:C:T
22:26880921:G:T
22:26881146:C:T
22:26882142:A:G
22:26883565:A:G
22:26884039:A:G
22:26886594:A:G
22:26886702:G:T
22:26887829:A:G
22:26888725:C:T
22:26889564:C:T
22:26891289:C:G
22:26891382:C:G
22:26891650:A:G
22:26891808:C:T
22:26891823:C:G
22:26891923:C:T
22:26892898:C:T
22:26894117:A:G
22:26894263:C:T
22:26895061:A:G
22:26896130:A:T
22:26896415:A:G
22:26896891:C:G
22:26897773:A:G
22:26898242:A:G
22:26898891:C:T
22:26899474:C:T
22:26901230:C:G
22:26903596:C:CA
22:26903959:C:T
22:26905708:C:G
22:26907201:A:G
22:26907306:G:GATTGA
22:26907899:C:T
22:26908970:A:G
22:26909750:A:G
22:26910295:A:G
22:26910993:C:T
22:26911418:A:G
22:26913264:A:G
22:26914151:C:T
22:26914643:A:T
22:26914835:A:C
22:26914850:A:G
22:26914982:C:CAAAAAAA
22:26915079:C:CT
22:26915165:C:T
22:26915245:A:G
22:26915364:C:T
22:26915762:C:T
22:26915783:G:T
22:26915964:C:T
22:26916308:A:G
22:26916411:A:G
22:26916437:A:AT
22:26916583:A:G
22:26916722:C:T
22:26916999:A:G
22:26917052:A:T
22:26917077:C:T
22:26917078:C:T
22:26917189:C:T
22:26917470:A:G
22:26917626:A:G
22:26918203:C:CCA
22:26918860:C:T
22:26919156:A:AAAAC
22:26919613:C:T
22:26919783:A:T
22:26919949:A:AT
22:26920048:C:T
22:26920312:A:G
22:26920327:A:T
22:26920328:A:T
22:26920475:C:CACACACAT
22:26921725:A:G
22:26922545:A:C
22:26923325:A:G
22:26923342:C:T
22:26923416:C:G
22:26923493:C:CA
22:26923511:C:G
22:26923907:C:T
22:26924149:C:T
22:26924312:C:T
22:26924336:C:T
22:26924456:A:G
22:26924535:C:T
22:26924995:A:G
22:26925500:A:G
22:26925834:A:T
22:26925953:A:G
22:26926974:T:TCAAAAA
22:26928135:A:G
22:26928446:C:T
22:26929173:C:G
22:26929558:C:T
22:26929771:C:G
22:26929814:A:G
22:26930065:C:T
22:26930156:A:G
22:26930547:A:C
22:26930898:A:G
22:26931203:C:T
22:26931221:C:T
22:26931381:C:T
22:26931628:A:G
22:26931875:A:G
22:26932150:A:G
22:26933021:C:CAA
22:26933253:A:G
22:26933304:A:G
22:26933765:C:T
22:26933784:A:T
22:26934720:C:T
22:26934738:A:G
22:26934746:A:G
22:26935602:A:C
22:26935969:C:T
22:26936526:C:T
22:26936562:A:G
22:26936766:A:G
22:26936897:A:G
22:26938233:C:T
22:26939781:C:T
22:26939992:C:T
22:26940428:A:G
22:26941223:A:G
22:26941768:G:T
22:26941797:A:G
22:26941826:A:G
22:26942127:A:G
22:26942361:A:G
22:26942417:A:G
22:26942551:C:T
22:26943645:A:G
22:26944268:A:G
22:26944311:A:G
22:26944516:A:G
22:26944690:G:GGCT
22:26944773:A:AT
22:26945043:C:T
22:26945288:C:T
22:26945362:C:T
22:26945492:A:G
22:26945541:C:T
22:26945657:A:C
22:26945702:C:T
22:26945961:A:G
22:26945962:C:T
22:26946017:C:CA
22:26947089:C:G
22:26947093:C:T
22:26947119:T:TA
22:26947628:A:G
22:26947881:G:T
22:26948118:A:G
22:26948221:A:G
22:26948466:A:C
22:26948487:C:T
22:26948588:C:G
22:26948694:A:G
22:26948797:A:G
22:26948800:A:C
22:26948884:C:G
22:26948887:A:G
22:26948957:C:T
22:26949133:A:C
22:26949335:G:GT
22:26949650:A:G
22:26949883:C:T
22:26949965:C:G
22:26950058:A:G
22:26950816:A:T
22:26950894:A:ACT
22:26951185:C:G
22:26951589:A:G
22:26951971:G:T
22:26952363:A:G
22:26953324:C:T
22:26953739:A:G
22:26954054:A:G
22:26954132:C:T
22:26954578:C:T
22:26954725:A:G
22:26954800:C:T
22:26955158:C:T
22:26955226:A:G
22:26955286:C:T
22:26955377:A:T
22:26955434:C:CAG
22:26955520:C:T
22:26955854:C:G
22:26955896:C:T
22:26955934:C:T
22:26955990:G:T
22:26956392:C:T
22:26956495:A:G
22:26956562:A:G
22:26957070:C:T
22:26957284:A:C
22:26957307:G:T
22:26957471:C:T
22:26957514:A:G
22:26957774:C:T
22:26957782:A:G
22:26958104:A:G
22:26958182:A:G
22:26958318:C:T
22:26958331:C:T
22:26958342:A:G
22:26958393:C:T
22:26958481:C:G
22:26958668:C:T
22:26958684:A:G
22:26959456:A:G
22:26959826:A:G
22:26959859:A:G
22:26960349:C:G
22:26960402:C:T
22:26960470:A:G
22:26960472:A:G
22:26960648:A:C
22:26960689:C:T
22:26960789:A:G
22:26960890:C:T
22:26962033:C:T
22:26962478:C:G
22:26963030:C:G
22:26963254:C:T
22:26963438:A:G
22:26963507:A:G
22:26964897:C:T
22:26964988:C:T
22:26964990:A:G
22:26965210:C:T
22:26965361:G:T
22:26966014:A:C
22:26966602:A:G
22:26966682:C:CCAGCATACCCCACCTGCAGCTG
22:26967163:C:T
22:26967499:C:T
22:26968506:G:T
22:26969331:A:G
22:26970787:A:G
22:26970846:C:T
22:26971155:G:T
22:26971428:T:TC
22:26972177:C:T
22:26972260:A:AAAGT
22:26972341:C:T
22:26973773:A:G
22:26974172:C:G
22:26974741:A:G
22:26974887:G:T
22:26975517:A:G
22:26976369:C:T
22:26976545:C:T
22:26976771:A:G
22:26976982:C:CAT
22:26977252:C:T
22:26977835:C:T
22:26978340:C:G
22:26978376:A:G
22:26978387:A:G
22:26978847:A:G
22:26979082:G:GA
22:26979169:C:T
22:26979600:A:T
22:26979748:A:G
22:26980075:A:G
22:26980543:C:T
22:26980582:C:T
22:26981039:A:G
22:26981240:A:C
22:26981662:C:T
22:26981802:C:G
22:26981941:A:G
22:26982066:C:T
22:26982359:A:G
22:26982627:C:CT
22:26983287:G:T
22:26983507:A:G
22:26983990:T:TGA
22:26984471:C:T
22:26984636:A:C
22:26985738:G:T
22:26986315:A:C
22:26986826:A:G
22:26986875:A:T
22:26987497:A:G
22:26990610:A:G
22:26990807:A:G
22:26992220:C:T
22:26994007:C:T
22:26995967:C:T
22:26997184:G:T
22:26997482:C:T
22:26997620:<INS:ME:ALU>:T
22:26998554:C:CA
22:26998799:A:G
22:26999103:A:C
22:26999593:G:T
22:27001689:A:G
22:27001714:T:TA
22:27002223:A:G
22:27002648:C:T
22:27002786:C:T
22:27003496:G:T
22:27004089:A:C
22:27004300:G:T
22:27005323:G:GA
22:27005470:A:T
22:27006136:A:G
22:27006189:A:G
22:27006308:C:G
22:27006698:C:T
22:27007269:A:G
22:27007499:C:T
22:27008020:G:T
22:27009128:G:T
22:27009633:A:G
22:27009673:A:G
22:27011420:C:T
22:27011460:A:G
22:27011582:A:T
22:27012473:C:T
22:27012894:A:G
22:27013062:C:T
22:27013566:C:T
22:27013784:C:T
22:27014428:A:G
22:27014467:C:T
22:27015967:C:CT
22:27017300:G:T
22:27017435:C:G
22:27017996:A:C
22:27018001:C:T
22:27018010:C:T
22:27018049:C:T
22:27018765:C:T
22:27019042:A:G
22:27019128:C:T
22:27019374:C:T
22:27019498:A:T
22:27019729:T:TA
22:27019951:A:G
22:27020011:A:G
22:27020332:A:G
22:27020705:C:T
22:27020835:A:G
22:27020962:C:T
22:27021021:A:G
22:27021189:A:G
22:27021358:C:T
22:27021401:A:G
22:27021409:C:T
22:27021425:A:G
22:27021457:C:T
22:27021589:A:G
22:27023010:G:GCAAA
22:27023681:C:T
22:27024504:C:T
22:27025661:G:T
22:27025717:A:G
22:27025786:C:G
22:27025879:C:T
22:27025906:C:CAT
22:27025917:C:T
22:27026804:C:T
22:27026923:A:G
22:27026958:G:GT
22:27027214:C:G
22:27027247:C:T
22:27027358:A:T
22:27027761:A:C
22:27027914:A:T
22:27027942:C:T
22:27028313:C:T
22:27028449:C:T
22:27028829:A:G
22:27028899:C:T
22:27028991:T:TG
22:27029050:C:CT
22:27029072:C:T
22:27029225:C:CTT
22:27029284:A:G
22:27029316:A:G
22:27029393:C:T
22:27029401:A:G
22:27029472:A:G
22:27029489:A:G
22:27029545:A:G
22:27029861:C:T
22:27030998:C:T
22:27031721:A:C
22:27033263:C:T
22:27033321:C:T
22:27033414:C:G
22:27034301:G:GAAGA
22:27034338:A:T
22:27034347:A:G
22:27034351:G:T
22:27035265:A:G
22:27036505:C:T
22:27037688:C:G
22:27037919:C:T
22:27038299:C:G
22:27038708:C:G
22:27038853:A:G
22:27038865:G:T
22:27039691:C:CTT
22:27039994:A:G
22:27040103:C:T
22:27040194:C:CT
22:27040942:C:T
22:27042106:C:T
22:27042552:C:T
22:27042579:G:GT
22:27043233:C:G
22:27043303:A:G
22:27043594:C:T
22:27043728:G:T
22:27043811:A:G
22:27043883:C:T
22:27044184:C:T
22:27045504:A:C
22:27045740:A:G
22:27045875:C:CA
22:27045898:G:T
22:27045955:A:G
22:27046149:A:G
22:27046180:A:G
22:27046662:A:T
22:27046685:A:C
22:27047254:A:G
22:27048007:G:T
22:27048046:C:T
22:27048408:A:G
22:27048588:A:G
22:27048858:C:T
22:27048920:C:T
22:27049011:C:T
22:27049032:A:G
22:27049119:A:G
22:27049979:C:T
22:27050196:A:G
22:27050912:A:G
22:27050953:A:G
22:27050962:C:T
22:27050968:A:G
22:27051299:A:G
22:27051338:C:G
22:27052334:C:G
22:27052449:C:T
22:27052508:C:T
22:27052557:C:T
22:27052582:C:T
22:27052890:A:T
22:27053120:C:T
22:27053378:C:T
22:27054114:A:AC
22:27054179:A:G
22:27054199:C:T
22:27054209:C:T
22:27054832:A:G
22:27054989:A:G
22:27055416:A:G
22:27055518:G:T
22:27055828:C:G
22:27056097:A:G
22:27056334:A:G
22:27056763:C:G
22:27057263:A:G
22:27057439:G:T
22:27057450:A:T
22:27057631:C:T
22:27057937:C:CAT
22:27057987:A:C
22:27058525:C:T
22:27058821:C:T
22:27059732:A:G
22:27059838:C:T
22:27060135:C:T
22:27060536:C:T
22:27060641:C:T
22:27060894:A:C
22:27060927:A:G
22:27061211:A:AAAAGAAAGAAAG
22:27061791:A:G
22:27061937:C:T
22:27062122:C:G
22:27062296:A:G
22:27062592:A:G
22:27062669:A:G
22:27062795:C:T
22:27063374:C:T
22:27063377:C:G
22:27063390:T:TGC
22:27063396:C:T
22:27063600:T:TG
22:27063621:C:G
22:27063706:A:T
22:27063804:C:G
22:27064287:A:G
22:27064494:C:T
22:27064576:A:G
22:27064979:C:T
22:27065117:A:G
22:27065224:A:G
22:27065440:T:TCTC
22:27065477:A:T
22:27065681:A:G
22:27065794:C:T
22:27066019:A:AT
22:27066535:A:G
22:27067045:G:T
22:27067224:G:T
22:27067643:A:G
22:27067792:C:T
22:27068052:A:T
22:27068071:A:G
22:27068592:A:G
22:27068702:A:C
22:27069254:G:T
22:27069439:A:G
22:27069557:C:T
22:27069835:A:G
22:27070749:C:T
22:27072140:A:G
22:27072146:C:T
22:27072961:C:T
22:27073122:A:G
22:27073259:G:T
22:27073339:A:G
22:27073858:A:C
22:27074049:A:G
22:27074257:A:G
22:27074401:C:T
22:27074768:A:G
22:27074845:A:G
22:27075975:A:G
22:27076033:C:T
22:27076305:C:T
22:27076306:C:G
22:27076576:C:T
22:27076596:C:T
22:27076850:C:T
22:27076984:C:T
22:27077074:A:G
22:27077231:C:T
22:27078466:A:G
22:27078560:C:T
22:27078836:A:G
22:27078955:G:T
22:27079188:G:T
22:27080150:C:T
22:27080175:G:GAAGGGGC
22:27081196:G:T
22:27081362:C:T
22:27081664:G:GTTTT
22:27081945:C:T
22:27081979:A:C
22:27082103:A:G
22:27082153:A:G
22:27082723:A:T
22:27082992:A:C
22:27083706:C:T
22:27084303:C:T
22:27084655:C:T
22:27084772:A:G
22:27085223:A:G
22:27085224:A:C
22:27085310:A:G
22:27085338:A:G
22:27085491:G:T
22:27085554:C:T
22:27085968:C:CCAGGAG
22:27086087:C:G
22:27086367:C:T
22:27086668:C:T
22:27086990:C:T
22:27087307:A:T
22:27087385:C:T
22:27087410:A:G
22:27087813:C:T
22:27088015:C:G
22:27088080:C:G
22:27088211:A:T
22:27088298:C:T
22:27088391:A:G
22:27088638:C:T
22:27088786:A:G
22:27089241:C:CT
22:27089325:C:G
22:27089570:A:G
22:27090179:C:T
22:27090640:A:G
22:27091134:G:GTT
22:27091167:C:T
22:27091248:C:T
22:27091364:C:G
22:27091750:A:G
22:27092259:C:T
22:27092955:C:T
22:27093045:C:T
22:27093109:G:T
22:27093202:A:T
22:27093508:A:G
22:27094025:C:T
22:27094241:A:C
22:27094788:A:G
22:27095014:C:T
22:27095301:A:G
22:27095710:A:G
22:27095712:A:G
22:27095757:A:T
22:27095772:C:T
22:27095998:A:C
22:27096328:C:T
22:27096824:C:CTTAATAATACATTGTATTAT
22:27096893:A:T
22:27097842:C:G
22:27098362:T:TACACACACAC
22:27098841:A:T
22:27098842:C:G
22:27099288:G:T
22:27099768:A:T
22:27099830:G:T
22:27099987:A:G
22:27100019:A:G
22:27100061:C:CA
22:27100178:C:CT
22:27100191:G:T
22:27100912:G:T
22:27101376:C:T
22:27102141:C:T
22:27102344:C:CT
22:27102559:A:G
22:27103536:A:T
22:27103676:A:G
22:27103786:A:G
22:27104302:C:T
22:27104440:C:T
22:27104705:A:G
22:27105467:T:TC
22:27105857:A:C
22:27107544:A:G
22:27108047:C:T
22:27108217:A:G
22:27108313:A:G
22:27108660:A:G
22:27109000:A:G
22:27109025:A:ACT
22:27109033:C:T
22:27109112:A:G
22:27109475:C:T
22:27110019:G:T
22:27110031:A:T
22:27110259:C:T
22:27110386:C:G
22:27110827:C:T
22:27110974:C:T
22:27111321:C:T
22:27111968:A:C
22:27112693:A:G
22:27112769:C:G
22:27113511:G:T
22:27113514:G:T
22:27113741:A:G
22:27113823:A:G
22:27114084:A:AT
22:27114658:C:T
22:27115779:C:CGACAGAGTGA
22:27115796:A:G
22:27115907:C:T
22:27116364:A:G
22:27116420:C:G
22:27116439:G:GGTTAAGAGTTAATGGCCGGGCG
22:27116568:A:G
22:27116702:C:T
22:27117672:A:G
22:27117690:A:G
22:27118181:G:T
22:27118416:A:G
22:27119619:C:T
22:27119629:A:T
22:27119714:C:G
22:27119905:C:T
22:27119970:C:G
22:27120203:C:T
22:27120433:A:T
22:27121228:A:AT
22:27121273:G:T
22:27121364:A:G
22:27121456:C:T
22:27122082:C:G
22:27122480:C:T
22:27122923:G:T
22:27123234:C:G
22:27123432:A:C
22:27123638:G:T
22:27123944:C:T
22:27124543:A:T
22:27124742:A:G
22:27124942:C:G
22:27125763:A:T
22:27126510:C:T
22:27127596:G:T
22:27127610:A:G
22:27127717:A:C
22:27128097:C:T
22:27129463:A:C
22:27129606:A:G
22:27129793:A:G
22:27130617:A:G
22:27132097:C:T
22:27132550:C:T
22:27133584:A:C
22:27133681:A:G
22:27133816:A:G
22:27134493:A:ACCTCC
22:27134863:G:T
22:27135510:C:G
22:27136298:A:G
22:27136316:A:G
22:27136833:T:TGGGAGGG
22:27136851:A:AC
22:27136852:A:C
22:27137306:A:AT
22:27137639:A:C
22:27137752:C:T
22:27137761:C:T
22:27137881:C:CCTTCT
22:27138317:A:G
22:27139303:A:G
22:27139993:G:GT
22:27140251:C:T
22:27140443:A:G
22:27141026:A:G
22:27142366:C:T
22:27143245:A:G
22:27143425:A:G
22:27144070:C:T
22:27144107:A:G
22:27144233:C:T
22:27144367:A:G
22:27144374:C:T
22:27144722:A:G
22:27144734:C:T
22:27145021:A:G
22:27145414:T:TCAAGGCCCAATATAGC
22:27145639:A:T
22:27145640:A:G
22:27145885:C:T
22:27145892:G:T
22:27145901:C:T
22:27145953:A:G
22:27146203:C:T
22:27146288:C:T
22:27146534:C:T
22:27149053:C:T
22:27149561:C:T
22:27149725:A:G
22:27149768:A:G
22:27152008:A:C
22:27152126:A:AT
22:27152775:G:T
22:27152786:C:T
22:27152964:G:T
22:27153246:G:T
22:27153492:A:G
22:27157459:C:T
22:27158663:G:T
22:27159832:A:G
22:27161589:C:T
22:27161921:A:G
22:27162907:A:G
22:27163290:C:G
22:27163444:C:T
22:27163682:G:T
22:27163806:A:G
22:27163999:C:T
22:27164962:C:T
22:27166408:C:CA
22:27166540:A:G
22:27167348:A:C
22:27167448:A:G
22:27169917:C:T
22:27170725:G:T
22:27170806:G:T
22:27171458:A:G
22:27171701:C:T
22:27172005:A:G
22:27172826:A:C
22:27173534:C:T
22:27174663:A:T
22:27177745:C:T
22:27178074:A:G
22:27179453:A:G
22:27179493:A:G
22:27180156:C:T
22:27182539:A:G
22:27183491:A:G
22:27185955:G:T
22:27186321:A:G
22:27186355:A:G
22:27186492:G:GT
22:27186715:A:C
22:27187301:T:TG
22:27187635:A:G
22:27187642:A:C
22:27187705:C:T
22:27187841:C:T
22:27187978:A:G
22:27187982:C:T
22:27188027:C:T
22:27188204:C:T
22:27188217:A:T
22:27188221:A:T
22:27188902:G:T
22:27189774:G:T
22:27189835:A:G
22:27190216:C:G
22:27190706:A:G
22:27190734:A:G
22:27190866:C:T
22:27190977:A:ACCT
22:27191001:C:T
22:27191643:C:T
22:27191848:C:G
22:27191942:C:T
22:27192039:A:ATGTGTGTGTGTG
22:27192401:C:T
22:27192460:C:T
22:27192863:A:G
22:27193830:C:G
22:27194757:A:G
22:27198800:C:G
22:27203596:C:T
22:27204754:C:T
22:27204921:C:T
22:27205681:A:G
22:27205766:C:T
22:27205841:C:T
22:27206134:A:G
22:27206227:C:T
22:27206289:C:T
22:27206530:A:C
22:27206672:C:T
22:27206864:A:G
22:27206962:C:T
22:27207439:A:G
22:27207525:C:G
22:27207950:A:G
22:27208048:G:T
22:27208157:C:T
22:27208165:C:T
22:27208222:C:T
22:27208422:C:T
22:27208711:A:G
22:27208861:A:C
22:27209017:C:T
22:27209132:C:T
22:27209227:A:G
22:27211191:A:G
22:27211502:C:G
22:27211572:A:G
22:27211876:C:G
22:27212043:C:T
22:27212674:C:G
22:27213199:C:T
22:27213968:C:T
22:27214141:A:G
22:27214161:A:G
22:27214989:C:T
22:27215976:C:T
22:27216058:A:G
22:27216426:A:G
22:27217018:A:G
22:27217038:A:G
22:27218272:A:G
22:27219241:A:AT
22:27219371:A:C
22:27219881:A:G
22:27220257:C:T
22:27220344:C:CAA
22:27220994:A:C
22:27221365:A:C
22:27221959:C:T
22:27222059:A:G
22:27222286:A:G
22:27224492:C:G
22:27226407:A:G
22:27226558:C:G
22:27227219:C:T
22:27227454:C:T
22:27228195:A:G
22:27228712:C:T
22:27228910:C:T
22:27228977:A:G
22:27229310:G:GT
22:27229346:A:C
22:27229977:A:G
22:27230380:C:T
22:27230386:A:G
22:27230983:A:C
22:27231344:G:GA
22:27231403:A:G
22:27231633:A:T
22:27231668:C:G
22:27231873:A:AG
22:27232049:A:G
22:27232480:C:T
22:27233505:C:T
22:27233656:A:G
22:27233872:C:T
22:27234171:C:T
22:27234422:C:T
22:27234623:A:G
22:27236603:C:T
22:27236780:C:CAGAAAGAA
22:27237330:C:G
22:27238390:C:T
22:27239805:G:T
22:27239906:C:CGAT
22:27240025:G:T
22:27240239:A:T
22:27240293:C:T
22:27240456:A:G
22:27240659:A:C
22:27241464:A:G
22:27241644:C:T
22:27242048:C:T
22:27242642:A:G
22:27242952:G:T
22:27243140:G:GA
22:27243142:C:G
22:27243234:C:T
22:27243295:C:G
22:27243665:C:T
22:27244109:C:T
22:27244167:T:TAG
22:27244507:G:T
22:27244685:A:G
22:27244876:C:T
22:27245137:C:T
22:27245222:A:C
22:27245262:C:G
22:27245312:G:T
22:27245342:G:T
22:27245485:A:G
22:27245565:C:T
22:27245627:C:G
22:27246070:C:T
22:27246218:C:T
22:27246537:C:G
22:27246556:A:G
22:27246836:A:G
22:27246926:A:C
22:27247107:A:T
22:27247201:G:T
22:27247357:A:G
22:27247913:C:G
22:27248025:C:T
22:27248691:C:CTA
22:27248779:A:G
22:27249140:A:G
22:27249252:C:CT
22:27249352:A:G
22:27249884:C:T
22:27250195:A:G
22:27250280:C:T
22:27250786:A:T
22:27250981:A:G
22:27251367:C:T
22:27251479:C:G
22:27251670:C:G
22:27252185:A:C
22:27252454:C:T
22:27252558:A:C
22:27252843:A:T
22:27252859:A:C
22:27253020:G:T
22:27253343:A:G
22:27253560:C:T
22:27254122:C:T
22:27255148:A:G
22:27255413:A:T
22:27255464:A:C
22:27255690:A:G
22:27255849:C:T
22:27256080:C:T
22:27256295:A:G
22:27256542:C:T
22:27256543:A:G
22:27256591:T:TGC
22:27256928:A:G
22:27256942:G:T
22:27257220:A:G
22:27257243:C:T
22:27257321:C:G
22:27257411:A:C
22:27257922:A:AATTT
22:27258265:A:C
22:27258653:A:G
22:27259079:C:T
22:27259584:C:T
22:27259888:A:G
22:27260639:A:G
22:27261517:C:T
22:27261577:C:G
22:27261762:A:AT
22:27261845:C:T
22:27262569:A:G
22:27262665:T:TAA
22:27263046:A:G
22:27264501:C:T
22:27265239:C:T
22:27265947:A:C
22:27266267:C:T
22:27266472:C:T
22:27266769:C:CAAA
22:27267344:A:G
22:27267587:C:T
22:27268143:A:G
22:27268535:G:T
22:27268551:A:T
22:27269938:C:T
22:27270068:C:T
22:27270634:A:AAAACAAAT
22:27271632:A:AT
22:27271926:C:T
22:27272399:A:G
22:27273238:A:G
22:27273854:A:G
22:27274445:C:T
22:27274681:C:T
22:27274720:G:T
22:27274743:C:T
22:27274880:A:G
22:27275240:A:G
22:27276761:A:G
22:27277262:A:T
22:27278445:C:G
22:27279559:A:G
22:27279618:A:G
22:27279749:C:T
22:27279764:C:T
22:27279776:A:G
22:27280012:A:C
22:27280033:C:G
22:27280483:A:G
22:27280632:C:T
22:27280717:A:G
22:27281209:G:T
22:27281747:C:CA
22:27281884:A:G
22:27282710:C:G
22:27282930:C:G
22:27283289:C:T
22:27283339:G:GC
22:27283521:C:T
22:27283680:A:G
22:27284022:C:T
22:27284064:A:C
22:27284142:C:G
22:27284410:C:CA
22:27285154:A:G
22:27285261:A:G
22:27285813:G:T
22:27285870:C:G
22:27286047:C:T
22:27286733:A:G
22:27286859:C:T
22:27286864:A:T
22:27287053:C:T
22:27287669:C:G
22:27287869:A:C
22:27287946:C:T
22:27288005:C:T
22:27288251:C:G
22:27288263:A:T
22:27288275:G:T
22:27290612:A:G
22:27290749:A:G
22:27291244:A:G
22:27292583:C:T
22:27292868:A:G
22:27292887:C:CT
22:27293494:G:T
22:27295234:C:T
22:27296092:T:TG
22:27297930:C:CAAAAAA
22:27298530:C:T
22:27298679:C:T
22:27298700:C:T
22:27298778:T:TTTCTTTCC
22:27299366:C:G
22:27299487:C:T
22:27299662:G:T
22:27299924:C:CTTTCACCCT
22:27300463:A:G
22:27300715:G:T
22:27301137:A:G
22:27301183:G:GAA
22:27301256:G:GGA
22:27301282:G:GAAAA
22:27301462:A:C
22:27301478:A:G
22:27301639:T:TA
22:27301652:G:T
22:27301653:A:T
22:27302544:C:CTTT
22:27302631:C:T
22:27302784:G:GT
22:27303561:C:T
22:27303639:T:TCTC
22:27303755:A:T
22:27303965:C:T
22:27303979:A:G
22:27304645:A:G
22:27305781:A:G
22:27306830:C:T
22:27309981:A:G
22:27310116:C:T
22:27310310:C:T
22:27310378:C:T
22:27313103:C:CTTTA
22:27313765:A:G
22:27314070:A:T
22:27314113:A:G
22:27315314:C:T
22:27316842:A:G
22:27317437:A:G
22:27320076:C:T
22:27320975:C:T
22:27323221:C:T
22:27323304:A:G
22:27323691:C:T
22:27323867:A:G
22:27323871:A:T
22:27324326:A:G
22:27324536:A:C
22:27325416:A:G
22:27325768:A:T
22:27327701:C:T
22:27327741:A:G
22:27328131:C:G
22:27328156:G:GT
22:27332207:T:TTCTC
22:27333553:C:T
22:27333719:A:G
22:27334054:C:T
22:27334160:C:T
22:27334578:C:G
22:27337781:C:CT
22:27338951:A:T
22:27339284:C:T
22:27339406:G:T
22:27339624:A:G
22:27339872:A:G
22:27340510:A:C
22:27341117:A:C
22:27341184:G:T
22:27341413:C:T
22:27341762:C:G
22:27341985:C:G
22:27342139:A:G
22:27342629:C:T
22:27344827:A:G
22:27345388:C:T
22:27346062:A:G
22:27346779:C:T
22:27347493:A:T
22:27347681:C:T
22:27348321:C:T
22:27348446:A:G
22:27348456:A:G
22:27348681:A:C
22:27348896:A:G
22:27349099:A:G
22:27349116:G:T
22:27349234:G:T
22:27349602:C:T
22:27350066:A:T
22:27350911:C:G
22:27351615:A:G
22:27351732:C:T
22:27352745:C:T
22:27352747:C:T
22:27352811:C:T
22:27353319:A:C
22:27353810:C:T
22:27353916:A:G
22:27354054:C:G
22:27354544:A:G
22:27355195:C:T
22:27355348:A:G
22:27356579:A:G
22:27357341:C:T
22:27357975:A:T
22:27358376:A:G
22:27359601:A:G
22:27360994:C:T
22:27361283:A:AT
22:27361465:A:G
22:27361631:C:G
22:27362148:G:T
22:27362234:C:G
22:27363324:A:G
22:27363632:C:T
22:27364300:C:T
22:27364610:C:T
22:27365105:A:C
22:27366972:C:G
22:27368219:A:G
22:27368283:A:G
22:27368478:C:T
22:27369158:T:TA
22:27369338:C:CA
22:27369471:A:G
22:27369762:A:G
22:27369770:G:T
22:27369826:G:T
22:27370273:C:T
22:27370782:C:T
22:27371685:C:T
22:27372522:G:T
22:27372785:G:T
22:27373463:A:G
22:27373538:G:T
22:27373720:A:C
22:27373934:G:T
22:27375529:A:G
22:27375697:C:T
22:27375700:C:T
22:27376043:A:C
22:27376273:C:G
22:27376471:A:G
22:27376910:C:T
22:27377469:C:T
22:27377569:A:G
22:27377687:G:T
22:27377796:C:T
22:27378331:C:T
22:27378582:T:TA
22:27378884:A:G
22:27379852:A:C
22:27380393:T:TG
22:27380461:A:G
22:27380713:A:G
22:27380730:A:G
22:27380743:C:T
22:27381136:A:G
22:27381389:A:G
22:27381837:C:T
22:27382132:C:G
22:27382287:A:G
22:27383068:G:T
22:27383090:G:T
22:27383140:C:T
22:27384565:A:T
22:27384762:C:G
22:27386488:C:T
22:27387402:A:G
22:27388110:C:T
22:27388405:C:T
22:27388842:C:G
22:27392265:C:T
22:27392391:A:G
22:27392563:C:CCCAT
22:27393381:A:G
22:27394552:A:G
22:27395292:G:T
22:27395385:C:T
22:27395426:C:T
22:27395609:A:G
22:27396038:C:T
22:27397274:T:TA
22:27397683:A:C
22:27398512:C:T
22:27398749:C:T
22:27398838:A:T
22:27398910:C:T
22:27398938:C:T
22:27399182:C:T
22:27399321:A:G
22:27399405:C:T
22:27399576:C:T
22:27399577:C:G
22:27400316:C:T
22:27400354:C:T
22:27402492:A:G
22:27403571:C:T
22:27403729:C:T
22:27404636:T:TATCACC
22:27405012:C:T
22:27405123:A:AT
22:27405310:T:TG
22:27405442:C:G
22:27405668:A:G
22:27405992:A:G
22:27406436:A:C
22:27406501:C:T
22:27407073:C:CA
22:27407146:G:T
22:27407687:C:T
22:27408321:A:G
22:27409116:C:CTG
22:27409206:A:AGT
22:27409673:G:GGA
22:27410371:A:G
22:27410749:C:T
22:27411322:A:G
22:27411710:A:C
22:27411926:C:G
22:27413261:A:G
22:27413264:C:T
22:27413317:C:G
22:27413379:A:G
22:27413392:G:T
22:27413509:A:G
22:27413543:A:G
22:27413922:C:T
22:27414261:C:G
22:27414427:A:G
22:27414653:G:T
22:27415013:A:G
22:27415255:C:T
22:27415340:A:G
22:27415491:C:T
22:27416197:C:T
22:27416825:C:T
22:27417881:C:T
22:27418259:C:T
22:27418798:A:C
22:27418911:A:G
22:27418974:G:GAGA
22:27419148:A:G
22:27419348:G:GT
22:27419513:G:GT
22:27420113:A:G
22:27420318:A:G
22:27420733:A:G
22:27421136:G:T
22:27421632:A:G
22:27422813:A:G
22:27422865:A:G
22:27423007:A:T
22:27423564:C:T
22:27423652:C:T
22:27423772:C:T
22:27423773:G:GTA
22:27423944:T:TTAA
22:27424579:A:G
22:27424710:G:GA
22:27424724:A:T
22:27424748:C:T
22:27425162:G:T
22:27425215:G:T
22:27425365:C:T
22:27425521:C:T
22:27425592:A:G
22:27425647:G:T
22:27425657:G:T
22:27425847:C:T
22:27425848:A:G
22:27426113:A:ATTT
22:27428860:A:G
22:27428926:C:T
22:27429052:A:G
22:27429111:C:T
22:27429377:G:GC
22:27429753:C:T
22:27430078:G:T
22:27430158:A:G
22:27430304:C:T
22:27430630:A:G
22:27430724:A:G
22:27430962:T:TTTTA
22:27430963:T:TTTA
22:27431791:C:T
22:27431971:C:T
22:27432357:A:G
22:27432985:A:G
22:27433179:A:G
22:27433250:A:G
22:27433266:C:T
22:27433885:A:C
22:27433973:C:G
22:27434051:A:G
22:27434178:C:T
22:27434214:C:T
22:27434730:C:T
22:27434791:C:T
22:27434836:C:T
22:27435086:C:T
22:27435453:A:G
22:27435577:C:T
22:27435613:C:T
22:27435820:A:G
22:27435896:A:C
22:27435897:A:G
22:27436049:A:G
22:27436164:A:G
22:27436289:A:G
22:27436699:A:G
22:27436940:A:G
22:27437371:C:CA
22:27437467:C:T
22:27437550:A:G
22:27438108:A:G
22:27438196:A:G
22:27438353:C:T
22:27438359:A:C
22:27438386:C:T
22:27438432:A:G
22:27438543:A:G
22:27438631:A:G
22:27439543:A:G
22:27439582:C:G
22:27439704:A:G
22:27439839:T:TCTCC
22:27439931:C:CT
22:27440266:A:G
22:27440291:C:T
22:27440326:C:T
22:27440536:A:C
22:27440602:C:T
22:27441379:A:C
22:27441548:C:T
22:27441789:A:G
22:27442333:G:T
22:27442556:A:G
22:27442639:G:T
22:27443068:A:G
22:27443148:C:G
22:27443484:C:T
22:27443584:C:T
22:27444637:A:G
22:27444882:C:T
22:27445437:A:C
22:27445883:C:T
22:27446324:C:T
22:27446868:A:G
22:27447079:C:T
22:27447297:C:T
22:27447378:A:G
22:27447531:C:T
22:27447669:A:G
22:27448028:C:T
22:27448280:C:T
22:27448644:C:T
22:27449024:A:C
22:27449363:A:G
22:27449770:A:G
22:27449892:A:G
22:27449940:A:G
22:27450461:A:G
22:27450510:A:T
22:27450582:C:G
22:27451055:C:T
22:27451180:C:T
22:27451266:A:G
22:27451501:C:T
22:27451567:A:G
22:27452721:A:G
22:27452743:A:G
22:27452796:C:T
22:27453771:A:G
22:27454022:A:C
22:27454981:C:T
22:27455355:C:T
22:27455409:A:G
22:27456410:A:G
22:27456420:C:T
22:27456646:A:G
22:27456810:C:T
22:27457068:C:T
22:27457518:A:C
22:27457523:A:C
22:27457693:A:G
22:27458160:C:T
22:27458958:A:G
22:27459210:A:G
22:27459273:C:G
22:27459563:C:T
22:27459722:C:G
22:27460793:A:G
22:27460810:A:G
22:27460811:A:T
22:27461493:C:G
22:27461803:A:G
22:27463700:C:T
22:27463749:C:T
22:27463851:C:T
22:27463890:A:G
22:27464033:A:C
22:27464053:A:G
22:27464401:A:G
22:27464643:A:G
22:27465477:A:T
22:27465597:A:G
22:27465628:G:T
22:27466232:C:T
22:27466629:A:C
22:27466842:A:G
22:27467717:A:G
22:27467990:C:T
22:27468053:C:T
22:27468461:C:T
22:27469165:A:G
22:27469314:A:C
22:27469371:A:AG
22:27470124:C:T
22:27470763:C:T
22:27471190:T:TGGAA
22:27471415:C:T
22:27471971:C:G
22:27472358:C:T
22:27472458:A:C
22:27472502:A:G
22:27472516:A:G
22:27472988:A:G
22:27473028:A:G
22:27473042:A:G
22:27473132:C:T
22:27473169:A:G
22:27473772:C:T
22:27473976:C:T
22:27475512:A:G
22:27475606:G:T
22:27475631:C:T
22:27475758:A:G
22:27475966:A:G
22:27476685:C:G
22:27476884:A:G
22:27477132:A:G
22:27477220:C:T
22:27477225:C:T
22:27477259:C:T
22:27477386:G:T
22:27477588:C:T
22:27478521:C:T
22:27478856:G:T
22:27478967:A:G
22:27479173:C:G
22:27479318:A:G
22:27479480:C:T
22:27480237:A:G
22:27480367:A:G
22:27480377:T:TG
22:27480801:C:T
22:27481022:A:G
22:27481284:C:T
22:27481509:C:T
22:27482626:C:T
22:27482638:G:T
22:27483371:C:T
22:27483426:A:ATCTG
22:27483480:C:G
22:27483536:C:G
22:27483618:C:G
22:27484389:C:T
22:27484451:G:T
22:27484476:A:G
22:27485111:C:T
22:27485301:A:G
22:27485345:C:T
22:27485482:C:G
22:27485612:G:T
22:27485912:C:T
22:27485959:A:G
22:27486167:C:G
22:27486722:A:G
22:27486978:C:G
22:27488118:G:GAGA
22:27488526:G:T
22:27488690:C:T
22:27489108:T:TCA
22:27489145:C:T
22:27489310:A:C
22:27489714:C:T
22:27489815:A:G
22:27490303:C:T
22:27491043:A:G
22:27492463:C:T
22:27492589:C:T
22:27492944:C:CAT
22:27493072:A:T
22:27493529:C:T
22:27494511:A:G
22:27495297:A:G
22:27495476:C:T
22:27495483:A:T
22:27495758:A:T
22:27496056:C:T
22:27496274:A:C
22:27496476:G:T
22:27497017:G:T
22:27497182:A:G
22:27497372:C:T
22:27497704:A:G
22:27498236:C:T
22:27498271:C:CAAAA
22:27498426:A:G
22:27499442:A:G
22:27499545:A:G
22:27499784:C:T
22:27500423:C:T
22:27500511:A:G
22:27500696:C:T
22:27500719:C:T
22:27501071:C:T
22:27501083:C:T
22:27501531:C:T
22:27502079:T:TG
22:27502082:G:T
22:27502567:C:T
22:27502691:C:T
22:27502783:A:C
22:27502898:C:G
22:27503371:A:G
22:27503582:A:C
22:27503837:C:T
22:27504063:A:G
22:27504082:A:C
22:27504161:C:G
22:27504942:C:T
22:27506536:C:T
22:27506926:C:T
22:27507131:C:T
22:27507354:A:C
22:27507715:A:G
22:27507824:A:G
22:27507837:C:T
22:27508143:C:CAAAA
22:27508858:A:G
22:27509227:G:T
22:27509769:C:T
22:27509919:C:T
22:27510232:G:T
22:27510528:A:G
22:27510626:A:G
22:27510846:A:G
22:27511667:C:G
22:27512234:A:G
22:27514839:C:T
22:27515764:A:G
22:27516762:A:G
22:27516984:A:G
22:27518815:C:T
22:27520441:C:G
22:27520665:A:G
22:27521114:G:T
22:27521426:A:G
22:27521799:G:GAT
22:27521818:A:G
22:27522399:A:G
22:27522430:A:C
22:27523257:T:TCATC
22:27523485:A:C
22:27523864:C:T
22:27523948:C:T
22:27524757:C:G
22:27525210:G:T
22:27525363:C:T
22:27525674:C:T
22:27526095:A:G
22:27526265:C:T
22:27526460:A:C
22:27526771:C:T
22:27527005:C:T
22:27527498:C:T
22:27527506:G:T
22:27528537:A:G
22:27530934:C:T
22:27535438:C:T
22:27538762:A:G
22:27539202:C:T
22:27539742:C:T
22:27540148:C:T
22:27540434:C:G
22:27540834:C:G
22:27541081:C:T
22:27541083:C:T
22:27541893:C:G
22:27542843:A:G
22:27542945:C:G
22:27544195:G:T
22:27544908:C:T
22:27545209:A:G
22:27545303:A:G
22:27547543:G:T
22:27547911:A:G
22:27549382:A:G
22:27549523:A:T
22:27549556:A:G
22:27549663:G:T
22:27550111:A:G
22:27550640:C:G
22:27552468:A:G
22:27553046:C:T
22:27554578:C:G
22:27555669:A:T
22:27556706:A:G
22:27556741:A:C
22:27557030:A:C
22:27557040:A:G
22:27557155:C:G
22:27557351:G:T
22:27557735:G:T
22:27557761:A:G
22:27557972:A:G
22:27559276:A:G
22:27559412:A:T
22:27559812:C:G
22:27559902:A:G
22:27560576:A:T
22:27561081:A:T
22:27561500:A:G
22:27561952:C:T
22:27561960:A:G
22:27562140:A:G
22:27562184:A:G
22:27562201:C:T
22:27562252:A:AGAATGAAT
22:27562944:A:G
22:27563274:A:C
22:27563775:C:T
22:27565531:A:G
22:27565888:A:G
22:27565909:A:T
22:27565958:C:T
22:27566498:C:G
22:27566506:A:G
22:27566566:A:T
22:27567120:A:G
22:27567545:C:T
22:27569801:A:AT
22:27571639:A:G
22:27572528:C:T
22:27573745:C:T
22:27573803:G:T
22:27573842:A:G
22:27573956:C:G
22:27574154:C:T
22:27574804:A:G
22:27574896:A:G
22:27574903:A:T
22:27575072:C:T
22:27575117:A:C
22:27575473:A:C
22:27575553:A:G
22:27577261:A:G
22:27579049:A:AT
22:27579150:A:C
22:27579428:A:G
22:27580688:A:G
22:27580980:A:G
22:27581139:C:CATAT
22:27581642:C:T
22:27583923:C:T
22:27584176:C:T
22:27584291:A:G
22:27584594:C:G
22:27584680:A:G
22:27586680:C:T
22:27586954:A:G
22:27587001:A:G
22:27587222:A:G
22:27588059:G:GA
22:27588271:A:G
22:27588763:A:T
22:27589382:A:G
22:27589981:C:T
22:27590093:C:T
22:27590340:C:T
22:27590678:A:G
22:27591348:A:G
22:27592742:G:T
22:27593239:C:T
22:27594098:G:T
22:27594180:A:T
22:27595582:G:T
22:27598602:A:T
22:27599418:G:T
22:27599846:G:T
22:27600516:C:T
22:27600598:C:T
22:27600604:C:G
22:27600828:C:T
22:27601017:C:T
22:27601021:A:G
22:27602660:C:T
22:27604149:A:C
22:27606184:A:G
22:27608087:C:T
22:27608295:A:G
22:27608301:A:G
22:27610680:C:G
22:27611328:A:G
22:27612568:C:T
22:27615529:C:T
22:27615568:G:T
22:27615888:A:AATCTGGGTAAAAAGGG
22:27616149:C:T
22:27616325:A:G
22:27617756:A:G
22:27618036:A:T
22:27620009:A:G
22:27620201:A:G
22:27621339:C:T
22:27621788:A:G
22:27621851:A:C
22:27622115:C:T
22:27622616:A:G
22:27622645:C:T
22:27622907:A:G
22:27623328:C:T
22:27623489:C:T
22:27624004:A:G
22:27624375:G:T
22:27624560:C:CT
22:27624664:C:CT
22:27624878:A:T
22:27625321:A:G
22:27625394:A:G
22:27625443:T:TTG
22:27625446:T:TG
22:27625720:C:T
22:27625874:A:T
22:27626905:A:G
22:27626918:C:CTT
22:27627316:C:T
22:27627416:C:T
22:27627524:A:T
22:27627598:C:T
22:27628151:C:G
22:27628531:A:G
22:27628728:C:T
22:27629160:C:CT
22:27629208:C:T
22:27629291:A:T
22:27630604:C:CA
22:27630630:G:T
22:27630758:A:G
22:27631509:C:T
22:27631699:A:T
22:27632418:A:G
22:27632514:A:G
22:27632596:C:G
22:27633517:A:G
22:27634799:C:G
22:27635001:C:T
22:27636138:C:G
22:27636146:A:G
22:27636149:A:G
22:27636486:C:T
22:27636606:A:C
22:27636841:C:G
22:27636913:C:T
22:27636930:A:G
22:27637091:A:G
22:27637306:A:G
22:27637506:A:G
22:27638327:A:T
22:27638662:A:G
22:27638785:A:G
22:27638787:A:G
22:27639304:A:G
22:27640814:C:T
22:27640853:C:T
22:27641756:C:T
22:27642064:A:G
22:27642581:A:C
22:27643302:A:G
22:27644269:T:TC
22:27644305:A:G
22:27644841:G:T
22:27644949:A:G
22:27645160:C:CCAGGCAT
22:27645258:C:T
22:27645864:C:T
22:27645892:A:G
22:27646376:A:T
22:27646582:C:T
22:27646755:C:G
22:27646869:A:C
22:27647065:A:C
22:27647289:A:G
22:27647504:A:G
22:27648191:A:C
22:27648272:C:T
22:27648408:C:G
22:27649578:A:G
22:27649704:A:G
22:27650250:C:T
22:27650420:C:T
22:27650469:C:T
22:27650505:G:GA
22:27650567:A:AT
22:27650779:C:T
22:27650865:G:T
22:27651594:A:AT
22:27651715:C:T
22:27652075:A:G
22:27652289:A:G
22:27652290:G:T
22:27653188:A:G
22:27653294:C:G
22:27653397:C:T
22:27653424:C:T
22:27656908:C:T
22:27657507:A:G
22:27657604:A:G
22:27658292:C:G
22:27658324:A:G
22:27659029:C:T
22:27659230:C:T
22:27659347:C:T
22:27659629:A:C
22:27659631:A:G
22:27659724:A:G
22:27659743:A:G
22:27659774:A:G
22:27659964:A:G
22:27659974:A:G
22:27660461:C:T
22:27660487:A:G
22:27660655:C:T
22:27660675:A:G
22:27660747:A:G
22:27660753:C:CTTCA
22:27661009:G:T
22:27661950:C:T
22:27661995:A:G
22:27662176:A:G
22:27662186:C:T
22:27662213:G:T
22:27662397:C:T
22:27662473:C:T
22:27662635:C:T
22:27662689:A:C
22:27662837:C:T
22:27662934:C:T
22:27663166:A:G
22:27663248:G:T
22:27663643:C:T
22:27664339:C:T
22:27665302:A:T
22:27666698:A:G
22:27667146:G:GA
22:27667795:A:G
22:27668370:A:G
22:27668509:C:T
22:27668544:A:G
22:27669059:C:T
22:27669159:A:T
22:27669317:C:CT
22:27669376:A:G
22:27669730:T:TAA
22:27670348:G:T
22:27670497:C:T
22:27670885:C:T
22:27671238:C:T
22:27671518:A:G
22:27671692:C:T
22:27672223:A:C
22:27672351:A:AT
22:27672600:C:T
22:27672797:A:G
22:27672810:C:T
22:27673159:A:G
22:27673180:C:T
22:27673768:A:AT
22:27673865:A:G
22:27674189:G:T
22:27674293:C:T
22:27674547:A:G
22:27674953:A:C
22:27675238:A:T
22:27675461:A:G
22:27675538:A:G
22:27682597:A:G
22:27683031:A:G
22:27683850:C:T
22:27685158:A:G
22:27685669:A:G
22:27686223:C:T
22:27686254:A:T
22:27687022:C:G
22:27687072:A:G
22:27687437:A:G
22:27688616:A:G
22:27688735:C:CA
22:27689490:C:T
22:27689641:A:G
22:27689803:A:AT
22:27689956:A:G
22:27689967:A:AT
22:27689978:A:G
22:27690377:A:G
22:27690683:A:G
22:27691285:G:T
22:27691729:A:G
22:27692516:C:T
22:27692850:C:CTCAT
22:27693121:C:T
22:27696913:C:T
22:27697012:A:G
22:27697356:A:T
22:27697485:C:T
22:27697765:G:T
22:27697920:G:GT
22:27698071:A:G
22:27698217:A:G
22:27698397:G:T
22:27699368:T:TAC
22:27700289:A:G
22:27700318:C:T
22:27701555:C:T
22:27701608:A:G
22:27702157:A:G
22:27702771:G:T
22:27702923:G:T
22:27703428:C:G
22:27704503:C:T
22:27704700:A:C
22:27705687:A:C
22:27705699:A:G
22:27705922:A:G
22:27705940:A:G
22:27706005:C:T
22:27706403:A:T
22:27706490:A:G
22:27706495:G:GA
22:27706521:A:G
22:27707665:A:G
22:27708643:A:T
22:27709083:C:CG
22:27709560:A:G
22:27710440:C:T
22:27710703:A:G
22:27711025:G:T
22:27711056:G:T
22:27711058:C:T
22:27711243:C:T
22:27711761:A:G
22:27711993:C:G
22:27712520:C:T
22:27712608:A:C
22:27712681:A:G
22:27712776:T:TG
22:27712781:A:G
22:27713356:C:T
22:27713441:C:CT
22:27713828:C:G
22:27713849:A:C
22:27714574:A:G
22:27715209:A:G
22:27715293:G:T
22:27716419:A:G
22:27716730:C:T
22:27717116:A:G
22:27717134:A:G
22:27717629:A:G
22:27717716:A:G
22:27718079:C:T
22:27718705:A:C
22:27719198:A:G
22:27720637:A:G
22:27720827:C:T
22:27720865:G:GTGGA
22:27720978:A:T
22:27721040:T:TTGGA
22:27722802:A:G
22:27723059:C:T
22:27723424:C:T
22:27723600:A:G
22:27724696:C:T
22:27724782:C:T
22:27725153:A:G
22:27725762:A:G
22:27726071:A:G
22:27726166:A:G
22:27726947:C:T
22:27727106:A:C
22:27728405:C:T
22:27728865:T:TAC
22:27729077:C:T
22:27729180:C:T
22:27729548:G:T
22:27730109:A:G
22:27730204:A:C
22:27730213:G:T
22:27730230:G:T
22:27730354:A:T
22:27730856:C:G
22:27730986:C:G
22:27731470:C:T
22:27732989:A:G
22:27733380:A:G
22:27733507:C:T
22:27733540:C:T
22:27734393:A:G
22:27734405:C:T
22:27734816:C:G
22:27735210:G:T
22:27735230:A:G
22:27735575:A:G
22:27736395:C:T
22:27737157:C:T
22:27737393:C:T
22:27737631:C:T
22:27738160:A:C
22:27739582:T:TTTTAGCTTTAGCTAAAAAACGC
22:27739617:A:ATG
22:27739856:T:TTTTA
22:27742350:C:T
22:27742612:A:G
22:27744608:A:G
22:27744959:A:G
22:27745505:C:T
22:27745558:C:CCTT
22:27745625:A:C
22:27746118:G:T
22:27746401:C:T
22:27747124:C:T
22:27747251:A:G
22:27747270:A:G
22:27747303:C:T
22:27747378:A:AT
22:27747507:A:T
22:27747580:C:T
22:27747792:C:CT
22:27748020:A:ATG
22:27748742:A:G
22:27748753:C:T
22:27748774:C:T
22:27749378:C:T
22:27749492:G:T
22:27749494:G:GTTA
22:27749520:A:G
22:27749615:C:T
22:27749665:G:GT
22:27749814:C:CT
22:27750076:C:T
22:27750408:C:G
22:27750425:A:G
22:27750456:C:T
22:27750857:C:T
22:27750983:C:T
22:27751061:A:G
22:27751155:G:T
22:27751227:A:G
22:27751277:A:G
22:27751435:A:G
22:27751454:A:T
22:27751520:A:G
22:27751576:C:T
22:27751579:C:T
22:27751796:A:G
22:27751975:A:T
22:27752084:C:T
22:27752593:A:G
22:27752783:A:G
22:27754138:A:G
22:27754193:G:GTC
22:27754412:C:T
22:27754413:A:G
22:27754774:A:G
22:27754802:A:G
22:27755511:C:CA
22:27755625:C:T
22:27755736:G:T
22:27755906:C:T
22:27756079:C:T
22:27756110:C:T
22:27756128:C:CA
22:27756135:A:G
22:27756300:C:T
22:27756439:C:T
22:27756513:A:G
22:27757077:A:C
22:27757114:A:G
22:27757552:A:G
22:27757702:G:GT
22:27757827:C:T
22:27758098:C:T
22:27758200:C:T
22:27758305:A:G
22:27758313:C:T
22:27758490:C:T
22:27758793:T:TC
22:27758841:C:T
22:27758891:A:G
22:27758894:A:G
22:27759178:C:T
22:27759199:C:T
22:27759299:A:G
22:27759404:A:G
22:27759691:C:T
22:27759933:A:G
22:27760003:C:T
22:27760019:A:G
22:27760036:C:T
22:27760061:C:G
22:27760086:C:T
22:27760167:A:C
22:27760382:A:T
22:27760497:C:T
22:27760750:A:G
22:27760856:C:T
22:27761128:A:G
22:27761147:A:C
22:27761157:C:T
22:27761246:G:T
22:27761508:C:T
22:27761614:C:T
22:27761693:A:T
22:27761697:C:T
22:27761857:T:TA
22:27762155:C:T
22:27762214:C:T
22:27762307:A:T
22:27762566:C:T
22:27762699:C:G
22:27762893:C:T
22:27762981:A:C
22:27762996:A:G
22:27763106:C:T
22:27763111:A:G
22:27763113:C:CTG
22:27763777:A:G
22:27763989:C:G
22:27764352:A:G
22:27765064:C:T
22:27765220:C:CT
22:27765755:A:G
22:27766075:A:G
22:27766318:C:T
22:27766513:A:C
22:27766867:A:T
22:27767093:A:G
22:27767806:A:AGTGTGTGT
22:27767910:T:TAGA
22:27768007:C:G
22:27768787:A:G
22:27768895:A:G
22:27769029:C:T
22:27769191:C:T
22:27769228:C:T
22:27769282:C:G
22:27769389:A:G
22:27769412:C:G
22:27769419:C:T
22:27769630:A:G
22:27769634:G:T
22:27769677:A:C
22:27769784:C:G
22:27771079:C:T
22:27771156:A:G
22:27771910:A:G
22:27772355:C:T
22:27772417:A:G
22:27773148:A:G
22:27773323:A:G
22:27774424:C:T
22:27774779:A:G
22:27774784:A:C
22:27775129:C:T
22:27775511:A:G
22:27775760:C:T
22:27776029:T:TAAATC
22:27776343:A:G
22:27776424:A:T
22:27777382:A:G
22:27777552:G:T
22:27777944:A:T
22:27778099:A:G
22:27778338:A:G
22:27778518:C:T
22:27778664:C:CCA
22:27778878:C:G
22:27778899:A:G
22:27779106:C:G
22:27779122:A:G
22:27779272:G:T
22:27779409:C:T
22:27779438:G:GA
22:27779651:A:C
22:27779726:A:G
22:27779818:A:G
22:27779894:G:T
22:27779905:A:G
22:27780404:G:T
22:27780524:C:T
22:27780729:C:CT
22:27780856:A:G
22:27781570:C:T
22:27781668:T:TC
22:27781783:C:T
22:27782209:A:G
22:27782226:C:T
22:27782451:C:G
22:27783185:A:G
22:27783769:A:G
22:27784403:A:G
22:27784579:A:G
22:27784631:A:G
22:27784817:C:T
22:27784836:G:T
22:27784837:A:G
22:27785861:A:C
22:27786354:A:G
22:27786506:C:T
22:27786568:A:G
22:27786725:C:T
22:27786947:A:T
22:27787397:A:G
22:27787480:A:C
22:27787724:A:G
22:27787906:C:T
22:27788357:C:G
22:27788401:G:T
22:27788495:A:C
22:27788780:G:T
22:27789198:A:C
22:27789235:A:G
22:27790244:A:G
22:27790332:C:T
22:27791725:A:G
22:27792035:A:G
22:27792470:C:T
22:27793356:C:G
22:27793489:T:TAGG
22:27793641:A:G
22:27793846:A:G
22:27794056:C:G
22:27794966:C:T
22:27794969:C:T
22:27795090:C:T
22:27795445:A:C
22:27795462:G:T
22:27796846:A:G
22:27796866:C:T
22:27797761:A:G
22:27797799:A:C
22:27797867:A:C
22:27798329:A:G
22:27798492:A:G
22:27798655:A:G
22:27798724:C:G
22:27798832:A:G
22:27799006:C:T
22:27799038:A:C
22:27799226:C:T
22:27799251:A:G
22:27799307:C:T
22:27799554:A:AT
22:27799868:C:T
22:27800029:A:C
22:27800602:A:G
22:27800835:C:G
22:27801226:C:T
22:27801288:A:G
22:27801334:A:C
22:27802006:A:C
22:27802080:A:G
22:27802721:C:T
22:27802885:A:G
22:27802953:A:G
22:27803409:C:T
22:27803537:A:C
22:27803614:C:CA
22:27803942:A:G
22:27804019:A:G
22:27804079:C:T
22:27804124:C:T
22:27804756:A:T
22:27806889:G:T
22:27807098:A:C
22:27807237:C:T
22:27807449:C:T
22:27807573:A:T
22:27807705:C:T
22:27807787:C:G
22:27808186:A:G
22:27808363:A:G
22:27808369:C:T
22:27809969:A:AT
22:27810129:G:GA
22:27811767:G:T
22:27811912:A:C
22:27813277:C:G
22:27813701:A:G
22:27813751:G:T
22:27814070:A:G
22:27814217:C:T
22:27814370:A:C
22:27814417:C:T
22:27814437:C:G
22:27815735:A:G
22:27816556:G:T
22:27816784:A:G
22:27817300:C:T
22:27817516:G:T
22:27817830:A:T
22:27818596:C:T
22:27819773:T:TCACA
22:27819961:C:T
22:27820751:C:T
22:27820961:A:G
22:27821656:C:T
22:27822043:A:G
22:27822059:A:C
22:27822583:A:G
22:27822670:T:TA
22:27822897:C:T
22:27823040:G:T
22:27823214:C:T
22:27823215:A:G
22:27823333:C:G
22:27823368:A:G
22:27823447:C:T
22:27823823:C:T
22:27824585:C:T
22:27825443:C:T
22:27825804:A:G
22:27826863:T:TA
22:27827185:C:CG
22:27828634:C:T
22:27828878:C:T
22:27829103:A:T
22:27829536:A:G
22:27829661:C:T
22:27832985:C:G
22:27833053:A:C
22:27833459:G:T
22:27833918:A:G
22:27836850:A:G
22:27838849:A:G
22:27840789:C:G
22:27841224:A:C
22:27841518:A:G
22:27841691:G:T
22:27841795:A:T
22:27841982:C:T
22:27842083:T:TA
22:27842207:A:G
22:27842313:A:G
22:27842621:A:G
22:27844670:C:G
22:27846522:C:G
22:27846802:G:T
22:27847318:A:G
22:27847393:A:G
22:27848141:A:ATGGATGGATGGG
22:27850544:C:T
22:27850871:A:T
22:27852183:C:T
22:27852275:A:G
22:27852488:C:T
22:27852569:C:T
22:27852867:C:G
22:27853988:C:T
22:27854694:C:T
22:27854979:C:T
22:27855073:A:G
22:27855335:A:C
22:27856190:A:G
22:27856512:A:T
22:27857172:A:G
22:27857717:A:G
22:27858043:G:T
22:27858684:A:C
22:27858703:A:G
22:27858801:G:T
22:27858988:A:C
22:27859139:C:G
22:27860965:C:G
22:27861922:A:G
22:27861962:A:G
22:27862191:C:T
22:27862769:C:T
22:27862808:C:T
22:27862899:A:G
22:27862975:C:T
22:27863032:C:T
22:27863094:A:T
22:27863242:A:C
22:27863300:A:G
22:27863694:C:T
22:27863975:A:AG
22:27864048:C:T
22:27864073:A:G
22:27864092:T:TA
22:27864144:A:G
22:27864255:A:T
22:27864440:C:T
22:27864471:A:C
22:27864890:C:T
22:27865344:A:C
22:27867934:A:G
22:27868308:C:T
22:27868314:C:T
22:27869118:A:G
22:27869126:A:G
22:27869192:C:T
22:27869214:T:TA
22:27869375:C:T
22:27870265:A:G
22:27870404:C:T
22:27871897:A:G
22:27872463:C:T
22:27873024:A:G
22:27874487:A:T
22:27874492:T:TTTGGA
22:27874549:A:AT
22:27874677:C:T
22:27876208:G:T
22:27876368:C:T
22:27876753:C:T
22:27876815:A:G
22:27876972:A:G
22:27877684:C:T
22:27877833:C:G
22:27878619:A:G
22:27879083:A:G
22:27880207:A:G
22:27880936:C:G
22:27881211:C:T
22:27881452:A:G
22:27882039:C:T
22:27882245:C:T
22:27882282:A:C
22:27882687:G:T
22:27882704:A:G
22:27882716:G:T
22:27882874:A:C
22:27882876:A:G
22:27882878:A:C
22:27882904:C:G
22:27883136:C:T
22:27883189:A:G
22:27883265:A:G
22:27883316:C:T
22:27883341:C:T
22:27883841:C:T
22:27883993:C:T
22:27884073:A:G
22:27884156:C:T
22:27884455:A:T
22:27885629:C:CT
22:27886537:A:G
22:27886736:A:G
22:27886819:C:T
22:27887420:C:T
22:27887895:A:C
22:27888311:A:G
22:27888434:A:G
22:27888558:A:G
22:27889627:C:G
22:27891410:A:G
22:27891715:C:G
22:27891856:C:T
22:27891917:C:G
22:27892079:C:T
22:27892236:C:T
22:27892291:A:C
22:27892509:C:T
22:27893043:A:ATTT
22:27893241:A:G
22:27893307:A:G
22:27893370:A:G
22:27893497:C:T
22:27893612:A:G
22:27893693:A:G
22:27893850:G:T
22:27893895:C:T
22:27893974:G:T
22:27894127:C:T
22:27894144:T:TCA
22:27894181:G:GCTGGT
22:27894384:A:T
22:27894536:A:G
22:27894539:A:C
22:27894675:C:T
22:27894740:G:T
22:27894754:T:TCTAA
22:27894809:C:T
22:27894817:C:G
22:27894847:C:T
22:27894921:C:G
22:27895111:C:T
22:27895305:A:G
22:27895444:T:TGCCAGGCATGGAAGGAGCGCC
22:27895489:C:G
22:27895526:A:G
22:27896011:C:T
22:27896321:A:G
22:27896409:C:T
22:27896605:A:G
22:27897701:A:T
22:27897886:C:G
22:27899801:G:T
22:27900255:C:T
22:27900324:A:T
22:27900425:A:G
22:27900904:A:G
22:27901505:A:G
22:27901915:C:T
22:27902026:A:AT
22:27902049:A:G
22:27902257:C:T
22:27902276:A:G
22:27902354:C:T
22:27902795:C:T
22:27902972:C:T
22:27902981:C:T
22:27903107:C:G
22:27903116:G:T
22:27903582:C:T
22:27903583:A:T
22:27904168:A:G
22:27904170:A:C
22:27904593:A:G
22:27905140:C:T
22:27905762:C:T
22:27905826:G:T
22:27905989:C:T
22:27906256:C:G
22:27906722:A:G
22:27907429:C:T
22:27908420:C:G
22:27909106:A:G
22:27910138:A:C
22:27910176:A:AT
22:27910349:A:G
22:27911622:A:G
22:27911747:C:T
22:27911980:A:G
22:27913377:A:G
22:27913485:A:T
22:27913520:C:CCT
22:27913532:C:T
22:27913646:G:T
22:27913890:G:T
22:27914480:C:T
22:27914576:A:G
22:27914942:A:G
22:27915061:C:G
22:27915615:C:T
22:27915677:T:TG
22:27915705:C:T
22:27915805:A:G
22:27915947:G:GA
22:27916145:A:G
22:27916393:A:G
22:27917029:A:T
22:27917070:A:G
22:27917803:C:G
22:27917940:C:T
22:27918008:C:T
22:27918131:C:T
22:27918171:C:T
22:27918182:A:G
22:27918184:A:G
22:27918250:A:G
22:27918255:A:T
22:27918502:A:T
22:27918505:C:T
22:27918557:G:T
22:27918710:C:T
22:27919009:A:G
22:27919779:A:G
22:27920038:C:T
22:27920144:C:T
22:27920173:C:T
22:27920240:C:G
22:27920961:A:G
22:27921255:A:G
22:27921685:A:AAAAT
22:27922614:C:T
22:27922759:C:T
22:27923635:C:T
22:27923888:A:G
22:27924516:C:T
22:27924857:A:G
22:27924906:A:C
22:27924976:C:T
22:27925017:C:T
22:27925078:A:G
22:27925090:A:G
22:27925253:A:G
22:27925288:A:G
22:27925604:C:G
22:27927532:C:T
22:27928739:A:G
22:27929914:A:G
22:27930375:A:G
22:27930649:A:G
22:27931552:A:G
22:27931698:C:CA
22:27931842:A:C
22:27932079:C:T
22:27934290:A:G
22:27934707:A:G
22:27934709:A:G
22:27935285:A:G
22:27935369:A:C
22:27935424:C:T
22:27935824:A:T
22:27935845:A:C
22:27936238:C:T
22:27936871:A:C
22:27937085:A:G
22:27942319:C:T
22:27943861:A:G
22:27945841:A:G
22:27948878:C:T
22:27948978:A:G
22:27949129:A:T
22:27949306:C:G
22:27950127:A:G
22:27950553:A:G
22:27950858:A:G
22:27951161:C:G
22:27951176:A:G
22:27951476:C:CATCA
22:27951682:A:G
22:27951807:C:CTG
22:27952123:C:T
22:27952311:C:T
22:27953418:C:T
22:27953588:C:CATAT
22:27954288:A:G
22:27954506:C:T
22:27955199:A:G
22:27955410:A:G
22:27956628:A:C
22:27957277:C:T
22:27957942:A:G
22:27957965:A:G
22:27958126:A:G
22:27958939:C:T
22:27959094:A:G
22:27959320:C:G
22:27959466:C:G
22:27959752:A:G
22:27959754:A:G
22:27959841:C:T
22:27960309:A:G
22:27960580:C:T
22:27960790:C:T
22:27961199:C:G
22:27961350:C:T
22:27961467:A:G
22:27961878:C:T
22:27962231:A:G
22:27962517:A:G
22:27962792:C:T
22:27963442:C:T
22:27963467:A:G
22:27963508:A:T
22:27964312:A:AG
22:27964362:A:C
22:27964389:A:G
22:27964426:A:G
22:27964538:A:G
22:27965094:A:G
22:27965100:A:C
22:27965330:C:T
22:27965370:C:T
22:27965444:A:G
22:27966357:C:T
22:27966397:A:G
22:27966517:C:T
22:27966655:C:T
22:27967233:A:G
22:27967275:C:T
22:27967455:A:G
22:27967463:C:T
22:27967803:A:G
22:27968059:C:G
22:27968208:C:T
22:27968303:A:C
22:27970444:G:T
22:27970761:A:T
22:27971083:A:G
22:27972341:C:T
22:27972536:G:T
22:27973264:C:T
22:27973569:C:T
22:27974531:A:T
22:27974819:A:C
22:27975202:C:T
22:27975230:A:T
22:27975321:A:T
22:27975451:A:G
22:27976203:C:T
22:27977493:C:G
22:27977562:A:G
22:27977955:A:T
22:27978512:C:T
22:27978565:A:C
22:27978888:C:G
22:27979102:A:G
22:27979133:A:G
22:27979150:A:G
22:27979468:C:G
22:27979793:A:T
22:27980107:C:G
22:27980126:G:T
22:27980179:C:T
22:27980751:C:T
22:27980876:C:T
22:27981094:C:T
22:27981618:C:T
22:27981879:A:G
22:27981884:A:G
22:27984034:C:G
22:27984586:G:GT
22:27985142:A:G
22:27985224:C:CCAT
22:27985660:C:T
22:27986010:C:T
22:27986728:C:CTTT
22:27986817:A:G
22:27987202:A:G
22:27988234:A:G
22:27988398:A:G
22:27989166:C:T
22:27989244:G:T
22:27989434:C:T
22:27989777:C:T
22:27989819:T:TA
22:27989890:C:T
22:27989946:C:T
22:27990415:A:G
22:27990736:T:TCCACGAAACACACTCAACATAA
22:27992413:C:T
22:27993417:C:T
22:27993597:A:C
22:27993898:A:G
22:27994183:A:G
22:27994783:A:G
22:27995480:C:CA
22:27996402:C:T
22:27996543:C:G
22:27997290:C:T
22:27997296:A:C
22:27997594:A:C
22:27999020:A:T
22:27999690:A:G
22:27999855:C:T
22:28000527:A:G
22:28001541:C:T
22:28001613:A:G
22:28001952:C:G
22:28002430:C:T
22:28002451:C:G
22:28002452:A:G
22:28002655:C:CA
22:28003421:A:AT
22:28003827:C:G
22:28003831:C:G
22:28004252:C:T
22:28004494:A:G
22:28004827:A:G
22:28005719:C:G
22:28006448:C:T
22:28006526:G:T
22:28006559:C:G
22:28007270:A:T
22:28007568:A:G
22:28008015:A:G
22:28008105:C:T
22:28008284:C:T
22:28008723:C:T
22:28008858:A:G
22:28008952:A:G
22:28009269:A:AG
22:28009305:A:G
22:28009535:C:CA
22:28009639:A:G
22:28010084:G:T
22:28010197:C:CG
22:28010936:A:C
22:28010948:A:G
22:28010956:G:T
22:28011286:A:C
22:28011380:C:G
22:28011386:A:G
22:28011484:G:T
22:28011927:A:G
22:28012260:A:G
22:28012503:A:G
22:28012595:A:G
22:28012615:C:T
22:28012628:A:G
22:28013038:A:G
22:28013122:C:T
22:28014760:A:AAAT
22:28014929:G:T
22:28015322:A:C
22:28015636:C:G
22:28015689:C:G
22:28015986:A:G
22:28016289:C:T
22:28016312:C:G
22:28016409:C:T
22:28016683:C:T
22:28016909:C:G
22:28017801:C:T
22:28017831:G:T
22:28017848:G:T
22:28018495:G:GAT
22:28018660:C:T
22:28018752:C:G
22:28018793:A:G
22:28018908:C:G
22:28018980:C:G
22:28019071:A:G
22:28019908:C:T
22:28020187:A:T
22:28020528:A:G
22:28020555:A:G
22:28020981:A:G
22:28021619:A:G
22:28021726:G:T
22:28021788:A:G
22:28022050:G:T
22:28022108:C:T
22:28022195:C:T
22:28022728:A:G
22:28023003:C:T
22:28023063:A:G
22:28023100:A:G
22:28023875:G:T
22:28023898:C:T
22:28024182:C:T
22:28024467:C:T
22:28024506:C:G
22:28024531:A:G
22:28026049:G:T
22:28027021:A:G
22:28027132:C:G
22:28027335:A:T
22:28027704:A:G
22:28027772:T:TGTGTGTGA
22:28027774:T:TGTGTGA
22:28028183:A:G
22:28028368:A:C
22:28028948:C:G
22:28029538:C:T
22:28029685:G:T
22:28030091:A:T
22:28030625:C:T
22:28030638:C:T
22:28030650:A:G
22:28030915:A:C
22:28031186:G:T
22:28031577:A:AG
22:28032457:C:T
22:28032831:A:G
22:28033030:A:G
22:28033628:C:T
22:28033824:C:G
22:28033959:C:T
22:28034300:C:G
22:28034327:A:T
22:28034554:A:G
22:28034964:G:T
22:28035413:C:T
22:28036151:C:T
22:28036208:C:T
22:28036850:G:T
22:28037010:A:C
22:28037690:A:G
22:28037787:A:G
22:28037932:A:G
22:28038356:A:G
22:28038608:A:G
22:28039426:C:CA
22:28040974:A:G
22:28041883:A:G
22:28042529:C:T
22:28042532:C:T
22:28042658:G:T
22:28043137:C:CT
22:28043820:C:G
22:28043913:C:G
22:28043959:A:G
22:28044057:G:T
22:28044236:A:G
22:28044325:A:G
22:28044594:A:C
22:28045229:C:T
22:28045281:T:TGGATGAAC
22:28045991:G:T
22:28046256:G:T
22:28046423:C:T
22:28046482:C:T
22:28046561:C:T
22:28046606:C:T
22:28047392:C:T
22:28047876:C:T
22:28047929:A:G
22:28048391:C:T
22:28048803:C:T
22:28048932:A:C
22:28049074:C:T
22:28049435:C:T
22:28049550:A:G
22:28049597:C:T
22:28050027:C:T
22:28050390:C:T
22:28050517:A:C
22:28051037:C:G
22:28051513:G:GAA
22:28052111:A:G
22:28052692:C:T
22:28052797:C:G
22:28053797:C:T
22:28054280:A:G
22:28054814:A:G
22:28055460:A:G
22:28055501:C:T
22:28056338:C:T
22:28056599:C:T
22:28056747:A:T
22:28056939:C:T
22:28057351:G:T
22:28057462:C:T
22:28058561:T:TG
22:28058570:C:T
22:28058587:G:T
22:28058731:C:T
22:28058812:C:T
22:28058894:A:G
22:28059002:A:G
22:28059703:A:G
22:28059705:C:T
22:28059995:G:GA
22:28060018:A:G
22:28060034:A:G
22:28060148:G:T
22:28060203:C:T
22:28060814:C:T
22:28060842:C:T
22:28060956:A:G
22:28060985:C:G
22:28061193:A:G
22:28061442:C:T
22:28061529:C:T
22:28061918:C:G
22:28062268:T:TAA
22:28062506:C:T
22:28062592:C:T
22:28062787:A:G
22:28063227:A:G
22:28063312:A:G
22:28063591:C:T
22:28063730:A:C
22:28064020:A:T
22:28064813:G:GC
22:28065092:A:G
22:28065259:A:C
22:28065480:C:T
22:28066266:C:G
22:28066905:A:G
22:28067205:C:T
22:28067235:C:T
22:28067389:A:G
22:28067502:A:G
22:28067872:C:CT
22:28068140:G:T
22:28068309:A:G
22:28068321:A:G
22:28068380:A:G
22:28068444:A:T
22:28068564:A:T
22:28068630:A:G
22:28069396:A:C
22:28070135:A:G
22:28070326:A:G
22:28070534:T:TCCTCCCTCTCTCTCCCGCCCTC
22:28070609:T:TTC
22:28070766:G:T
22:28071667:G:T
22:28071675:C:T
22:28071706:C:T
22:28072042:C:T
22:28072940:A:G
22:28073495:A:G
22:28074486:A:AC
22:28074740:A:G
22:28075256:A:G
22:28075879:G:T
22:28075992:C:T
22:28076058:C:T
22:28076285:C:T
22:28077114:C:T
22:28078747:C:T
22:28079546:G:GA
22:28079556:A:T
22:28079911:A:G
22:28081131:A:C
22:28081203:C:G
22:28083520:A:G
22:28084554:A:G
22:28084772:C:CT
22:28085300:A:G
22:28085749:C:T
22:28086991:C:T
22:28087123:C:T
22:28087306:A:T
22:28088298:C:G
22:28088661:C:T
22:28088750:C:G
22:28089643:A:C
22:28090252:A:T
22:28090374:A:G
22:28091743:A:T
22:28091826:A:G
22:28092551:C:T
22:28092718:C:G
22:28093463:C:G
22:28093777:C:G
22:28094047:C:T
22:28094156:C:T
22:28094573:C:T
22:28094610:A:G
22:28094751:A:G
22:28094845:A:G
22:28095240:A:T
22:28095488:A:G
22:28095783:A:G
22:28096740:A:G
22:28096858:C:T
22:28097824:C:G
22:28098436:A:G
22:28098634:G:GA
22:28098790:G:T
22:28098832:A:C
22:28099649:A:G
22:28099778:C:T
22:28100219:A:G
22:28100261:A:G
22:28100381:C:CCTGGGGACCCATCT
22:28100417:C:T
22:28100436:C:T
22:28100759:G:T
22:28100987:C:G
22:28101265:C:T
22:28101289:A:G
22:28101614:C:T
22:28101896:A:G
22:28102048:G:T
22:28102382:G:T
22:28102391:C:CT
22:28102496:A:G
22:28102594:C:T
22:28102627:A:G
22:28102970:C:T
22:28103087:C:T
22:28103259:A:G
22:28103787:A:C
22:28104051:A:G
22:28104062:A:G
22:28104268:T:TA
22:28104274:T:TA
22:28104290:G:T
22:28104907:A:G
22:28105851:A:G
22:28106208:A:T
22:28106402:A:G
22:28107076:C:G
22:28107284:C:T
22:28107388:C:G
22:28108071:C:G
22:28108379:C:T
22:28108726:C:T
22:28109329:C:G
22:28109490:C:T
22:28109580:G:T
22:28109665:A:G
22:28110312:C:T
22:28110477:C:G
22:28110965:A:G
22:28111578:A:G
22:28111806:C:T
22:28111895:T:TG
22:28112070:C:T
22:28112217:C:G
22:28113229:A:G
22:28114158:C:G
22:28114492:A:G
22:28114621:C:T
22:28115051:C:T
22:28115084:G:T
22:28115582:C:T
22:28115594:A:G
22:28115669:A:G
22:28116313:A:T
22:28116444:T:TA
22:28116606:T:TCC
22:28116675:A:G
22:28116769:C:G
22:28117013:C:T
22:28117297:A:T
22:28117969:A:G
22:28118805:A:G
22:28119299:C:T
22:28119559:A:G
22:28120153:C:G
22:28120707:C:T
22:28122701:A:G
22:28122786:C:T
22:28123270:A:G
22:28123686:A:G
22:28124651:A:G
22:28124738:A:G
22:28125496:A:G
22:28125557:G:GA
22:28125735:A:G
22:28126152:A:G
22:28126598:C:T
22:28127045:C:G
22:28127177:C:G
22:28127260:A:C
22:28127443:C:T
22:28128191:C:T
22:28128388:G:T
22:28129101:A:T
22:28130130:C:T
22:28130988:G:T
22:28131348:C:T
22:28131820:A:G
22:28133403:A:G
22:28133430:C:T
22:28133509:A:T
22:28134147:A:G
22:28134708:G:T
22:28135027:C:T
22:28135033:A:T
22:28135226:C:G
22:28135297:A:G
22:28136728:C:T
22:28136733:A:G
22:28136771:A:G
22:28136977:A:C
22:28137234:C:T
22:28138006:A:G
22:28138390:A:ACGCGCATGAAATTTGGTGC
22:28138636:A:G
22:28140204:A:G
22:28140212:A:G
22:28140442:C:T
22:28140490:G:T
22:28140917:C:T
22:28140966:A:G
22:28141111:C:CA
22:28141301:A:G
22:28144225:G:GA
22:28145214:A:G
22:28148813:A:G
22:28149998:C:G
22:28150109:A:G
22:28150815:A:G
22:28151673:A:G
22:28151825:A:G
22:28152639:A:G
22:28153856:A:C
22:28154618:G:T
22:28155332:C:CAA
22:28155404:C:T
22:28155963:T:TG
22:28157420:G:GA
22:28158649:C:T
22:28158912:C:T
22:28159376:A:G
22:28159534:G:T
22:28160074:C:T
22:28160972:G:T
22:28160984:C:G
22:28161410:A:AG
22:28163346:A:G
22:28163799:A:G
22:28164050:G:T
22:28165750:C:G
22:28166470:A:C
22:28168252:C:T
22:28168483:C:G
22:28169499:C:T
22:28169521:A:C
22:28169949:G:T
22:28170031:A:C
22:28170280:C:T
22:28170690:A:G
22:28170723:A:T
22:28171936:G:GA
22:28173014:A:G
22:28173521:T:TA
22:28174597:A:G
22:28174969:C:G
22:28175162:C:T
22:28176897:C:CTA
22:28179823:C:T
22:28181044:C:CCACA
22:28181741:C:CA
22:28186287:A:G
22:28186289:A:G
22:28186370:A:G
22:28186775:C:T
22:28187396:A:G
22:28188203:C:T
22:28190414:A:T
22:28190801:T:TG
22:28190805:G:T
22:28190809:G:T
22:28194933:T:TTGC
22:28201740:G:GCA
22:28201834:A:G
22:28204797:C:T
22:28206141:C:T
22:28206142:C:G
22:28206144:G:GT
22:28206147:A:G
22:28206400:A:C
22:28206912:A:C
22:28206959:C:T
22:28207630:G:T
22:28208528:C:G
22:28208729:A:G
22:28208794:C:T
22:28209666:A:T
22:28210254:A:G
22:28233331:A:G
22:28233386:A:G
22:28256019:A:G
22:28257368:A:C
22:28258700:G:T
22:28258708:C:T
22:28259620:C:G
22:28260721:A:T
22:28261630:A:G
22:28264081:C:T
22:28265503:C:CATTAAACAT
22:28267355:A:G
22:28267880:C:G
22:28268064:A:G
22:28268292:A:G
22:28268398:T:TAA
22:28268407:A:T
22:28268651:C:CT
22:28269507:A:T
22:28269546:C:T
22:28270119:A:G
22:28270372:G:T
22:28271622:A:AT
22:28271627:C:T
22:28272295:G:T
22:28272410:A:G
22:28272849:A:T
22:28273288:C:T
22:28275378:C:T
22:28275783:A:G
22:28276348:C:T
22:28276431:A:G
22:28277044:A:C
22:28279594:C:T
22:28280995:C:CT
22:28284061:A:T
22:28287465:A:G
22:28288136:C:T
22:28288161:C:T
22:28288487:A:G
22:28288512:C:G
22:28289275:C:CT
22:28289378:C:T
22:28289504:C:G
22:28293980:C:G
22:28294801:C:T
22:28295877:C:G
22:28296200:T:TA
22:28296640:C:T
22:28297881:A:C
22:28298336:A:G
22:28300490:C:T
22:28301743:C:T
22:28306303:C:T
22:28306607:C:T
22:28312557:A:T
22:28313583:A:C
22:28313988:A:G
22:28314330:C:G
22:28314902:C:G
22:28315257:A:G
22:28315268:C:T
22:28316227:A:G
22:28317118:G:T
22:28317401:A:C
22:28318032:A:G
22:28319278:A:G
22:28321217:C:T
22:28321438:C:G
22:28323693:A:G
22:28324379:A:G
22:28324866:A:G
22:28326657:A:G
22:28327259:C:T
22:28327264:A:G
22:28327887:C:T
22:28327948:G:GT
22:28328241:G:T
22:28328756:A:G
22:28329298:C:T
22:28330197:C:T
22:28332154:A:G
22:28333866:C:T
22:28334182:G:GACAGGGTCACTGCA
22:28334573:A:G
22:28335536:C:G
22:28336223:A:C
22:28336351:C:CT
22:28337711:A:C
22:28338216:C:T
22:28338246:A:G
22:28338378:C:G
22:28339333:A:G
22:28339350:C:T
22:28340015:A:G
22:28341053:C:T
22:28341443:C:T
22:28342386:A:C
22:28344121:A:G
22:28344525:A:G
22:28344979:A:G
22:28348833:A:G
22:28349827:C:G
22:28352585:A:G
22:28352846:C:G
22:28353433:C:T
22:28353576:A:G
22:28354419:C:T
22:28354695:C:T
22:28355449:C:T
22:28355872:A:G
22:28357674:A:G
22:28358102:A:G
22:28358649:C:T
22:28359711:A:G
22:28360374:C:T
22:28360401:A:G
22:28360869:A:G
22:28361063:C:T
22:28361403:A:G
22:28362400:A:G
22:28363050:A:G
22:28364454:A:G
22:28365151:C:T
22:28365155:A:G
22:28366363:C:T
22:28366472:C:T
22:28366967:A:G
22:28367708:A:T
22:28368096:C:T
22:28368266:C:T
22:28368473:C:T
22:28368694:C:CCT
22:28370541:C:T
22:28370572:C:G
22:28371485:C:T
22:28371541:C:T
22:28371656:C:T
22:28372703:C:T
22:28372834:C:T
22:28373568:T:TG
22:28373744:A:C
22:28374216:C:T
22:28374219:A:G
22:28375675:A:G
22:28376707:A:ATACT
22:28377083:G:T
22:28377175:G:GC
22:28377403:C:CAA
22:28379868:A:G
22:28380369:A:T
22:28380588:A:G
22:28380770:C:T
22:28381082:C:T
22:28381837:A:G
22:28382390:G:T
22:28383549:C:G
22:28385216:C:CCA
22:28386620:A:G
22:28388379:A:G
22:28388916:G:T
22:28389012:A:C
22:28389258:C:T
22:28389453:C:T
22:28390889:C:CCAGA
22:28391786:C:G
22:28393540:C:T
22:28395314:C:T
22:28395923:A:T
22:28396867:A:C
22:28397092:C:T
22:28397720:G:T
22:28397815:A:G
22:28400652:A:G
22:28401427:A:G
22:28402624:C:T
22:28403268:C:G
22:28404006:A:C
22:28404267:C:CA
22:28404269:T:TGGCCG
22:28404276:G:GCC
22:28405165:A:G
22:28405291:A:G
22:28405547:A:G
22:28407444:C:T
22:28407726:C:G
22:28408065:A:G
22:28408066:A:C
22:28408319:A:C
22:28408444:A:C
22:28408585:A:G
22:28409002:G:GCCAGAGAACAT
22:28409162:A:G
22:28409772:G:T
22:28411218:A:G
22:28411357:A:AT
22:28411407:T:TAAAAAAAA
22:28411585:A:AT
22:28411748:G:T
22:28411918:A:G
22:28412368:A:G
22:28413863:A:C
22:28414498:A:C
22:28416547:C:G
22:28416766:A:AAC
22:28418577:C:T
22:28421300:A:C
22:28422017:A:G
22:28423378:A:C
22:28423844:A:G
22:28424993:C:T
22:28425401:C:T
22:28426022:C:G
22:28427336:A:C
22:28428278:G:GTGTGTA
22:28429063:C:T
22:28429151:C:T
22:28430652:C:T
22:28433076:A:G
22:28436154:A:G
22:28436830:A:G
22:28437635:C:T
22:28438486:A:G
22:28438585:A:G
22:28439226:A:G
22:28442632:C:T
22:28443620:A:C
22:28444430:A:G
22:28444431:C:T
22:28445516:A:G
22:28447312:C:T
22:28447442:A:G
22:28449353:A:C
22:28449634:A:C
22:28450331:A:G
22:28454970:A:G
22:28455214:A:C
22:28455418:C:T
22:28456751:C:T
22:28457527:A:G
22:28457582:A:G
22:28459665:A:G
22:28460637:A:AC
22:28460766:C:T
22:28462318:C:T
22:28462756:A:G
22:28463340:A:G
22:28463372:A:T
22:28463376:A:G
22:28463696:A:G
22:28464952:C:T
22:28465604:A:G
22:28466685:C:T
22:28467486:C:T
22:28468059:C:T
22:28468142:C:T
22:28469117:C:T
22:28469570:C:G
22:28469630:A:G
22:28469795:C:T
22:28470382:A:G
22:28470623:G:T
22:28471075:C:CAATA
22:28471633:C:T
22:28471715:C:T
22:28472305:A:G
22:28473889:C:T
22:28477036:C:CTG
22:28477726:C:T
22:28477816:C:T
22:28477974:C:T
22:28478325:C:T
22:28478439:A:G
22:28480255:C:G
22:28480399:A:G
22:28480442:A:T
22:28480443:C:T
22:28480828:C:T
22:28481524:A:G
22:28481563:C:T
22:28483348:C:T
22:28484784:G:T
22:28485683:A:G
22:28485744:C:T
22:28485790:A:C
22:28486134:T:TA
22:28487192:C:T
22:28487474:C:T
22:28487731:C:G
22:28488295:C:T
22:28488450:A:G
22:28490357:A:C
22:28492151:C:G
22:28492990:A:G
22:28493429:A:C
22:28494756:C:T
22:28497820:A:G
22:28498144:C:G
22:28498648:A:G
22:28500159:C:G
22:28500281:C:T
22:28500731:C:T
22:28502064:A:T
22:28502867:A:C
22:28504183:A:G
22:28504258:A:G
22:28504756:C:T
22:28505128:A:G
22:28507096:C:T
22:28507516:A:AT
22:28507711:A:AT
22:28508025:C:T
22:28508216:A:C
22:28509307:A:AT
22:28509461:C:T
22:28510099:A:T
22:28510231:T:TC
22:28510237:C:T
22:28510642:A:G
22:28510690:A:C
22:28512835:C:T
22:28513986:A:C
22:28514035:A:G
22:28514066:C:T
22:28514109:A:G
22:28514922:G:T
22:28516858:G:GA
22:28518150:C:T
22:28519110:A:G
22:28519644:C:G
22:28521553:C:G
22:28532906:A:C
22:28535417:A:T
22:28537115:C:T
22:28541075:G:T
22:28541350:A:G
22:28543800:C:T
22:28543833:A:G
22:28545331:C:T
22:28545625:C:T
22:28546346:G:T
22:28547410:C:T
22:28548967:C:T
22:28552974:C:T
22:28553180:A:G
22:28554373:C:T
22:28554521:A:C
22:28555241:C:T
22:28558418:C:T
22:28558679:A:G
22:28559120:C:G
22:28560148:C:G
22:28560664:A:C
22:28562316:C:T
22:28563142:A:C
22:28563787:C:T
22:28564278:A:C
22:28564279:A:T
22:28567192:A:G
22:28570436:A:G
22:28574432:A:G
22:28577333:C:G
22:28578089:C:T
22:28578328:C:G
22:28579487:C:T
22:28579637:C:T
22:28580880:C:G
22:28581038:C:G
22:28581377:A:T
22:28582060:A:AT
22:28583474:A:ATACT
22:28583679:C:T
22:28583738:C:T
22:28584917:G:T
22:28586674:A:G
22:28588693:A:G
22:28589832:C:T
22:28590275:A:G
22:28593104:C:T
22:28593867:A:T
22:28594249:C:T
22:28596792:G:T
22:28603212:A:G
22:28603480:A:T
22:28606733:C:T
22:28608207:A:G
22:28610029:A:G
22:28612297:A:G
22:28615453:A:G
22:28616080:C:T
22:28616356:C:G
22:28618454:A:G
22:28620584:A:G
22:28620907:A:G
22:28620996:A:G
22:28621356:A:AAAG
22:28621782:C:T
22:28623309:C:T
22:28624319:C:T
22:28624425:C:T
22:28625005:A:G
22:28629415:C:T
22:28629713:C:T
22:28629932:C:T
22:28630787:G:T
22:28631208:G:GT
22:28631900:A:T
22:28633571:C:T
22:28634976:C:T
22:28635673:C:T
22:28636369:C:T
22:28636993:A:G
22:28637606:G:T
22:28639025:T:TAA
22:28643456:A:G
22:28643485:C:CT
22:28643510:A:G
22:28644379:A:G
22:28644717:A:G
22:28644881:A:C
22:28645300:C:T
22:28647371:C:T
22:28648645:A:G
22:28650480:C:CA
22:28652675:C:T
22:28653316:G:T
22:28653899:C:T
22:28654658:A:G
22:28657013:C:T
22:28657156:C:T
22:28661884:A:T
22:28666398:C:T
22:28666961:C:T
22:28669155:C:T
22:28672174:G:T
22:28672406:A:G
22:28675098:A:G
22:28676218:C:T
22:28676321:A:AT
22:28677386:T:TA
22:28679313:T:TAC
22:28684800:C:CA
22:28685716:A:T
22:28691681:A:G
22:28694210:C:T
22:28695230:T:TA
22:28699124:A:G
22:28699302:G:T
22:28700962:A:T
22:28700963:A:T
22:28704361:A:G
22:28708967:A:G
22:28709566:A:C
22:28717032:A:G
22:28717316:C:T
22:28718217:A:G
22:28719656:A:G
22:28721052:C:T
22:28721065:A:T
22:28721083:C:T
22:28722535:C:T
22:28722963:A:AACAC
22:28724789:A:T
22:28728344:A:G
22:28728983:C:T
22:28729767:A:T
22:28730128:C:T
22:28730175:C:T
22:28730445:C:T
22:28730876:C:G
22:28731998:C:G
22:28733131:A:C
22:28733209:C:G
22:28738568:T:TA
22:28739389:A:G
22:28739517:C:CA
22:28740583:C:T
22:28741745:A:G
22:28743259:G:GA
22:28750721:A:G
22:28750814:C:CT
22:28752505:A:G
22:28753833:A:G
22:28754648:A:G
22:28756581:A:G
22:28757265:C:T
22:28757306:C:T
22:28757526:A:C
22:28757950:C:T
22:28758396:C:CTCTT
22:28758426:G:T
22:28762034:C:T
22:28768139:A:G
22:28772817:C:T
22:28773088:T:TA
22:28773804:A:G
22:28774710:C:T
22:28775991:A:G
22:28776052:<INS:ME:ALU>:A
22:28780451:C:T
22:28782187:C:T
22:28783743:C:G
22:28784075:G:T
22:28784313:C:T
22:28786040:C:T
22:28786875:C:T
22:28787194:C:T
22:28787947:C:T
22:28791864:C:T
22:28792887:C:T
22:28794069:A:G
22:28795080:C:T
22:28795263:A:G
22:28795304:C:T
22:28797318:C:T
22:28798655:C:G
22:28798679:C:G
22:28799080:C:T
22:28800977:G:GT
22:28801009:A:G
22:28802478:A:G
22:28803391:C:T
22:28807277:C:T
22:28807625:C:T
22:28809737:T:TA
22:28811329:C:T
22:28811816:G:GC
22:28813465:A:C
22:28814890:A:G
22:28815629:A:C
22:28823505:A:AG
22:28833502:A:C
22:28834769:A:G
22:28838721:A:G
22:28841839:C:T
22:28843233:T:TA
22:28845498:G:T
22:28846580:A:T
22:28847006:C:T
22:28847273:A:G
22:28848205:A:G
22:28848278:C:T
22:28849749:A:G
22:28855023:A:G
22:28856429:A:AT
22:28856571:C:T
22:28856760:C:T
22:28857340:C:T
22:28858248:C:T
22:28859406:C:T
22:28860167:G:T
22:28863019:C:T
22:28869432:C:T
22:28871070:A:G
22:28873048:C:T
22:28876170:C:G
22:28877715:G:T
22:28882973:A:G
22:28885291:T:TA
22:28886116:A:G
22:28886805:C:T
22:28889735:A:C
22:28890561:G:T
22:28895265:A:C
22:28895412:G:T
22:28896546:A:G
22:28897619:C:T
22:28898127:A:G
22:28898464:T:TA
22:28898626:A:G
22:28899748:G:T
22:28902772:A:G
22:28903360:A:G
22:28904181:A:G
22:28907505:C:T
22:28908601:A:G
22:28912855:C:T
22:28913950:C:T
22:28914573:A:G
22:28916924:C:T
22:28918241:C:T
22:28919034:C:T
22:28919200:A:G
22:28920307:C:G
22:28920651:A:G
22:28921265:C:G
22:28923317:A:G
22:28923933:C:T
22:28925542:A:T
22:28927105:C:T
22:28927111:A:G
22:28927147:A:G
22:28927879:C:G
22:28928668:A:C
22:28932204:A:T
22:28933106:C:T
22:28933281:A:AAAAAT
22:28934313:C:T
22:28935732:C:CAAG
22:28940864:C:T
22:28942227:C:T
22:28942366:A:G
22:28943477:C:T
22:28945172:C:T
22:28949471:A:G
22:28949727:A:G
22:28952352:A:T
22:28952823:A:G
22:28964032:A:G
22:28964906:A:G
22:28966048:C:T
22:28966474:A:G
22:28969353:A:G
22:28972531:A:G
22:28983210:A:G
22:28983595:A:T
22:28984447:G:T
22:28985326:C:T
22:28985428:C:T
22:28987988:A:G
22:28988260:A:G
22:28989246:C:G
22:28989457:C:CTAGG
22:28990275:C:T
22:28993331:A:C
22:28993756:A:G
22:28997765:G:GAC
22:28998821:C:T
22:28999363:C:CT
22:28999369:C:T
22:28999890:C:T
22:29000057:C:T
22:29000285:T:TTA
22:29001789:C:T
22:29002083:G:T
22:29002278:C:T
22:29004821:A:G
22:29004881:A:C
22:29005246:A:G
22:29005302:A:C
22:29005595:C:T
22:29007653:G:T
22:29007850:A:G
22:29008626:A:G
22:29009668:C:T
22:29009939:A:G
22:29012600:A:G
22:29014603:C:G
22:29015590:G:T
22:29015603:C:T
22:29016057:C:T
22:29016328:A:T
22:29018524:G:GAAT
22:29018815:A:AT
22:29020291:A:G
22:29020756:C:G
22:29022172:C:T
22:29022188:C:T
22:29024303:G:T
22:29024691:A:G
22:29024730:C:T
22:29028132:C:T
22:29028954:G:GA
22:29029033:A:C
22:29029190:C:T
22:29029268:C:CA
22:29030430:A:G
22:29030571:C:CT
22:29033189:A:G
22:29033210:C:G
22:29033308:C:G
22:29033458:C:T
22:29033545:C:T
22:29035204:A:ATAAG
22:29036300:A:AGG
22:29037864:A:C
22:29038421:T:TA
22:29039615:G:T
22:29039953:G:T
22:29040802:A:C
22:29040821:C:T
22:29041339:C:CG
22:29042025:A:G
22:29042079:A:G
22:29044360:A:G
22:29045212:A:C
22:29045233:C:T
22:29045745:C:T
22:29045930:C:T
22:29046240:A:T
22:29050403:C:G
22:29051826:A:G
22:29052951:C:T
22:29053009:A:C
22:29053727:C:T
22:29054875:C:G
22:29055790:A:AT
22:29058321:C:T
22:29058409:C:T
22:29059133:A:G
22:29059337:A:AG
22:29059668:A:G
22:29068539:C:T
22:29069423:C:G
22:29070251:C:T
22:29072089:G:GA
22:29072864:A:C
22:29072917:C:T
22:29074398:C:T
22:29075122:G:T
22:29075319:C:G
22:29075977:A:G
22:29076149:C:T
22:29076344:A:G
22:29076637:A:G
22:29078698:G:T
22:29079353:C:T
22:29084385:A:G
22:29085792:A:G
22:29085810:A:G
22:29086354:C:T
22:29086940:T:TG
22:29087041:C:T
22:29087446:A:G
22:29087818:A:G
22:29087829:C:G
22:29088123:C:T
22:29088590:C:T
22:29088819:C:G
22:29089095:A:C
22:29090481:C:G
22:29090890:A:G
22:29091037:C:G
22:29092181:C:T
22:29092720:C:T
22:29093278:C:T
22:29094376:G:T
22:29095634:A:AC
22:29096361:A:G
22:29097942:A:AT
22:29098221:A:AT
22:29098576:C:G
22:29100711:C:T
22:29100889:A:C
22:29101066:C:CT
22:29101357:A:G
22:29101600:A:G
22:29101636:A:G
22:29101829:A:G
22:29102335:A:T
22:29102645:A:G
22:29103217:A:G
22:29103453:A:C
22:29103606:A:T
22:29103911:A:G
22:29103991:A:AT
22:29104955:A:C
22:29104959:A:C
22:29105415:C:G
22:29105527:A:C
22:29105558:A:G
22:29105610:C:T
22:29106174:A:G
22:29106733:C:T
22:29106945:C:G
22:29107195:A:G
22:29108082:G:GTATTAGAATTTACAGACATTCC
22:29108112:A:C
22:29108556:A:T
22:29110002:C:T
22:29110759:C:G
22:29111384:T:TTTTTATTTATTTATTTATTTAT
22:29113143:G:GATC
22:29115035:C:T
22:29115066:C:T
22:29116080:A:AT
22:29117216:A:T
22:29117308:A:C
22:29118327:A:G
22:29119220:C:G
22:29120400:A:C
22:29120797:A:G
22:29121760:C:G
22:29123238:A:C
22:29126770:C:T
22:29127224:A:T
22:29127402:C:T
22:29127412:A:C
22:29128497:C:T
22:29129741:C:T
22:29130012:C:T
22:29130300:C:T
22:29131129:C:T
22:29131426:A:T
22:29131788:C:T
22:29134719:A:G
22:29135358:C:CT
22:29135543:A:G
22:29135889:C:T
22:29142286:A:G
22:29142977:A:G
22:29143393:A:G
22:29144500:G:T
22:29144893:C:T
22:29145116:A:G
22:29145132:G:GA
22:29145411:C:T
22:29145539:C:T
22:29146002:C:T
22:29146235:C:CAAAAAAAAA
22:29146503:A:G
22:29147551:C:T
22:29149039:C:G
22:29149473:A:G
22:29149550:A:G
22:29149625:A:G
22:29149887:C:G
22:29150044:C:T
22:29150132:A:AC
22:29150787:A:AT
22:29151018:A:G
22:29151137:A:G
22:29151226:A:G
22:29151760:A:G
22:29152965:A:G
22:29153547:C:T
22:29154237:A:G
22:29154455:A:G
22:29154603:A:G
22:29154732:T:TA
22:29157024:A:ATT
22:29157875:C:T
22:29159735:C:CT
22:29160314:A:G
22:29160437:A:G
22:29161007:C:T
22:29161013:A:G
22:29162519:G:GA
22:29162940:A:G
22:29163311:A:G
22:29163587:T:TTTTA
22:29164170:A:G
22:29164171:C:T
22:29164624:A:T
22:29164626:A:T
22:29164627:A:T
22:29165766:C:T
22:29165866:A:C
22:29166224:A:C
22:29166241:C:T
22:29166674:C:CT
22:29166779:T:TCTC
22:29166830:C:G
22:29166856:A:G
22:29167119:C:T
22:29167222:A:G
22:29167536:C:CT
22:29168208:G:T
22:29168339:A:G
22:29168587:C:G
22:29169133:A:ACT
22:29169290:A:C
22:29169420:G:T
22:29171244:A:G
22:29171298:A:G
22:29171335:A:G
22:29172575:A:AT
22:29172898:G:T
22:29173022:G:GT
22:29173121:G:T
22:29173126:A:T
22:29173232:C:T
22:29173349:C:CATT
22:29173497:C:T
22:29173898:G:T
22:29174423:C:T
22:29174770:A:C
22:29174790:A:G
22:29175057:T:TCTC
22:29175179:A:ATACT
22:29175213:A:G
22:29175243:G:T
22:29175274:C:T
22:29175873:A:G
22:29177200:C:T
22:29177328:G:T
22:29178314:A:G
22:29179739:A:C
22:29179998:C:T
22:29181165:C:CTTGTT
22:29181165:C:CTTGTTTTGTT
22:29181384:C:T
22:29181868:A:G
22:29185684:T:TAAAA
22:29185860:C:T
22:29186026:A:G
22:29186531:G:T
22:29187380:G:T
22:29187419:C:T
22:29188041:A:T
22:29188552:T:TA
22:29189332:T:TCCTG
22:29189446:A:G
22:29189984:A:ATAAC
22:29191879:C:T
22:29194599:C:CT
22:29196043:C:CT
22:29196306:A:G
22:29196526:A:G
22:29196757:C:G
22:29197384:A:AT
22:29198151:G:T
22:29199258:A:C
22:29199790:G:T
22:29201217:A:G
22:29201277:A:G
22:29202063:A:G
22:29202254:A:G
22:29203314:C:T
22:29203402:A:G
22:29203964:A:G
22:29204320:A:AT
22:29204610:G:T
22:29204886:A:C
22:29205024:C:T
22:29205076:A:G
22:29206616:C:CA
22:29207296:A:G
22:29207492:C:T
22:29208774:C:T
22:29208838:A:C
22:29208952:C:G
22:29210268:A:AT
22:29212115:C:CT
22:29213446:A:G
22:29215249:A:C
22:29215449:A:G
22:29216603:A:G
22:29217368:C:CT
22:29219122:A:C
22:29223169:A:G
22:29223642:A:G
22:29224844:C:G
22:29224854:G:T
22:29224862:C:T
22:29225457:A:G
22:29225500:A:G
22:29225603:A:T
22:29226189:A:T
22:29227971:A:G
22:29228130:C:T
22:29228484:C:G
22:29230772:C:T
22:29232862:G:T
22:29232904:C:CA
22:29232992:C:T
22:29233156:A:AC
22:29233262:C:T
22:29233342:C:T
22:29233924:A:G
22:29234407:G:GAGAA
22:29234499:C:G
22:29234593:C:T
22:29234647:C:G
22:29236691:C:T
22:29237026:C:CA
22:29238957:G:GA
22:29239629:A:AAG
22:29240437:G:GGAA
22:29240536:C:T
22:29241195:C:T
22:29243689:C:CT
22:29243817:A:C
22:29243955:C:T
22:29244191:C:CATTTATTT
22:29245611:C:T
22:29245938:C:G
22:29246278:C:T
22:29247594:A:AT
22:29247801:C:T
22:29249122:C:T
22:29250505:G:T
22:29250714:C:CT
22:29251962:G:T
22:29252365:A:C
22:29252732:A:G
22:29252962:C:CT
22:29253011:A:G
22:29253495:A:G
22:29254856:A:G
22:29255570:C:T
22:29255847:A:G
22:29256015:C:CTT
22:29256258:C:T
22:29256666:A:G
22:29256932:C:CT
22:29257046:A:G
22:29257147:A:G
22:29257433:A:G
22:29257746:A:G
22:29258140:A:T
22:29258509:C:G
22:29258551:G:T
22:29258713:A:G
22:29260122:C:CA
22:29262525:A:G
22:29265512:A:T
22:29266025:A:G
22:29266309:C:CG
22:29269658:C:G
22:29269692:A:G
22:29269808:A:G
22:29269991:A:G
22:29270655:A:G
22:29271638:C:G
22:29272328:A:T
22:29272878:A:G
22:29273028:G:T
22:29274597:C:T
22:29275292:C:CT
22:29276163:C:CTGTG
22:29276747:A:G
22:29277549:C:T
22:29279991:C:T
22:29281710:A:G
22:29281918:C:CA
22:29283036:A:G
22:29283151:A:G
22:29283518:A:G
22:29283757:C:T
22:29283952:A:AT
22:29286180:C:T
22:29286753:T:TC
22:29287730:C:T
22:29287816:G:T
22:29288639:A:G
22:29289346:A:C
22:29290326:C:CT
22:29290680:A:C
22:29290981:C:T
22:29291112:C:G
22:29291395:C:T
22:29292135:C:T
22:29292226:A:G
22:29295677:C:T
22:29295680:T:TC
22:29299209:C:T
22:29299571:A:G
22:29299806:C:T
22:29302906:A:G
22:29303137:A:G
22:29303595:C:G
22:29304200:A:T
22:29304253:C:T
22:29305061:G:T
22:29305938:C:G
22:29307859:C:G
22:29308797:C:T
22:29311706:A:G
22:29312053:A:G
22:29312357:A:AT
22:29314526:A:G
22:29314636:C:T
22:29314899:C:T
22:29316123:A:AT
22:29316325:C:CTT
22:29316529:A:G
22:29318299:A:G
22:29321839:A:T
22:29324545:A:G
22:29327347:A:G
22:29327907:A:G
22:29327977:C:T
22:29333123:C:T
22:29336484:C:CT
22:29338235:C:T
22:29340914:C:CAAAT
22:29345890:C:T
22:29351030:G:T
22:29360297:A:G
22:29361159:A:G
22:29363344:C:T
22:29363926:A:G
22:29366133:C:T
22:29366418:A:G
22:29369398:A:C
22:29369426:A:T
22:29371843:C:CA
22:29379557:C:T
22:29379731:A:C
22:29379891:C:T
22:29380119:T:TA
22:29380120:A:T
22:29380255:C:T
22:29382386:A:G
22:29382831:A:G
22:29383927:C:T
22:29384656:G:T
22:29387370:A:G
22:29387635:C:T
22:29390049:A:G
22:29390624:A:G
22:29393195:C:T
22:29397787:T:TTATC
22:29398377:A:C
22:29398459:A:G
22:29399737:A:C
22:29401333:A:G
22:29401498:A:G
22:29402201:C:CT
22:29402314:A:G
22:29402489:C:T
22:29402845:A:T
22:29402848:G:T
22:29403050:A:C
22:29403739:C:T
22:29404054:A:G
22:29404651:A:G
22:29404706:G:T
22:29405955:C:T
22:29405956:G:T
22:29406055:C:T
22:29406076:G:T
22:29406178:C:T
22:29406460:C:T
22:29406468:A:G
22:29406649:G:GT
22:29406772:C:T
22:29406803:G:T
22:29408419:C:T
22:29408594:A:G
22:29409966:C:T
22:29410104:C:T
22:29410232:A:C
22:29410675:A:T
22:29411267:A:G
22:29411615:A:G
22:29411657:A:C
22:29411864:C:T
22:29412018:A:C
22:29412257:C:T
22:29412327:A:T
22:29412416:T:TCTA
22:29413305:A:G
22:29413785:A:G
22:29414001:A:G
22:29416751:G:T
22:29416761:G:T
22:29416775:G:GT
22:29417039:C:G
22:29417225:A:T
22:29417296:A:C
22:29417478:C:CT
22:29418163:A:T
22:29418209:A:G
22:29418621:G:T
22:29418627:C:T
22:29418658:C:T
22:29418669:A:T
22:29418858:G:T
22:29419062:C:T
22:29419987:A:G
22:29420482:A:G
22:29420961:C:T
22:29421234:C:T
22:29421552:C:CT
22:29422855:C:T
22:29422908:C:T
22:29423265:T:TC
22:29423293:A:G
22:29423652:C:T
22:29425749:C:T
22:29427200:A:G
22:29427329:C:T
22:29429561:C:G
22:29429997:C:T
22:29430848:C:T
22:29430987:C:CTTT
22:29431121:C:T
22:29431626:C:T
22:29431863:C:T
22:29432722:A:G
22:29433095:C:T
22:29435397:A:C
22:29435896:A:G
22:29438327:A:T
22:29438754:A:AG
22:29438785:C:T
22:29439036:C:T
22:29439201:A:G
22:29439939:A:T
22:29441350:C:CA
22:29443709:A:G
22:29446611:A:C
22:29446975:C:T
22:29448408:C:T
22:29448643:C:T
22:29449477:A:G
22:29450840:T:TC
22:29450923:A:G
22:29451671:A:G
22:29451793:G:T
22:29451796:T:TTTTTG
22:29452094:C:CT
22:29452278:A:G
22:29452310:A:G
22:29453027:A:G
22:29453193:C:G
22:29453442:T:TA
22:29454029:A:G
22:29454477:C:T
22:29454778:A:G
22:29455687:C:CCTT
22:29457582:A:G
22:29458341:A:G
22:29458441:A:G
22:29458788:A:G
22:29461150:A:T
22:29461418:G:GA
22:29461790:C:T
22:29462042:C:CT
22:29462054:G:T
22:29462619:G:T
22:29463221:A:G
22:29463381:C:T
22:29463644:C:G
22:29464045:C:CAACATATCA
22:29464223:C:T
22:29464298:A:G
22:29464515:C:T
22:29464739:A:G
22:29464747:C:CTTTTTT
22:29464901:C:T
22:29465931:C:CTT
22:29466201:C:T
22:29466875:A:G
22:29467105:A:G
22:29467221:A:G
22:29468393:A:AG
22:29468456:C:T
22:29469130:A:C
22:29470115:A:G
22:29471323:A:G
22:29472709:A:G
22:29472863:A:G
22:29472884:C:T
22:29473495:G:T
22:29473884:A:G
22:29473896:A:T
22:29474077:A:G
22:29474277:G:T
22:29474482:A:AAAG
22:29475124:A:G
22:29475583:C:T
22:29476464:C:CA
22:29476769:A:G
22:29477384:G:T
22:29477692:A:C
22:29477841:G:T
22:29478079:T:TC
22:29478085:T:TTATCTCCTTTTCATCTAACTGA
22:29478374:C:T
22:29478760:C:T
22:29478831:G:T
22:29479090:G:T
22:29479193:A:G
22:29479231:C:G
22:29479884:G:T
22:29479890:A:C
22:29480131:A:AT
22:29480317:T:TG
22:29480400:A:T
22:29480742:A:G
22:29480749:A:T
22:29480905:A:G
22:29480946:A:G
22:29480952:A:G
22:29481188:A:G
22:29481605:G:T
22:29481878:A:G
22:29481897:C:T
22:29481919:A:G
22:29482014:G:GTT
22:29482155:G:T
22:29482221:C:T
22:29482676:C:T
22:29482725:A:G
22:29483060:A:G
22:29483558:G:GT
22:29483583:A:G
22:29483920:C:G
22:29484294:T:TACAC
22:29484348:A:G
22:29484425:G:T
22:29484610:A:G
22:29485794:A:G
22:29486264:A:G
22:29486390:C:G
22:29486480:A:G
22:29486779:A:T
22:29487725:C:G
22:29488085:A:G
22:29489138:A:C
22:29489399:C:G
22:29489617:G:T
22:29490497:A:G
22:29490637:C:G
22:29490783:C:T
22:29490873:A:C
22:29490886:A:G
22:29490956:C:G
22:29491514:A:T
22:29491628:A:G
22:29491780:C:T
22:29492258:A:G
22:29492519:A:G
22:29492530:A:C
22:29492744:A:AAC
22:29493470:C:T
22:29493764:C:T
22:29494148:C:T
22:29494593:A:G
22:29494624:C:G
22:29495079:A:G
22:29495254:A:G
22:29495373:C:T
22:29495392:C:G
22:29495610:C:T
22:29496077:C:T
22:29496082:C:CT
22:29496293:A:G
22:29496303:A:G
22:29496402:A:G
22:29498118:A:G
22:29498988:A:G
22:29499083:A:G
22:29499108:C:T
22:29499810:A:G
22:29500811:A:G
22:29501278:G:T
22:29502206:C:CT
22:29502547:C:T
22:29503191:C:T
22:29503887:C:T
22:29504442:G:T
22:29508572:A:G
22:29509142:C:T
22:29509304:A:C
22:29509716:C:T
22:29509735:A:T
22:29510450:C:T
22:29510691:C:T
22:29511180:C:CA
22:29511189:C:T
22:29512730:C:G
22:29513326:C:T
22:29516489:A:T
22:29517463:G:T
22:29517987:C:T
22:29518216:C:T
22:29518710:A:G
22:29519142:C:T
22:29519375:C:T
22:29521071:C:G
22:29523204:C:G
22:29524534:A:G
22:29525694:C:T
22:29525869:C:G
22:29527059:A:G
22:29527584:A:G
22:29527758:A:G
22:29529148:A:G
22:29529656:G:T
22:29532971:A:G
22:29533136:G:T
22:29533210:A:G
22:29533275:C:T
22:29533499:A:G
22:29533572:C:G
22:29535810:C:T
22:29535861:C:G
22:29537065:C:G
22:29537124:C:T
22:29537287:C:CTG
22:29537467:A:G
22:29540588:A:G
22:29541633:A:G
22:29541697:C:T
22:29542864:A:G
22:29542865:C:T
22:29542915:A:G
22:29543307:A:G
22:29544533:A:C
22:29544839:C:T
22:29546181:C:G
22:29546892:C:T
22:29548079:A:G
22:29548088:C:T
22:29548727:C:G
22:29548896:A:G
22:29549520:A:T
22:29549797:C:T
22:29550628:C:T
22:29550810:G:GAAAAGAA
22:29550970:C:T
22:29551006:G:GA
22:29551098:A:AT
22:29552332:C:G
22:29552532:T:TGGAATGCTCTCCGCACA
22:29553007:A:T
22:29553039:A:G
22:29553955:A:G
22:29554183:A:C
22:29554819:A:T
22:29555050:C:T
22:29555389:A:T
22:29555901:C:CT
22:29556054:C:T
22:29556319:C:G
22:29556513:C:G
22:29556739:A:G
22:29560954:A:G
22:29561102:A:T
22:29562850:C:G
22:29564340:C:G
22:29564623:C:CA
22:29566978:C:T
22:29567843:A:G
22:29567993:A:AG
22:29568740:A:T
22:29568762:A:G
22:29569519:C:G
22:29569567:C:T
22:29572285:A:G
22:29572766:C:T
22:29572969:C:T
22:29573165:C:T
22:29573476:A:G
22:29576872:A:G
22:29577109:G:T
22:29578357:A:AAAC
22:29578396:C:T
22:29578397:A:G
22:29578578:A:G
22:29578851:A:G
22:29579374:T:TA
22:29579392:G:T
22:29580444:A:G
22:29583608:A:G
22:29583961:C:T
22:29585080:A:G
22:29585640:C:T
22:29586537:A:G
22:29588634:A:G
22:29589079:A:C
22:29591445:C:G
22:29591713:G:T
22:29591957:A:G
22:29593067:G:T
22:29595281:C:T
22:29596033:C:T
22:29596440:A:T
22:29596503:A:G
22:29596724:A:G
22:29597341:A:C
22:29597544:G:T
22:29598483:C:T
22:29603746:C:T
22:29604310:C:T
22:29605571:A:G
22:29606239:A:AT
22:29607927:T:TA
22:29613439:C:T
22:29613930:A:G
22:29614303:C:T
22:29614929:C:T
22:29616014:A:G
22:29617320:A:G
22:29619036:C:T
22:29620325:A:C
22:29621989:A:G
22:29622636:A:G
22:29622977:A:T
22:29624040:A:G
22:29624582:C:T
22:29624881:A:T
22:29625632:C:CA
22:29625911:A:G
22:29626190:C:T
22:29626613:C:T
22:29626793:A:T
22:29626802:A:G
22:29626860:A:G
22:29627431:A:AC
22:29627536:C:G
22:29628096:C:G
22:29628806:A:G
22:29630337:A:G
22:29630564:C:T
22:29630891:A:G
22:29631092:C:T
22:29631337:C:CAA
22:29632258:A:C
22:29632407:C:T
22:29632557:A:G
22:29632731:C:T
22:29633059:C:T
22:29633075:C:G
22:29634708:A:ATT
22:29635897:C:T
22:29636002:A:G
22:29636141:A:T
22:29636713:A:T
22:29636985:C:T
22:29637093:C:CTA
22:29637244:C:T
22:29637625:A:G
22:29637939:A:G
22:29638387:A:T
22:29639090:C:T
22:29639135:C:CT
22:29639161:A:G
22:29640019:C:T
22:29640309:A:G
22:29640651:A:G
22:29640720:A:T
22:29641018:C:T
22:29641058:C:CT
22:29641095:C:G
22:29641278:A:G
22:29641327:C:T
22:29641551:C:T
22:29641695:C:T
22:29641741:G:T
22:29641997:A:G
22:29642111:A:G
22:29642365:A:G
22:29642492:A:G
22:29642588:A:G
22:29643294:A:G
22:29643421:A:G
22:29643659:A:G
22:29644248:C:CTTT
22:29644807:G:GC
22:29645264:C:G
22:29645375:A:G
22:29645386:A:G
22:29645400:C:T
22:29645656:G:T
22:29645757:C:G
22:29645776:A:G
22:29646095:A:G
22:29646275:A:G
22:29646439:A:C
22:29646550:C:CT
22:29647127:A:G
22:29647215:C:T
22:29647263:G:T
22:29647784:A:G
22:29647854:A:G
22:29648165:C:T
22:29648274:C:T
22:29648351:G:T
22:29648604:A:T
22:29649298:A:G
22:29649310:A:G
22:29649342:C:T
22:29649476:C:CAGG
22:29652158:A:G
22:29653929:G:T
22:29655371:C:T
22:29655416:C:T
22:29657604:C:T
22:29659960:C:T
22:29664423:A:G
22:29664906:C:T
22:29669648:C:G
22:29669693:C:T
22:29670939:C:T
22:29671924:G:GT
22:29672980:G:GGTT
22:29674813:C:CA
22:29677164:A:G
22:29677967:A:C
22:29679683:A:AT
22:29679684:A:T
22:29679713:A:G
22:29681216:A:G
22:29682139:G:GT
22:29685711:C:T
22:29685752:A:G
22:29688632:G:T
22:29689837:A:G
22:29690246:A:G
22:29691382:A:T
22:29692497:G:T
22:29693640:A:G
22:29694312:A:G
22:29694483:C:T
22:29695929:G:T
22:29695998:T:TCACCCCTTCCCATTCTAACCGA
22:29696068:T:TC
22:29698185:G:GC
22:29699754:C:CGTGT
22:29700536:C:G
22:29700688:C:CTG
22:29702139:C:T
22:29702654:A:C
22:29702748:C:G
22:29702910:A:T
22:29703409:C:G
22:29704125:C:T
22:29705927:A:G
22:29706252:A:T
22:29707955:A:T
22:29708796:C:CT
22:29709663:G:GC
22:29710325:C:T
22:29710360:C:T
22:29717109:C:T
22:29717716:A:G
22:29717802:A:G
22:29718321:C:T
22:29719049:C:CAAG
22:29719167:G:T
22:29720408:A:C
22:29721161:A:G
22:29724792:C:T
22:29725893:C:T
22:29727866:C:T
22:29728783:C:T
22:29728854:A:T
22:29730002:C:T
22:29730625:A:G
22:29732031:A:G
22:29732981:C:T
22:29734696:G:T
22:29734797:A:G
22:29735310:C:T
22:29737823:C:T
22:29738546:C:T
22:29741527:A:AT
22:29742841:C:T
22:29743482:C:T
22:29743779:C:T
22:29746253:C:T
22:29748859:A:G
22:29753051:G:GTTTT
22:29753322:A:G
22:29753677:G:GT
22:29757242:C:T
22:29758214:C:T
22:29758235:C:T
22:29758391:A:T
22:29758580:C:T
22:29758817:A:G
22:29759188:C:G
22:29759444:C:G
22:29759526:A:G
22:29760139:A:G
22:29761232:C:T
22:29761578:C:T
22:29761650:C:G
22:29762240:A:G
22:29762369:A:G
22:29762714:A:G
22:29763451:C:T
22:29765382:A:T
22:29766304:A:T
22:29766334:C:T
22:29766895:C:T
22:29767034:A:G
22:29767925:A:G
22:29769626:A:G
22:29769699:C:G
22:29770274:G:GAAAT
22:29771196:C:CG
22:29771912:C:T
22:29772391:C:G
22:29772645:T:TG
22:29773325:C:T
22:29774736:C:T
22:29775023:A:C
22:29775140:C:G
22:29776050:C:T
22:29776323:C:G
22:29776857:C:T
22:29777291:A:G
22:29777504:C:T
22:29777581:A:C
22:29778070:C:T
22:29778719:A:C
22:29780812:A:G
22:29780884:A:T
22:29781445:G:T
22:29784786:C:G
22:29785597:C:T
22:29785783:G:GT
22:29785918:A:G
22:29786366:G:T
22:29789021:C:T
22:29789673:T:TAG
22:29790325:T:TTTTTG
22:29792473:A:G
22:29792964:C:T
22:29793525:C:G
22:29793641:A:G
22:29794913:G:T
22:29795249:C:CA
22:29798651:A:G
22:29798811:C:G
22:29799005:C:T
22:29800281:C:T
22:29801990:C:T
22:29802046:C:T
22:29802801:A:C
22:29803108:C:G
22:29804939:C:T
22:29804950:T:TA
22:29805622:A:G
22:29806222:A:C
22:29806304:G:GAT
22:29806345:A:AT
22:29806361:C:CTA
22:29806429:A:C
22:29806488:A:AC
22:29806786:C:T
22:29807855:A:C
22:29808515:G:T
22:29808864:C:T
22:29809451:C:T
22:29809901:A:T
22:29810475:A:G
22:29810922:C:T
22:29812076:A:C
22:29812464:C:T
22:29812853:A:G
22:29813083:G:T
22:29813117:C:G
22:29813156:C:T
22:29813161:C:T
22:29813225:C:T
22:29813804:C:T
22:29814381:A:G
22:29814395:C:T
22:29817689:C:T
22:29818708:G:T
22:29818816:A:T
22:29818818:A:T
22:29819739:A:T
22:29820029:C:T
22:29820645:T:TAA
22:29821106:C:T
22:29821113:A:G
22:29821849:C:T
22:29822255:A:T
22:29822311:C:CA
22:29822713:A:G
22:29822763:A:G
22:29824124:A:G
22:29824176:A:G
22:29824843:A:G
22:29825057:C:T
22:29826612:C:T
22:29827679:C:CT
22:29828040:C:T
22:29828285:C:T
22:29828751:A:C
22:29829022:A:G
22:29829333:C:G
22:29829990:T:TCA
22:29831208:A:G
22:29831277:A:G
22:29831712:G:GA
22:29832394:A:G
22:29832754:A:C
22:29832775:A:T
22:29832970:A:G
22:29833469:A:G
22:29833639:C:G
22:29834085:A:AC
22:29834364:A:G
22:29834766:A:G
22:29835413:C:G
22:29835552:G:T
22:29835722:A:G
22:29835987:C:T
22:29836569:A:T
22:29836687:A:G
22:29836926:C:T
22:29837198:C:CA
22:29837286:A:G
22:29837884:C:T
22:29838203:A:T
22:29838962:A:AAC
22:29839168:C:T
22:29839659:A:T
22:29839847:G:T
22:29840180:C:T
22:29840302:C:T
22:29840367:A:G
22:29840485:A:AT
22:29840677:A:G
22:29842729:C:T
22:29843123:A:G
22:29843254:C:T
22:29843932:C:T
22:29844314:G:T
22:29844884:A:G
22:29845338:C:CA
22:29845703:A:C
22:29845921:A:G
22:29846339:A:G
22:29846482:C:T
22:29846987:C:CA
22:29847050:C:CACAG
22:29847069:A:G
22:29847576:C:T
22:29847722:A:C
22:29848430:C:T
22:29848481:G:T
22:29848626:A:G
22:29849429:A:G
22:29849482:A:AAAT
22:29850334:A:T
22:29851172:A:G
22:29851315:C:T
22:29851678:A:AT
22:29851771:G:T
22:29851966:C:T
22:29852474:A:G
22:29852575:C:CCT
22:29853526:C:T
22:29853562:C:T
22:29853821:A:G
22:29854228:C:CT
22:29854579:A:G
22:29855327:A:G
22:29855489:C:T
22:29855836:C:T
22:29856079:A:G
22:29856892:C:T
22:29856916:T:TA
22:29857664:C:T
22:29857859:C:G
22:29859314:C:CA
22:29859506:C:T
22:29860811:C:T
22:29860870:C:G
22:29861218:C:CT
22:29861840:C:T
22:29862247:A:G
22:29862948:C:T
22:29863152:C:T
22:29863922:C:T
22:29864673:C:T
22:29866594:G:T
22:29868855:C:G
22:29874250:A:G
22:29874756:C:G
22:29877417:C:T
22:29877557:C:T
22:29877625:A:G
22:29880049:A:G
22:29880261:A:G
22:29880773:A:G
22:29880914:C:T
22:29881214:C:T
22:29881468:A:G
22:29881828:C:T
22:29882973:C:T
22:29883119:T:TAGTC
22:29883458:C:CA
22:29883768:C:CACTT
22:29883892:G:T
22:29884277:C:T
22:29884567:C:T
22:29885473:C:T
22:29885861:C:T
22:29886043:A:C
22:29886413:A:G
22:29886893:G:T
22:29887186:C:G
22:29887623:C:T
22:29888119:C:T
22:29888160:C:CAAA
22:29888794:C:T
22:29889201:A:G
22:29889562:C:T
22:29889650:A:G
22:29890066:C:T
22:29890307:T:TAAAC
22:29890337:C:T
22:29890340:A:G
22:29890403:C:T
22:29891002:C:T
22:29891274:C:G
22:29891528:C:T
22:29891529:A:G
22:29891530:C:G
22:29891533:G:T
22:29891539:A:G
22:29891542:A:C
22:29891550:C:T
22:29891638:C:G
22:29891925:C:T
22:29892032:A:C
22:29892162:A:G
22:29892387:G:GAA
22:29892779:C:T
22:29893033:A:T
22:29894102:T:TC
22:29894210:A:G
22:29894362:C:T
22:29894453:A:G
22:29894805:C:G
22:29895449:C:T
22:29895510:G:T
22:29896474:A:G
22:29897046:G:GAAGAA
22:29897444:C:T
22:29897789:A:T
22:29897821:A:T
22:29898150:A:ACT
22:29898187:C:T
22:29898199:C:T
22:29898319:A:G
22:29899724:A:G
22:29900341:A:AAGG
22:29900513:G:T
22:29900663:A:T
22:29900669:A:T
22:29900856:C:G
22:29900963:C:T
22:29901996:A:G
22:29902037:C:T
22:29902192:A:C
22:29902382:A:C
22:29902849:A:ATTTC
22:29902920:A:G
22:29903207:C:G
22:29904519:C:T
22:29905051:A:G
22:29905277:A:G
22:29905735:C:G
22:29906701:C:T
22:29907850:G:T
22:29908072:C:T
22:29908849:G:T
22:29909480:C:T
22:29909940:A:AT
22:29910095:A:G
22:29910227:C:T
22:29910790:A:G
22:29912136:G:GA
22:29912159:A:G
22:29912430:A:G
22:29912885:A:G
22:29913572:C:T
22:29913801:A:C
22:29915144:C:T
22:29915406:A:G
22:29915623:C:CT
22:29915797:A:G
22:29918183:C:CA
22:29918482:C:T
22:29920298:A:T
22:29920819:A:C
22:29921087:A:C
22:29922042:C:CTACTAGG
22:29922390:A:G
22:29923084:A:G
22:29923356:C:T
22:29924212:C:T
22:29925284:C:T
22:29926131:C:CA
22:29927243:G:T
22:29927598:C:T
22:29927704:C:T
22:29928477:A:C
22:29928932:A:G
22:29928948:C:G
22:29929627:A:G
22:29929744:A:G
22:29930064:C:T
22:29930578:A:C
22:29932438:A:C
22:29933287:A:G
22:29933572:C:T
22:29933627:C:T
22:29933837:A:G
22:29933875:C:T
22:29934837:C:T
22:29935704:A:G
22:29935773:A:G
22:29936520:G:T
22:29936832:A:C
22:29936982:C:G
22:29937239:A:C
22:29937268:G:T
22:29937435:G:T
22:29937608:C:T
22:29938677:C:T
22:29939683:C:T
22:29940949:A:G
22:29941028:A:G
22:29942208:A:G
22:29942252:G:T
22:29942297:A:G
22:29942306:A:G
22:29942541:T:TGGAGATTACA
22:29942993:C:T
22:29943125:A:G
22:29944413:A:G
22:29944552:A:T
22:29944801:A:T
22:29947202:C:G
22:29947380:A:G
22:29947666:A:G
22:29947905:C:T
22:29947910:A:G
22:29947920:A:G
22:29948305:A:C
22:29948307:A:C
22:29948391:A:G
22:29948541:A:AG
22:29948545:A:G
22:29952016:C:CAG
22:29952181:C:G
22:29952226:C:T
22:29952437:C:T
22:29953805:A:G
22:29954593:A:G
22:29955252:A:G
22:29955433:C:T
22:29955971:A:G
22:29957570:A:G
22:29957944:C:T
22:29959087:T:TA
22:29959148:A:G
22:29959335:A:T
22:29959471:A:G
22:29959490:C:T
22:29960768:G:T
22:29961986:G:T
22:29962047:C:T
22:29962443:A:G
22:29963386:C:T
22:29963508:C:T
22:29963600:C:G
22:29964650:A:G
22:29965168:C:G
22:29965880:A:G
22:29966317:C:G
22:29969275:C:T
22:29969378:A:G
22:29969757:C:CA
22:29969861:G:T
22:29970768:C:CA
22:29971699:G:GTT
22:29971869:A:C
22:29972079:C:G
22:29972375:C:CA
22:29972391:A:G
22:29973408:A:AT
22:29973501:C:T
22:29973565:C:T
22:29977578:C:T
22:29977602:A:C
22:29978331:A:AGGCG
22:29979059:C:T
22:29979805:A:G
22:29980050:T:TAGAG
22:29981134:C:T
22:29981244:C:G
22:29981324:A:G
22:29982200:A:G
22:29982873:C:T
22:29983286:A:C
22:29983661:A:T
22:29984687:C:T
22:29985515:A:AGGAGGCAGAGGTTGCAGTGAGC
22:29986237:A:G
22:29986469:C:T
22:29986744:C:G
22:29987831:C:T
22:29987981:A:G
22:29988249:C:T
22:29988260:A:G
22:29988287:C:T
22:29988288:A:G
22:29988644:A:G
22:29988768:C:T
22:29989482:A:G
22:29989825:A:G
22:29990413:C:T
22:29990686:C:T
22:29990971:A:G
22:29990979:C:T
22:29991926:A:G
22:29992025:C:T
22:29992055:A:G
22:29992092:A:G
22:29992157:A:AAAATT
22:29992225:A:AT
22:29992442:T:TCA
22:29992951:C:G
22:29993206:A:G
22:29993275:C:G
22:29993428:A:G
22:29993438:C:T
22:29993706:C:T
22:29993954:C:G
22:29994128:C:G
22:29994207:A:G
22:29994246:C:G
22:29994260:A:G
22:29994378:C:T
22:29994453:A:G
22:29994540:A:G
22:29995247:C:T
22:29995284:G:T
22:29995511:A:G
22:29995707:C:G
22:29997011:C:T
22:29997574:C:T
22:29997992:G:GT
22:29999236:C:G
22:29999784:A:C
22:30001447:A:G
22:30002130:A:G
22:30002440:G:T
22:30002484:A:G
22:30002603:G:T
22:30004929:C:T
22:30006747:A:G
22:30008461:A:G
22:30008750:C:T
22:30009701:G:T
22:30010775:C:T
22:30011060:C:T
22:30013691:A:G
22:30014581:A:G
22:30015315:C:T
22:30015574:T:TG
22:30015679:C:T
22:30016032:A:T
22:30016378:A:C
22:30016513:A:AG
22:30018200:A:G
22:30019726:C:T
22:30022267:C:T
22:30022923:A:G
22:30023960:G:T
22:30026279:A:G
22:30030939:A:G
22:30032235:A:G
22:30033036:A:T
22:30034994:G:T
22:30035021:A:G
22:30036269:A:G
22:30037109:C:T
22:30037168:T:TC
22:30039498:A:C
22:30040113:C:T
22:30040874:C:T
22:30040875:A:G
22:30045727:G:T
22:30048182:A:G
22:30048571:C:T
22:30049643:C:T
22:30051433:C:T
22:30053118:A:G
22:30053963:A:G
22:30056698:C:T
22:30056718:A:AT
22:30060073:G:T
22:30061225:G:GT
22:30061953:A:G
22:30062375:A:G
22:30063550:G:T
22:30065813:C:T
22:30065967:G:T
22:30066301:T:TTTTC
22:30066344:A:G
22:30066568:C:G
22:30068631:A:T
22:30068768:C:CT
22:30068770:G:T
22:30071358:C:T
22:30071466:A:AT
22:30071803:G:GAC
22:30072759:C:T
22:30072937:C:CCAGCACCCAGATCAGAAAACAG
22:30073572:T:TGG
22:30073681:C:T
22:30073959:T:TTGAGGGA
22:30074776:G:T
22:30074804:A:G
22:30075052:C:T
22:30076246:A:G
22:30076398:C:T
22:30076935:G:GT
22:30077057:A:T
22:30077058:A:T
22:30079213:C:T
22:30080517:A:G
22:30081715:A:G
22:30081944:C:CT
22:30082331:C:T
22:30083426:G:T
22:30083539:A:G
22:30084739:A:T
22:30084976:C:T
22:30085655:C:G
22:30086051:A:G
22:30086846:C:T
22:30088039:G:T
22:30088183:C:T
22:30088257:C:T
22:30088671:C:T
22:30089511:C:G
22:30091145:C:T
22:30091999:C:T
22:30092583:A:G
22:30092695:A:G
22:30093026:A:G
22:30093259:C:G
22:30093550:A:G
22:30093667:C:T
22:30094065:A:G
22:30095695:C:T
22:30095706:A:G
22:30095959:C:CA
22:30096874:G:T
22:30097062:C:T
22:30097258:C:G
22:30098154:C:T
22:30099958:A:G
22:30101878:G:T
22:30103476:A:G
22:30104909:C:T
22:30106659:A:G
22:30107920:A:G
22:30110552:C:T
22:30111558:C:T
22:30111624:C:T
22:30111744:A:AC
22:30112070:C:G
22:30112226:C:T
22:30113960:C:G
22:30114308:C:CCTTAA
22:30114333:C:T
22:30116692:C:T
22:30117023:A:G
22:30117454:C:T
22:30119954:G:T
22:30120121:C:T
22:30120193:C:T
22:30121454:C:T
22:30121455:C:G
22:30121648:A:G
22:30123010:A:G
22:30124896:A:G
22:30125596:C:T
22:30126644:C:T
22:30127367:G:T
22:30128179:C:T
22:30128722:C:CCTT
22:30129156:C:T
22:30129967:C:T
22:30130115:A:T
22:30130313:A:G
22:30130776:C:T
22:30131897:A:G
22:30132167:C:T
22:30132779:C:T
22:30133430:A:T
22:30133579:C:T
22:30133881:C:T
22:30133890:G:GC
22:30134523:T:TG
22:30134915:A:G
22:30135012:A:AAGAG
22:30135079:C:T
22:30135416:G:T
22:30135928:C:T
22:30136137:A:G
22:30137045:A:G
22:30139118:C:T
22:30139825:C:T
22:30140278:C:T
22:30140358:C:T
22:30140900:C:T
22:30142104:A:G
22:30143240:C:T
22:30143534:C:T
22:30146149:G:T
22:30146507:A:G
22:30147210:A:G
22:30150937:C:T
22:30151687:C:T
22:30151700:A:G
22:30151730:C:CACTT
22:30151945:A:G
22:30153242:A:C
22:30153930:C:T
22:30155113:A:G
22:30156059:A:C
22:30157589:C:T
22:30159281:C:CAATAAATA
22:30160747:C:T
22:30161280:C:T
22:30163526:A:G
22:30163835:C:G
22:30164617:G:T
22:30164626:G:T
22:30167375:C:T
22:30169069:C:CA
22:30169079:C:T
22:30169436:A:G
22:30169716:C:T
22:30170335:C:T
22:30171271:A:G
22:30172404:C:G
22:30172693:A:G
22:30173395:C:G
22:30174229:A:G
22:30175468:T:TA
22:30180153:A:AT
22:30181208:A:G
22:30182558:A:G
22:30185889:A:T
22:30186139:C:T
22:30188672:C:T
22:30190057:A:G
22:30192692:C:G
22:30193548:A:T
22:30195525:C:G
22:30198025:C:T
22:30198589:A:G
22:30199631:C:T
22:30199926:C:T
22:30200362:C:G
22:30201381:C:T
22:30201500:C:T
22:30202774:C:G
22:30202984:C:T
22:30204790:A:C
22:30204980:A:T
22:30205572:C:T
22:30206291:A:C
22:30208875:G:GT
22:30209369:C:T
22:30211512:A:G
22:30214466:C:G
22:30214704:C:G
22:30215177:C:T
22:30215718:A:G
22:30215903:C:T
22:30216900:A:C
22:30216982:A:C
22:30218270:C:T
22:30219415:A:G
22:30219602:C:T
22:30220190:A:G
22:30220560:C:G
22:30220732:G:GA
22:30220834:C:T
22:30220925:C:T
22:30222516:A:T
22:30222882:C:T
22:30223813:C:T
22:30223845:G:GAC
22:30223991:A:G
22:30224141:A:G
22:30225127:C:T
22:30225374:A:G
22:30228717:A:G
22:30229868:C:CT
22:30229967:A:T
22:30231409:A:T
22:30232637:C:T
22:30233223:C:T
22:30233256:G:GA
22:30233446:A:G
22:30233679:A:G
22:30235492:C:T
22:30236243:G:T
22:30236331:A:T
22:30236444:A:T
22:30236860:A:T
22:30237362:A:T
22:30237584:C:T
22:30238317:A:T
22:30239403:A:G
22:30240176:C:T
22:30240575:A:C
22:30240778:C:T
22:30241061:A:G
22:30241149:A:G
22:30242242:A:G
22:30242514:A:ATTGAGT
22:30242572:A:G
22:30243528:C:CT
22:30244719:C:T
22:30244857:A:C
22:30245160:A:G
22:30245643:A:T
22:30245797:C:T
22:30246990:A:G
22:30248005:A:ATT
22:30248009:A:T
22:30248011:A:T
22:30248344:G:T
22:30249347:C:T
22:30249727:C:T
22:30249800:C:T
22:30250312:A:T
22:30250807:T:TTTTG
22:30251069:A:G
22:30251127:C:CT
22:30251180:A:G
22:30251261:C:T
22:30251472:C:T
22:30251815:C:T
22:30252401:C:T
22:30253090:G:T
22:30253256:G:T
22:30254207:A:G
22:30254949:A:AGAGAGG
22:30255418:A:G
22:30255472:G:GATAT
22:30256938:A:G
22:30256994:C:T
22:30259342:C:T
22:30259608:A:C
22:30259971:A:G
22:30260098:C:G
22:30260809:A:C
22:30261219:A:G
22:30261803:C:T
22:30261871:A:G
22:30263671:C:T
22:30266540:A:G
22:30267986:T:TA
22:30269378:A:G
22:30269431:G:T
22:30269675:C:CTCAA
22:30269773:A:G
22:30272481:A:G
22:30273394:C:T
22:30273725:A:G
22:30274324:C:T
22:30274335:C:G
22:30274427:C:T
22:30275091:C:T
22:30275168:C:T
22:30276417:C:G
22:30277066:C:G
22:30279069:A:C
22:30279365:C:T
22:30280162:A:G
22:30280248:C:CAAACA
22:30280450:A:G
22:30281664:G:T
22:30281962:C:G
22:30283504:C:T
22:30283750:A:G
22:30283999:C:T
22:30285495:C:T
22:30285598:A:T
22:30285641:C:T
22:30285770:A:C
22:30287106:G:GA
22:30287297:C:CGT
22:30287400:C:CAT
22:30288398:A:T
22:30288625:A:G
22:30289309:C:T
22:30290443:A:G
22:30290492:C:CGT
22:30291196:C:CA
22:30291445:A:C
22:30292811:A:AT
22:30293503:A:G
22:30293559:A:G
22:30294744:C:T
22:30295131:A:G
22:30295961:C:CT
22:30296222:C:T
22:30297246:A:AAT
22:30297546:A:G
22:30300112:C:G
22:30300548:C:T
22:30300579:C:T
22:30302164:A:G
22:30302271:A:G
22:30302275:A:G
22:30303066:A:G
22:30304234:C:T
22:30304640:A:AGGGT
22:30305898:A:T
22:30307574:G:GT
22:30307614:A:G
22:30308180:G:T
22:30308780:C:G
22:30309155:C:T
22:30310821:C:T
22:30311198:A:G
22:30311708:C:T
22:30312091:A:G
22:30314092:G:T
22:30314834:A:T
22:30315736:C:T
22:30316202:C:CA
22:30316661:C:CT
22:30317083:A:G
22:30319030:A:AT
22:30319394:A:G
22:30319749:C:T
22:30320657:A:G
22:30322082:A:C
22:30323090:A:G
22:30325038:A:G
22:30325050:A:C
22:30325151:C:T
22:30328070:C:T
22:30328763:A:G
22:30331498:G:T
22:30331553:A:G
22:30334382:C:T
22:30335269:A:G
22:30336113:C:T
22:30336151:A:G
22:30336406:A:C
22:30337120:A:G
22:30337392:A:G
22:30337445:A:G
22:30337586:C:T
22:30338485:C:T
22:30338591:C:T
22:30339020:A:C
22:30339421:C:T
22:30339729:C:T
22:30339816:C:CTT
22:30340034:C:G
22:30340138:A:C
22:30340356:A:T
22:30340410:A:T
22:30341260:G:T
22:30342381:C:G
22:30342737:G:GT
22:30344171:C:T
22:30344457:G:T
22:30344788:T:TA
22:30345400:A:G
22:30346356:A:T
22:30348652:A:T
22:30348672:T:TA
22:30349013:C:G
22:30350196:A:G
22:30350532:C:T
22:30351223:C:G
22:30351571:A:G
22:30353252:A:T
22:30354410:A:G
22:30354972:A:G
22:30355437:A:G
22:30355676:A:G
22:30356418:A:G
22:30356557:A:G
22:30358856:C:T
22:30359410:C:T
22:30359832:G:GA
22:30360591:A:G
22:30360602:A:C
22:30360804:A:G
22:30360988:A:C
22:30361126:A:T
22:30361881:A:G
22:30362719:C:T
22:30363448:G:T
22:30363540:G:T
22:30365075:A:C
22:30365184:C:T
22:30365780:A:G
22:30366924:C:CT
22:30366947:C:G
22:30367014:A:T
22:30367190:G:GTCTTT
22:30367490:C:T
22:30367857:C:T
22:30368384:G:T
22:30371350:A:G
22:30371651:A:G
22:30374621:A:T
22:30374920:C:T
22:30375534:A:G
22:30375965:A:G
22:30376001:A:C
22:30376014:C:T
22:30376155:C:CTG
22:30376537:A:G
22:30377002:A:G
22:30377313:A:C
22:30377820:G:GA
22:30378185:A:G
22:30378685:G:GTC
22:30379861:A:C
22:30380528:C:T
22:30381436:C:G
22:30381789:G:T
22:30382491:G:GT
22:30382796:A:G
22:30383262:C:G
22:30383307:G:T
22:30383616:A:C
22:30385004:C:T
22:30386358:C:T
22:30386385:A:G
22:30387160:C:T
22:30388302:A:G
22:30388758:G:T
22:30389156:A:T
22:30389400:G:T
22:30389846:C:T
22:30390654:A:C
22:30390776:A:G
22:30390990:C:T
22:30391281:A:G
22:30392772:A:G
22:30393544:C:G
22:30393826:C:T
22:30394623:C:T
22:30394731:G:GT
22:30395873:C:T
22:30396342:G:T
22:30396476:A:T
22:30396557:A:T
22:30397305:A:G
22:30397346:C:T
22:30398078:C:T
22:30398273:A:G
22:30398444:A:G
22:30398732:C:CT
22:30400381:C:T
22:30400701:A:G
22:30401656:A:C
22:30401763:C:T
22:30403996:C:T
22:30404547:A:C
22:30407388:C:G
22:30410440:C:T
22:30411211:A:AT
22:30411212:A:T
22:30412220:A:G
22:30412465:C:T
22:30412759:C:T
22:30413339:C:T
22:30413671:A:T
22:30413877:C:T
22:30414091:C:T
22:30414340:C:T
22:30417456:A:AG
22:30418379:A:AG
22:30422865:C:T
22:30423460:C:T
22:30423744:A:G
22:30426069:C:T
22:30426628:C:G
22:30428355:G:GAGAT
22:30428645:A:G
22:30428733:A:AC
22:30429115:A:G
22:30429664:C:G
22:30432137:C:T
22:30432502:A:G
22:30432631:C:G
22:30432844:T:TC
22:30433822:A:G
22:30434123:C:T
22:30435402:A:G
22:30437414:G:GA
22:30438216:C:T
22:30440533:A:G
22:30441219:A:G
22:30441677:A:G
22:30443297:A:G
22:30445975:C:CA
22:30446115:A:G
22:30447017:A:G
22:30447691:A:G
22:30447790:A:AT
22:30447806:A:T
22:30448399:A:G
22:30448524:A:G
22:30450660:C:T
22:30450920:A:T
22:30452014:A:AG
22:30453341:A:G
22:30453797:A:AT
22:30453831:C:T
22:30454808:C:G
22:30455378:A:G
22:30455816:A:G
22:30456439:T:TA
22:30456661:C:T
22:30458414:A:G
22:30460247:A:G
22:30460969:C:G
22:30461259:C:T
22:30461742:A:C
22:30461768:A:T
22:30461799:C:T
22:30462027:T:TCTCCCTCCCC
22:30462627:C:T
22:30462705:A:G
22:30462733:A:G
22:30462911:C:T
22:30463250:G:GAT
22:30463253:G:T
22:30463914:A:G
22:30466099:G:T
22:30466570:A:C
22:30467766:C:T
22:30468236:A:T
22:30468496:A:C
22:30470925:A:T
22:30472911:C:CA
22:30473999:C:T
22:30474216:C:T
22:30474310:A:C
22:30474451:C:T
22:30474595:A:AC
22:30475092:C:T
22:30477572:C:CT
22:30478784:C:CA
22:30481429:C:T
22:30481858:C:T
22:30482940:C:T
22:30483964:A:C
22:30483966:A:C
22:30483994:A:G
22:30484033:C:T
22:30485340:G:T
22:30485346:T:TC
22:30485537:G:T
22:30485853:C:T
22:30488136:C:T
22:30488207:A:G
22:30488334:C:CT
22:30491512:A:G
22:30492778:A:T
22:30493918:A:G
22:30494642:C:T
22:30496098:A:AG
22:30499713:A:G
22:30500958:G:T
22:30501486:A:T
22:30503212:A:G
22:30503253:A:T
22:30504207:A:G
22:30508275:C:G
22:30509399:C:T
22:30512128:C:G
22:30512246:A:G
22:30512414:C:G
22:30512918:A:G
22:30514480:A:G
22:30516625:T:TA
22:30516947:T:TAC
22:30517325:A:G
22:30518709:A:G
22:30518828:C:G
22:30521447:C:T
22:30521770:A:G
22:30522459:G:T
22:30523431:C:T
22:30524868:A:G
22:30526632:G:T
22:30528321:A:G
22:30528528:C:CA
22:30531101:C:CAT
22:30532606:C:CTT
22:30532673:C:T
22:30533826:A:C
22:30534161:A:G
22:30534232:A:AT
22:30536056:G:T
22:30536091:A:G
22:30536265:G:GA
22:30537584:C:CT
22:30538398:C:T
22:30539427:C:T
22:30539821:C:T
22:30541670:A:G
22:30543503:A:T
22:30546245:C:T
22:30548622:A:G
22:30549032:C:T
22:30549071:A:C
22:30550930:A:G
22:30554069:G:GA
22:30555216:A:G
22:30556845:C:T
22:30557278:C:T
22:30557281:C:T
22:30557939:G:T
22:30558496:C:T
22:30558499:A:G
22:30559244:C:CTT
22:30559318:A:T
22:30562239:A:C
22:30562384:A:G
22:30562987:A:C
22:30563301:C:T
22:30563343:A:G
22:30563720:A:T
22:30567730:A:C
22:30567958:A:G
22:30570443:C:G
22:30571252:T:TATA
22:30572736:A:G
22:30574123:G:GAGTAATT
22:30575163:A:G
22:30575812:C:T
22:30577658:A:G
22:30580252:A:G
22:30581860:A:T
22:30581995:T:TG
22:30581998:C:G
22:30583134:G:T
22:30583889:C:T
22:30584388:G:GA
22:30584491:C:G
22:30585309:A:AC
22:30585621:A:G
22:30587972:A:G
22:30588372:A:G
22:30590026:C:T
22:30590222:A:G
22:30591797:A:T
22:30591798:A:C
22:30592842:C:T
22:30594497:C:CT
22:30595629:A:C
22:30595968:C:T
22:30597135:C:T
22:30597153:C:T
22:30597426:A:G
22:30597668:A:G
22:30597810:A:G
22:30597880:A:G
22:30598097:A:T
22:30598552:C:G
22:30599492:A:T
22:30599570:A:G
22:30599596:A:G
22:30600065:C:G
22:30600648:C:T
22:30603574:C:T
22:30604015:A:G
22:30604102:A:G
22:30606927:A:G
22:30606986:C:T
22:30607673:C:T
22:30607923:A:ATGG
22:30608144:C:T
22:30609258:G:GCATT
22:30610111:T:TAAAAAAAAAAAAAAA
22:30610570:C:T
22:30610776:A:G
22:30611616:C:T
22:30612949:A:G
22:30614437:A:G
22:30615838:A:G
22:30617138:C:T
22:30617585:C:T
22:30618648:C:T
22:30619174:G:T
22:30619615:A:G
22:30619695:G:T
22:30620113:A:G
22:30620360:A:G
22:30620537:A:G
22:30621613:A:C
22:30622869:A:T
22:30624487:C:CAA
22:30627391:C:T
22:30627680:C:CT
22:30627706:C:T
22:30627922:C:T
22:30627966:A:G
22:30628249:G:GTC
22:30636331:A:C
22:30638316:T:TG
22:30638664:C:T
22:30639110:A:C
22:30643609:C:G
22:30652447:A:C
22:30653162:C:T
22:30655595:C:T
22:30655692:A:G
22:30658722:C:T
22:30659566:A:G
22:30660517:A:C
22:30660521:C:T
22:30661184:C:T
22:30664920:A:G
22:30668036:C:CA
22:30668047:A:T
22:30669883:A:G
22:30669993:C:T
22:30670091:G:T
22:30672420:A:G
22:30673409:C:CT
22:30673916:C:T
22:30674176:A:G
22:30674340:A:G
22:30675217:A:C
22:30675923:A:C
22:30676851:A:G
22:30677722:C:T
22:30678530:A:G
22:30679303:C:T
22:30679387:A:G
22:30679682:C:T
22:30683285:C:G
22:30685076:G:T
22:30685364:A:G
22:30685560:C:G
22:30686226:C:T
22:30686254:C:T
22:30687066:A:C
22:30689133:C:T
22:30690904:A:C
22:30691419:A:G
22:30691631:A:G
22:30692301:C:T
22:30692353:A:T
22:30693581:C:T
22:30696449:A:G
22:30699086:A:G
22:30699128:C:G
22:30700607:G:T
22:30700924:C:T
22:30701386:A:G
22:30705230:A:AT
22:30705279:A:G
22:30705707:C:T
22:30707697:A:C
22:30707981:C:T
22:30709191:C:T
22:30709531:C:G
22:30710598:A:T
22:30711443:A:G
22:30711624:C:T
22:30712389:A:G
22:30712450:G:GT
22:30713338:A:G
22:30714684:A:C
22:30717739:C:T
22:30718883:C:CT
22:30721000:G:T
22:30721701:G:T
22:30723275:C:T
22:30725274:A:G
22:30725302:C:T
22:30726156:A:C
22:30726386:C:T
22:30726826:C:G
22:30728356:A:C
22:30728884:A:G
22:30730711:A:G
22:30731066:C:T
22:30731387:C:G
22:30732236:A:G
22:30733111:A:C
22:30733296:A:G
22:30733418:C:T
22:30734602:C:T
22:30734626:T:TC
22:30734716:C:T
22:30735820:C:G
22:30735908:A:G
22:30736147:A:G
22:30736559:A:G
22:30736911:A:G
22:30737001:C:T
22:30738003:C:T
22:30738161:C:T
22:30738737:A:G
22:30740179:C:CCTAG
22:30741230:C:CAGGGG
22:30741924:C:G
22:30742125:A:C
22:30742623:G:T
22:30743401:A:G
22:30744444:C:G
22:30744504:C:T
22:30744626:A:T
22:30744658:A:G
22:30745221:C:T
22:30745656:C:T
22:30746404:A:G
22:30747064:A:G
22:30747157:A:G
22:30748027:C:T
22:30748218:A:G
22:30748274:A:C
22:30748403:A:G
22:30749341:C:G
22:30749898:A:G
22:30750907:A:G
22:30751186:C:G
22:30751453:G:T
22:30752341:A:C
22:30752942:A:C
22:30753985:A:G
22:30755168:A:C
22:30755172:A:C
22:30755548:A:G
22:30756363:A:G
22:30756481:A:G
22:30756493:C:CA
22:30756811:C:T
22:30756826:A:G
22:30756907:A:G
22:30757295:A:G
22:30757436:A:G
22:30757829:T:TTC
22:30758236:C:T
22:30758363:A:G
22:30759603:A:G
22:30759730:C:T
22:30759800:A:C
22:30759854:C:T
22:30760568:C:T
22:30760818:A:C
22:30761066:A:G
22:30761237:C:T
22:30761298:A:G
22:30761607:A:G
22:30761940:C:G
22:30762139:C:T
22:30762140:A:G
22:30762962:A:G
22:30763215:C:T
22:30763217:A:G
22:30763381:C:T
22:30764453:A:G
22:30764626:C:T
22:30764664:C:T
22:30765249:G:T
22:30765768:A:G
22:30765897:A:G
22:30766179:C:T
22:30767339:A:T
22:30767536:G:T
22:30767729:A:G
22:30767781:C:T
22:30768777:A:G
22:30768995:G:T
22:30769476:C:CA
22:30769901:C:G
22:30769906:C:T
22:30770603:A:T
22:30770626:C:G
22:30771458:C:T
22:30771855:A:G
22:30772686:C:T
22:30772960:C:T
22:30773731:A:C
22:30774340:A:G
22:30774490:C:G
22:30774541:C:T
22:30774653:C:T
22:30774869:A:T
22:30775675:A:G
22:30776095:C:T
22:30776419:C:T
22:30776850:G:T
22:30777529:A:G
22:30777881:C:T
22:30777888:C:T
22:30778459:A:G
22:30778530:C:T
22:30778989:A:G
22:30779211:C:T
22:30779322:A:G
22:30780724:C:T
22:30780889:A:C
22:30780936:G:T
22:30781182:A:G
22:30781512:A:C
22:30782089:A:G
22:30782731:A:G
22:30783525:C:G
22:30783551:A:G
22:30784537:A:G
22:30785421:A:G
22:30786948:A:G
22:30789287:C:T
22:30789649:C:T
22:30790786:A:T
22:30790807:A:G
22:30791827:A:G
22:30792914:C:G
22:30793137:A:G
22:30793270:A:G
22:30794719:C:T
22:30794950:A:C
22:30795215:A:G
22:30795484:C:G
22:30796422:G:T
22:30796835:C:G
22:30797590:C:T
22:30797669:A:AT
22:30798729:G:GT
22:30799720:C:T
22:30799789:A:G
22:30800305:A:T
22:30800338:G:T
22:30800368:A:G
22:30800981:A:C
22:30801057:C:CA
22:30802029:C:G
22:30802444:C:T
22:30803289:C:G
22:30804862:A:G
22:30807186:A:G
22:30807524:C:T
22:30807731:C:CAAAAAAAAAAAAA
22:30808561:A:G
22:30808752:C:T
22:30808761:A:G
22:30808837:C:CA
22:30809342:A:G
22:30810945:A:G
22:30810954:A:C
22:30811112:A:G
22:30812549:C:G
22:30813323:A:G
22:30813424:C:T
22:30813552:T:TG
22:30814727:G:T
22:30817153:A:AACAC
22:30817370:A:T
22:30817631:C:G
22:30818965:C:G
22:30819628:C:T
22:30819758:A:G
22:30820077:C:G
22:30820550:C:T
22:30820707:A:G
22:30822461:C:G
22:30823065:A:G
22:30823113:G:T
22:30825532:A:G
22:30825696:A:C
22:30826800:A:G
22:30827165:C:T
22:30827451:C:T
22:30827805:C:T
22:30828233:A:G
22:30828928:C:T
22:30829005:C:G
22:30829572:A:G
22:30830312:A:T
22:30833372:C:T
22:30833690:G:T
22:30833833:C:T
22:30834250:A:G
22:30835790:G:GA
22:30836392:C:G
22:30836670:C:T
22:30837511:A:T
22:30838441:G:T
22:30838883:T:TG
22:30839346:C:T
22:30839459:A:C
22:30839942:C:G
22:30839978:C:G
22:30842514:A:G
22:30842735:C:G
22:30843409:C:T
22:30843495:A:G
22:30843713:A:G
22:30843809:C:G
22:30844553:T:TAA
22:30844695:C:CA
22:30846644:G:T
22:30847853:A:C
22:30847934:A:G
22:30847997:A:G
22:30848131:C:T
22:30848388:C:T
22:30848704:C:CT
22:30849451:G:T
22:30849689:C:T
22:30850520:T:TATA
22:30850589:T:TATA
22:30850731:A:AT
22:30850832:A:T
22:30851152:A:T
22:30851224:A:T
22:30852786:C:T
22:30852900:C:T
22:30853673:C:CT
22:30853882:C:T
22:30854360:A:G
22:30854835:C:CA
22:30854863:C:T
22:30855674:C:T
22:30855697:C:T
22:30857840:A:G
22:30858974:A:G
22:30860830:C:T
22:30863392:A:C
22:30864437:A:AT
22:30864610:A:G
22:30864792:C:T
22:30865337:A:G
22:30866380:C:T
22:30866998:A:G
22:30867046:C:T
22:30867140:C:T
22:30868102:C:T
22:30868349:G:T
22:30868418:A:C
22:30868599:A:G
22:30868977:C:T
22:30873906:G:GA
22:30874142:C:G
22:30874854:A:G
22:30875517:C:T
22:30876835:A:G
22:30877936:A:G
22:30878217:A:C
22:30878464:C:G
22:30878623:C:CT
22:30878664:C:T
22:30878827:A:T
22:30878847:A:G
22:30879282:C:G
22:30880298:A:G
22:30880980:A:G
22:30881245:A:G
22:30881448:A:G
22:30881651:A:G
22:30881781:C:G
22:30883969:A:T
22:30884427:C:T
22:30884831:C:T
22:30885100:A:G
22:30885528:A:G
22:30885727:C:CT
22:30885980:A:G
22:30886388:C:G
22:30886577:C:T
22:30886886:A:G
22:30887446:C:T
22:30887501:G:T
22:30887919:A:G
22:30888494:C:T
22:30888527:C:T
22:30888959:C:T
22:30889070:C:CAA
22:30889139:C:G
22:30889350:C:T
22:30889967:C:G
22:30891250:C:T
22:30891294:C:G
22:30891412:A:G
22:30891859:A:G
22:30892255:A:G
22:30892277:A:AT
22:30892555:A:C
22:30894943:A:T
22:30895483:C:G
22:30895939:A:G
22:30896093:A:G
22:30897863:C:T
22:30898015:A:G
22:30898409:C:T
22:30898840:T:TTA
22:30899264:G:T
22:30899354:C:T
22:30899408:A:C
22:30899617:C:T
22:30900318:A:AG
22:30900829:C:T
22:30901072:C:T
22:30901592:C:T
22:30901977:G:T
22:30901980:A:G
22:30902418:C:T
22:30902743:A:G
22:30903292:A:G
22:30903359:A:G
22:30904212:C:T
22:30904232:A:G
22:30904598:T:TA
22:30904622:A:T
22:30904659:A:C
22:30904704:C:T
22:30904724:C:T
22:30904812:A:T
22:30904912:A:G
22:30905804:C:T
22:30905810:C:CA
22:30906008:A:G
22:30906075:A:AACACACACACACAGAC
22:30906194:A:G
22:30906304:A:G
22:30906396:C:T
22:30907168:A:G
22:30907585:C:T
22:30908606:C:T
22:30908788:A:AAAAC
22:30908897:C:T
22:30908979:A:G
22:30909038:C:T
22:30909224:C:T
22:30909246:A:G
22:30909767:A:G
22:30909933:C:G
22:30910148:A:G
22:30910625:A:G
22:30911291:C:T
22:30911996:C:T
22:30912328:C:G
22:30912889:A:G
22:30914473:G:T
22:30914544:C:T
22:30915186:A:G
22:30915432:A:G
22:30915758:C:G
22:30915804:A:G
22:30916380:A:C
22:30916437:C:T
22:30916443:C:T
22:30916518:C:T
22:30916877:A:G
22:30916972:C:T
22:30917077:C:T
22:30917091:C:T
22:30917813:C:T
22:30917994:C:T
22:30918107:A:G
22:30918825:A:G
22:30919443:C:G
22:30920965:C:T
22:30921227:A:G
22:30921249:G:T
22:30921294:C:T
22:30921371:C:T
22:30921534:A:C
22:30922544:C:T
22:30922676:C:CA
22:30924195:C:T
22:30924910:C:G
22:30925492:C:G
22:30925616:A:G
22:30926188:C:T
22:30926321:C:T
22:30927422:A:G
22:30927666:A:G
22:30927882:C:T
22:30927975:C:T
22:30929240:C:T
22:30929310:A:G
22:30929537:A:G
22:30929576:A:C
22:30929585:C:CA
22:30929905:A:G
22:30930080:A:T
22:30930158:C:T
22:30930185:A:G
22:30930386:C:T
22:30930491:C:T
22:30930830:A:G
22:30931024:G:GAA
22:30932673:C:T
22:30932821:C:T
22:30933561:A:G
22:30933600:C:G
22:30934051:A:G
22:30934816:C:T
22:30934887:A:G
22:30935074:A:C
22:30935259:A:G
22:30935429:C:G
22:30936227:A:G
22:30936781:A:G
22:30937005:C:CA
22:30937190:T:TTTG
22:30937307:A:G
22:30937512:A:G
22:30937520:C:T
22:30938286:A:C
22:30940450:C:G
22:30943356:C:T
22:30948752:C:T
22:30949145:C:T
22:30950360:C:T
22:30952396:C:T
22:30953295:C:T
22:30953502:G:T
22:30953774:C:CT
22:30957832:A:G
22:30958223:A:G
22:30959026:C:T
22:30959074:C:G
22:30959514:G:T
22:30959602:A:C
22:30959744:C:CA
22:30959902:C:CA
22:30960412:C:T
22:30960413:A:G
22:30960754:C:G
22:30961645:C:T
22:30962160:A:G
22:30962206:C:T
22:30962878:A:G
22:30962886:A:G
22:30964428:C:G
22:30964810:A:C
22:30965581:T:TG
22:30965757:C:T
22:30966766:A:T
22:30966773:C:CA
22:30967069:A:G
22:30967184:A:G
22:30967225:A:G
22:30967328:A:G
22:30970236:T:TG
22:30970972:A:C
22:30971606:A:G
22:30972409:C:T
22:30973025:A:G
22:30973146:A:AG
22:30975513:C:T
22:30975861:C:T
22:30978780:C:CCT
22:30979432:A:G
22:30981508:A:G
22:30983709:A:C
22:30983739:A:G
22:30985646:A:G
22:30986172:A:G
22:30986350:C:T
22:30987933:A:T
22:30987960:C:T
22:30988382:A:G
22:30988433:C:T
22:30988518:G:T
22:30988762:C:T
22:30988857:G:GT
22:30989061:A:T
22:30989329:C:G
22:30989400:A:G
22:30989492:A:G
22:30989767:T:TACC
22:30989918:C:G
22:30991139:G:T
22:30991519:C:G
22:30991608:A:G
22:30992021:A:G
22:30992262:G:T
22:30992463:C:T
22:30992617:A:G
22:30992651:A:G
22:30992672:A:G
22:30992805:C:T
22:30992834:A:G
22:30992918:A:G
22:30993051:C:T
22:30993079:C:T
22:30993265:C:T
22:30993850:T:TC
22:30993868:T:TG
22:30993934:C:G
22:30993940:A:G
22:30993959:C:T
22:30994185:G:T
22:30994633:A:G
22:30994661:A:G
22:30994820:A:G
22:30994913:C:T
22:30994964:A:AC
22:30995292:G:GT
22:30995356:A:G
22:30995359:C:G
22:30995460:A:G
22:30995613:A:G
22:30996190:A:G
22:30996195:C:T
22:30996992:C:G
22:30997528:G:GC
22:30997745:C:G
22:31002638:A:G
22:31003069:C:T
22:31003561:A:G
22:31004127:A:G
22:31005018:A:G
22:31005250:A:G
22:31005293:A:G
22:31005576:A:AGG
22:31006860:A:G
22:31007919:A:G
22:31007936:A:AAAG
22:31008240:A:T
22:31008285:C:T
22:31008333:C:T
22:31008745:A:G
22:31009118:A:T
22:31009377:C:T
22:31009820:C:G
22:31010242:C:G
22:31010556:C:G
22:31011069:G:T
22:31011504:C:CAG
22:31011557:C:T
22:31011882:A:T
22:31011906:C:T
22:31012673:A:G
22:31012756:C:T
22:31012956:C:CAG
22:31013419:C:T
22:31013549:A:G
22:31013921:G:T
22:31014100:A:AT
22:31014259:G:GT
22:31014419:A:G
22:31014474:C:T
22:31014891:A:G
22:31014999:C:T
22:31015720:C:T
22:31016539:G:T
22:31016914:A:G
22:31017322:A:G
22:31017343:C:T
22:31017403:C:T
22:31017740:G:T
22:31017777:C:T
22:31018124:A:G
22:31018225:C:T
22:31018561:G:T
22:31018646:C:T
22:31018817:C:T
22:31018884:C:G
22:31019044:A:G
22:31019234:G:GC
22:31019235:A:C
22:31019457:A:G
22:31019754:T:TATAC
22:31020069:A:T
22:31020090:C:T
22:31020114:C:T
22:31020341:G:T
22:31020523:A:ATTC
22:31020975:A:C
22:31021049:C:G
22:31021412:G:T
22:31022095:G:T
22:31022301:A:G
22:31022590:C:T
22:31022635:C:T
22:31022815:C:CA
22:31022952:C:T
22:31023191:A:G
22:31024094:C:T
22:31024155:C:G
22:31024547:A:T
22:31024553:C:G
22:31024680:C:T
22:31024765:T:TGCGTGGCCTGATAACAGGGTAA
22:31024856:A:G
22:31024964:C:T
22:31025154:C:G
22:31025189:A:G
22:31025412:C:T
22:31025486:C:CAAAAAAAAAAAAAAAAA
22:31025552:A:G
22:31025655:T:TACTC
22:31025733:C:G
22:31025766:T:TA
22:31025798:C:T
22:31025802:C:T
22:31026051:C:T
22:31026475:A:C
22:31026777:C:T
22:31026962:T:TAAC
22:31026972:C:G
22:31027114:C:G
22:31027500:A:G
22:31027568:C:T
22:31027737:C:T
22:31027843:C:T
22:31027887:A:G
22:31027995:C:T
22:31028050:C:G
22:31028304:C:T
22:31028324:A:G
22:31028344:A:G
22:31028464:C:G
22:31028790:T:TC
22:31029199:G:T
22:31029339:A:ATGTT
22:31029630:A:G
22:31029898:C:T
22:31030213:C:T
22:31030469:A:T
22:31030592:A:G
22:31030781:C:T
22:31031418:G:T
22:31034663:A:ATGG
22:31037205:C:T
22:31038716:C:CA
22:31039011:C:T
22:31039590:C:T
22:31039881:C:T
22:31040966:G:GAA
22:31041404:A:C
22:31043117:A:G
22:31043390:T:TA
22:31044565:A:C
22:31045422:<CN0>:G
22:31046315:A:G
22:31048534:C:T
22:31048803:A:G
22:31048995:C:T
22:31049603:G:GC
22:31049933:A:G
22:31049964:G:T
22:31049972:G:GT
22:31050162:C:T
22:31050292:G:T
22:31050898:C:T
22:31051212:A:G
22:31052274:C:T
22:31052375:A:G
22:31052970:A:T
22:31053290:A:AC
22:31053292:A:AC
22:31053445:C:CA
22:31053658:A:G
22:31055131:A:G
22:31055571:C:G
22:31056343:A:T
22:31056354:A:G
22:31057115:A:G
22:31057431:C:CT
22:31057589:G:GT
22:31057922:A:ACCTCTAGATT
22:31058115:A:G
22:31058193:A:G
22:31058707:A:G
22:31058818:A:G
22:31062030:C:T
22:31063641:C:T
22:31063939:A:G
22:31064736:A:G
22:31066100:C:T
22:31066296:C:T
22:31067582:C:G
22:31067727:C:T
22:31067768:A:G
22:31068064:A:AAAAT
22:31068908:G:GTCCCGTCCCA
22:31069603:A:T
22:31069614:A:T
22:31069744:C:T
22:31069849:C:T
22:31070218:A:G
22:31070977:C:T
22:31071354:C:T
22:31073500:C:T
22:31074048:C:T
22:31075719:C:T
22:31076110:C:CT
22:31076582:A:G
22:31077056:A:G
22:31078341:A:C
22:31079456:A:G
22:31080424:C:T
22:31081913:A:C
22:31082815:A:ATTTT
22:31083255:A:G
22:31083524:A:C
22:31084268:A:G
22:31084269:C:T
22:31085748:A:G
22:31086893:A:G
22:31087158:C:CAAATAAAT
22:31088633:A:AT
22:31088926:C:T
22:31090450:A:G
22:31090786:C:T
22:31091064:C:T
22:31094178:A:G
22:31099156:A:AT
22:31099170:A:T
22:31099274:C:G
22:31099441:A:G
22:31099456:C:T
22:31099927:C:T
22:31100018:C:T
22:31101085:A:G
22:31101646:C:T
22:31103245:A:G
22:31104465:A:AT
22:31105942:A:G
22:31106157:C:T
22:31107851:C:T
22:31108151:C:T
22:31108224:A:C
22:31108617:G:T
22:31109918:C:T
22:31110397:G:GT
22:31110784:A:G
22:31111078:C:T
22:31111540:A:AT
22:31111843:C:CTT
22:31112031:C:CT
22:31113004:A:G
22:31113079:G:T
22:31113081:G:T
22:31113828:C:T
22:31114086:G:T
22:31114345:A:C
22:31115442:C:G
22:31116394:A:G
22:31116489:C:T
22:31116753:C:T
22:31117015:C:T
22:31117229:A:C
22:31117251:A:C
22:31118383:A:G
22:31118510:A:G
22:31119500:A:G
22:31121004:C:CA
22:31121035:C:T
22:31121194:A:C
22:31121532:C:CA
22:31121548:A:C
22:31122409:C:T
22:31122477:A:G
22:31122483:A:G
22:31122936:C:G
22:31123229:A:G
22:31123292:C:T
22:31124062:A:G
22:31126138:C:T
22:31127018:A:G
22:31128286:C:T
22:31130537:A:G
22:31131604:C:CT
22:31133843:G:T
22:31138050:A:G
22:31138255:C:T
22:31138869:A:G
22:31139318:A:G
22:31139653:A:G
22:31140617:A:G
22:31144133:A:G
22:31144859:C:T
22:31146552:C:T
22:31148556:C:T
22:31148612:G:T
22:31148727:A:G
22:31149721:A:G
22:31150680:G:T
22:31151319:A:C
22:31151535:C:T
22:31153474:A:G
22:31154353:A:C
22:31156296:A:G
22:31157444:A:C
22:31157853:C:T
22:31158089:C:T
22:31158293:A:T
22:31158483:C:T
22:31160539:A:C
22:31163056:A:AT
22:31163532:C:CT
22:31164310:A:G
22:31164856:C:T
22:31164993:A:G
22:31165724:C:T
22:31165810:C:T
22:31166696:C:G
22:31167705:C:T
22:31168315:A:G
22:31168780:A:ATT
22:31169308:C:T
22:31169761:G:T
22:31171274:A:G
22:31171782:A:G
22:31171927:A:C
22:31172458:C:T
22:31172466:G:T
22:31173064:C:T
22:31174383:C:T
22:31175022:C:CA
22:31175193:C:T
22:31175525:A:C
22:31176281:C:T
22:31176450:C:T
22:31177154:C:T
22:31177357:A:C
22:31179052:C:CTTTTT
22:31179135:C:T
22:31180421:A:T
22:31181445:C:T
22:31181571:A:C
22:31181735:C:T
22:31182314:G:T
22:31183454:A:G
22:31184897:A:G
22:31187948:G:T
22:31188321:A:T
22:31189236:A:G
22:31190248:A:C
22:31192023:C:T
22:31192486:A:T
22:31193079:C:T
22:31193100:A:T
22:31193188:A:G
22:31193196:C:T
22:31193534:A:G
22:31193569:C:CTATT
22:31193746:C:T
22:31193801:A:G
22:31193821:C:T
22:31194038:A:G
22:31194306:A:T
22:31195000:C:CA
22:31195242:A:G
22:31195391:A:G
22:31195775:C:T
22:31195941:A:T
22:31196485:C:T
22:31197050:G:T
22:31197090:A:T
22:31197378:A:G
22:31197791:A:T
22:31197863:C:T
22:31197960:C:T
22:31197973:A:AGAAT
22:31198037:A:G
22:31198632:C:T
22:31198848:A:G
22:31199787:A:AGTGGGGT
22:31200051:C:T
22:31200199:C:G
22:31201034:C:T
22:31201806:A:G
22:31202375:A:T
22:31204628:A:T
22:31204878:C:T
22:31205334:C:T
22:31205644:A:C
22:31206047:A:G
22:31206395:C:T
22:31206552:A:T
22:31207319:T:TTTTA
22:31207518:A:T
22:31207609:G:T
22:31207693:C:G
22:31207694:A:G
22:31207762:A:G
22:31208444:C:T
22:31208544:A:G
22:31208801:A:AG
22:31208925:C:CT
22:31209205:C:T
22:31209502:C:T
22:31209955:A:G
22:31210432:C:T
22:31210758:A:C
22:31211040:A:G
22:31211098:A:G
22:31212072:C:G
22:31212410:A:G
22:31212641:C:T
22:31212968:C:T
22:31213097:C:T
22:31213933:A:G
22:31214382:A:G
22:31214572:C:T
22:31214626:C:T
22:31214793:A:G
22:31215021:C:T
22:31215167:C:T
22:31215247:A:G
22:31215806:C:T
22:31215815:A:G
22:31215890:G:T
22:31216054:C:T
22:31216308:G:T
22:31216373:C:T
22:31216376:T:TA
22:31216470:T:TG
22:31216506:C:T
22:31216631:A:G
22:31218133:A:G
22:31219193:C:G
22:31219223:A:G
22:31219249:A:G
22:31220791:A:G
22:31220817:A:G
22:31223456:C:T
22:31223628:A:G
22:31224575:A:G
22:31225292:C:T
22:31227134:C:G
22:31227373:A:G
22:31227728:C:T
22:31227753:C:T
22:31227901:C:T
22:31228362:C:T
22:31228474:C:T
22:31228584:C:T
22:31230043:A:AT
22:31230393:G:T
22:31230468:C:T
22:31231169:C:T
22:31231334:C:T
22:31231536:A:G
22:31231903:A:G
22:31232041:A:C
22:31232074:C:T
22:31232146:G:T
22:31233220:A:G
22:31233347:A:C
22:31234009:C:T
22:31234783:C:T
22:31234962:A:C
22:31235841:C:T
22:31236196:T:TA
22:31236310:A:G
22:31238248:A:G
22:31238842:C:T
22:31239025:C:G
22:31239441:C:T
22:31243264:C:G
22:31245213:G:T
22:31245745:A:G
22:31246452:C:G
22:31247224:A:AT
22:31249602:C:G
22:31249995:C:T
22:31250627:G:GA
22:31250664:A:G
22:31250784:A:G
22:31252038:C:T
22:31252502:C:T
22:31252577:C:T
22:31252771:A:T
22:31254118:G:T
22:31254289:A:G
22:31254866:C:CAATAAT
22:31254954:C:T
22:31255029:G:T
22:31255456:C:T
22:31256367:A:G
22:31256450:C:G
22:31256584:A:G
22:31256605:C:T
22:31256713:C:T
22:31256733:A:C
22:31256766:G:T
22:31256767:C:T
22:31257122:C:T
22:31257689:C:T
22:31258108:A:C
22:31258884:C:T
22:31259169:C:G
22:31259343:A:G
22:31259530:C:T
22:31260228:A:G
22:31260807:A:C
22:31260899:C:CA
22:31261354:A:G
22:31261488:A:G
22:31261655:A:G
22:31261859:A:G
22:31262733:G:GAA
22:31263844:C:T
22:31264281:A:G
22:31265735:A:G
22:31265848:C:T
22:31265851:C:T
22:31266546:C:T
22:31266830:C:T
22:31267668:T:TAGG
22:31267997:A:C
22:31268091:C:T
22:31269579:A:T
22:31273284:A:T
22:31279536:A:G
22:31282120:C:T
22:31282893:C:T
22:31283719:C:G
22:31283979:C:T
22:31285680:A:G
22:31285967:C:G
22:31285968:A:G
22:31286320:C:T
22:31287589:A:G
22:31287711:A:G
22:31288135:A:G
22:31288769:A:G
22:31289923:C:T
22:31290543:C:T
22:31290637:A:G
22:31291531:A:C
22:31291534:A:C
22:31291546:C:G
22:31291879:C:T
22:31291905:A:G
22:31292249:A:G
22:31292634:A:AT
22:31292877:C:T
22:31293700:A:G
22:31293851:C:T
22:31294203:A:G
22:31294766:G:T
22:31295997:G:T
22:31297217:C:G
22:31297325:A:G
22:31297852:C:G
22:31298208:A:C
22:31301121:C:CTTTTTTTTT
22:31302125:C:G
22:31303708:A:G
22:31304855:T:TA
22:31304983:C:T
22:31305208:A:C
22:31306812:C:CAGAA
22:31307808:A:G
22:31308009:A:C
22:31308108:A:T
22:31308109:A:T
22:31309009:T:TA
22:31309336:C:G
22:31310946:C:T
22:31311175:C:T
22:31312784:A:T
22:31313545:T:TC
22:31318341:C:T
22:31318744:C:T
22:31319648:C:G
22:31319932:C:T
22:31321847:A:C
22:31323900:C:G
22:31325984:C:T
22:31329056:C:G
22:31329882:A:G
22:31329954:A:G
22:31331657:T:TGC
22:31334518:A:G
22:31335724:A:T
22:31335967:A:T
22:31336149:A:G
22:31345441:T:TACAGGGTAAAAATAAGA
22:31346752:A:G
22:31347926:C:T
22:31349698:C:G
22:31350760:A:G
22:31350765:G:T
22:31353825:G:T
22:31355354:A:G
22:31355635:A:C
22:31356902:G:GTGCAAGCGGCGCAATCTCGGCT
22:31357191:C:T
22:31358580:C:CA
22:31359571:C:T
22:31360592:A:G
22:31369789:C:G
22:31370079:A:G
22:31370333:G:GAA
22:31371926:C:CT
22:31372049:T:TA
22:31375585:A:G
22:31377027:A:G
22:31379192:C:T
22:31379487:C:CTT
22:31381197:C:CT
22:31381424:A:AT
22:31387869:C:CA
22:31388038:T:TAAA
22:31390187:C:T
22:31391386:C:T
22:31392606:C:T
22:31392714:A:G
22:31393209:G:GGT
22:31396225:A:G
22:31398027:C:CA
22:31398736:A:G
22:31399605:C:CA
22:31399761:A:G
22:31399953:A:C
22:31402043:A:G
22:31403030:C:T
22:31404324:C:T
22:31404395:C:T
22:31404900:A:G
22:31405191:C:T
22:31405839:A:C
22:31406827:G:T
22:31410356:C:T
22:31411404:A:G
22:31412170:G:T
22:31413480:A:G
22:31413966:A:C
22:31414649:A:G
22:31414666:C:T
22:31415586:A:G
22:31416033:C:T
22:31417610:C:T
22:31419209:A:G
22:31422546:C:T
22:31423776:C:T
22:31424539:A:G
22:31425330:G:T
22:31427491:C:T
22:31428853:C:T
22:31429408:C:T
22:31430904:C:T
22:31432139:A:T
22:31432389:C:T
22:31432613:C:T
22:31433519:C:T
22:31433846:C:G
22:31434893:A:C
22:31435162:A:G
22:31435338:C:T
22:31435487:C:T
22:31435945:A:G
22:31436494:C:T
22:31436608:C:T
22:31436822:C:T
22:31437392:A:G
22:31437845:C:T
22:31437943:A:G
22:31438038:A:G
22:31438581:A:G
22:31439650:A:G
22:31440703:A:C
22:31441741:A:G
22:31443251:C:T
22:31445014:C:T
22:31445599:C:G
22:31446415:A:T
22:31449761:A:G
22:31450987:A:G
22:31451964:C:G
22:31453205:A:G
22:31453264:G:T
22:31453321:C:T
22:31456863:A:G
22:31457195:A:G
22:31458203:C:T
22:31459194:A:G
22:31463526:A:C
22:31464226:A:G
22:31464405:C:T
22:31466683:G:T
22:31467092:A:G
22:31468425:A:C
22:31469515:A:G
22:31470622:A:G
22:31470842:C:T
22:31471538:A:G
22:31472255:C:T
22:31472504:A:G
22:31472653:C:G
22:31473048:C:T
22:31473344:C:T
22:31473381:C:CA
22:31473446:C:T
22:31474554:C:T
22:31474657:A:C
22:31474864:C:CA
22:31475312:A:T
22:31480195:C:T
22:31482701:A:G
22:31486760:C:T
22:31490651:G:T
22:31491163:G:T
22:31491332:C:T
22:31493125:A:G
22:31493636:A:G
22:31495443:G:T
22:31496029:C:CCTT
22:31496837:A:C
22:31497054:A:C
22:31497110:G:T
22:31499755:A:G
22:31501833:C:T
22:31505520:C:T
22:31507763:C:G
22:31507815:C:CA
22:31508195:A:G
22:31508408:A:C
22:31511168:A:AC
22:31511170:A:T
22:31512800:A:G
22:31513524:A:G
22:31513623:A:C
22:31514348:A:G
22:31514409:C:G
22:31514557:C:G
22:31516513:C:T
22:31516869:C:T
22:31520472:A:G
22:31521404:A:G
22:31526210:C:T
22:31527480:C:T
22:31527985:C:G
22:31529043:A:C
22:31529772:C:T
22:31530730:C:T
22:31531133:A:C
22:31532608:A:G
22:31536133:A:C
22:31537122:A:G
22:31537533:A:G
22:31539189:A:G
22:31542137:A:G
22:31542569:A:G
22:31544061:T:TA
22:31545771:A:T
22:31546469:T:TG
22:31547570:A:AT
22:31548958:C:CT
22:31549155:C:T
22:31549581:A:G
22:31551160:C:T
22:31552702:A:G
22:31552948:A:G
22:31553201:C:T
22:31553354:A:T
22:31553510:A:G
22:31553561:C:T
22:31554764:A:G
22:31556988:A:G
22:31557798:C:T
22:31558549:C:T
22:31558604:C:CT
22:31559319:A:AT
22:31560569:C:CTTTTTTTTTTTTTT
22:31560655:A:AC
22:31561022:A:G
22:31562544:T:TTTC
22:31564334:C:T
22:31564487:A:G
22:31566177:G:T
22:31567358:A:G
22:31569236:T:TA
22:31571367:G:T
22:31571438:C:CA
22:31572963:A:C
22:31574213:A:G
22:31576509:C:CT
22:31577336:G:GA
22:31578042:T:TA
22:31578879:A:G
22:31579233:C:T
22:31580205:C:T
22:31580494:C:T
22:31580507:A:G
22:31580526:A:G
22:31580966:A:AT
22:31581166:A:G
22:31583007:A:G
22:31584516:A:G
22:31585737:G:GCACACCACCA
22:31586248:A:G
22:31587218:C:T
22:31587722:A:G
22:31589056:C:T
22:31589786:A:AAAAG
22:31590208:A:C
22:31590428:C:G
22:31590660:C:G
22:31591228:A:G
22:31592698:A:T
22:31593602:C:T
22:31593959:A:C
22:31595080:C:T
22:31595095:A:T
22:31599088:A:C
22:31599983:C:T
22:31600460:C:T
22:31601542:C:CTG
22:31602139:A:G
22:31602187:C:T
22:31602772:C:T
22:31603487:C:CAT
22:31611549:A:G
22:31613246:T:TG
22:31616301:A:G
22:31616874:C:T
22:31618597:A:G
22:31626042:C:CTT
22:31628251:A:G
22:31631314:A:G
22:31632051:C:T
22:31633022:C:T
22:31634100:C:CA
22:31636413:C:CT
22:31638027:C:T
22:31638448:A:G
22:31638932:A:G
22:31645759:C:T
22:31647094:A:G
22:31648573:A:AAG
22:31648576:G:T
22:31650945:C:CA
22:31652852:A:G
22:31657449:A:G
22:31657777:A:T
22:31658281:A:G
22:31659495:C:T
22:31659827:C:G
22:31663842:C:G
22:31664496:C:G
22:31665044:G:T
22:31665862:A:G
22:31665909:A:C
22:31666026:A:G
22:31668213:A:AT
22:31668250:A:G
22:31671932:G:T
22:31672676:A:G
22:31672752:A:C
22:31673402:C:CA
22:31675185:A:C
22:31676454:C:T
22:31677130:C:G
22:31677744:A:G
22:31677794:A:ACCCCT
22:31679110:C:G
22:31680240:G:T
22:31683564:C:T
22:31683711:A:C
22:31684360:G:GA
22:31685458:A:G
22:31686144:A:G
22:31687792:C:CA
22:31690351:A:T
22:31690528:A:T
22:31690921:C:T
22:31693585:C:T
22:31696615:A:G
22:31698166:C:T
22:31699447:A:G
22:31701580:A:T
22:31701821:A:G
22:31702624:C:T
22:31704452:A:G
22:31704492:A:G
22:31704939:A:AT
22:31705942:A:G
22:31708984:T:TAC
22:31709309:A:C
22:31713305:G:T
22:31714356:A:G
22:31714721:G:GT
22:31717799:G:T
22:31719315:A:G
22:31719416:G:T
22:31724972:C:CA
22:31726471:C:T
22:31726484:C:CA
22:31727330:C:CT
22:31729177:C:T
22:31732512:C:T
22:31741067:A:G
22:31742627:G:GC
22:31744009:C:T
22:31744072:A:G
22:31744721:C:T
22:31745274:A:C
22:31746719:C:G
22:31748415:A:G
22:31749135:G:GA
22:31749199:G:GT
22:31749771:A:C
22:31750013:C:T
22:31750187:C:G
22:31750481:C:T
22:31750898:A:G
22:31752061:C:G
22:31752427:A:C
22:31753376:C:T
22:31758353:A:AT
22:31759033:A:G
22:31760586:A:G
22:31763251:A:G
22:31763825:G:T
22:31764138:C:CT
22:31765123:A:G
22:31768309:C:CA
22:31768610:G:T
22:31769775:A:G
22:31769879:A:T
22:31772554:A:C
22:31772777:A:G
22:31775982:G:T
22:31776783:C:CT
22:31779048:A:G
22:31779567:C:T
22:31781792:C:T
22:31782687:A:C
22:31783781:C:T
22:31783896:G:GC
22:31784399:A:G
22:31786511:A:G
22:31787472:C:T
22:31789552:C:CA
22:31790014:C:T
22:31791384:C:CA
22:31793490:C:T
22:31794418:C:CCTGTGGGTTAAGCCTGGCCTGT
22:31795769:C:T
22:31796563:C:T
22:31797459:A:G
22:31797815:A:G
22:31801664:G:T
22:31802228:C:T
22:31802324:C:T
22:31803541:C:T
22:31803671:C:CTT
22:31806442:A:AAAAC
22:31806526:A:G
22:31807375:A:G
22:31808263:A:G
22:31809366:C:T
22:31809521:A:AT
22:31811876:C:G
22:31812521:A:AC
22:31813061:A:T
22:31813084:A:G
22:31813123:C:T
22:31814415:A:G
22:31814499:A:AT
22:31815355:A:T
22:31815956:A:G
22:31815980:C:G
22:31816439:A:G
22:31817129:C:G
22:31817133:A:C
22:31819212:A:G
22:31819849:C:CTT
22:31821426:C:CT
22:31825970:C:T
22:31829258:A:AT
22:31829500:A:G
22:31830421:C:T
22:31830833:C:CT
22:31833436:T:TCC
22:31833759:A:G
22:31836378:G:T
22:31836486:C:T
22:31838518:C:T
22:31839792:C:CT
22:31839950:C:T
22:31840820:C:T
22:31841749:A:T
22:31842090:C:T
22:31842271:C:CAAAAAAA
22:31844293:A:C
22:31844373:A:C
22:31846079:C:CT
22:31846705:G:GAC
22:31847369:C:T
22:31849638:C:T
22:31851453:C:T
22:31852489:A:G
22:31852635:A:G
22:31853008:C:T
22:31854209:A:G
22:31854230:A:C
22:31854370:A:G
22:31854434:A:AT
22:31855017:A:G
22:31855238:A:AT
22:31855738:A:ATGTTTTTATT
22:31855839:C:G
22:31855954:C:T
22:31856121:A:G
22:31860583:A:G
22:31860641:A:G
22:31860712:A:T
22:31860941:C:T
22:31861203:C:G
22:31862401:T:TG
22:31863097:C:T
22:31866008:C:G
22:31866167:A:G
22:31867039:A:G
22:31867703:C:T
22:31869405:C:T
22:31869467:A:C
22:31870050:C:CT
22:31870400:C:T
22:31871253:G:GA
22:31871707:T:TA
22:31872966:C:CA
22:31873361:A:C
22:31873376:A:G
22:31874764:C:T
22:31875673:G:GT
22:31876466:A:G
22:31877314:A:AT
22:31878562:A:G
22:31879675:C:G
22:31881169:A:G
22:31881703:C:T
22:31881733:C:T
22:31881829:C:T
22:31882214:C:T
22:31882256:C:CA
22:31882270:T:TAA
22:31884405:C:T
22:31885316:C:T
22:31885632:C:CG
22:31885980:C:T
22:31889566:C:T
22:31889844:A:G
22:31889980:G:T
22:31890119:C:CA
22:31890299:A:AT
22:31891052:A:AACT
22:31891784:G:T
22:31893613:A:G
22:31893731:A:C
22:31894237:C:T
22:31894262:C:CAG
22:31894310:C:G
22:31894846:C:CT
22:31896172:A:G
22:31896232:C:T
22:31896825:A:G
22:31897188:A:T
22:31901195:C:T
22:31901393:C:G
22:31901432:A:G
22:31904170:A:G
22:31905703:A:G
22:31908025:A:G
22:31908678:A:AT
22:31908768:C:G
22:31911530:C:CTG
22:31911719:C:CT
22:31912119:A:G
22:31913271:A:G
22:31914399:A:G
22:31915817:C:T
22:31917415:A:G
22:31918673:C:T
22:31925073:A:G
22:31926725:C:T
22:31926743:A:G
22:31928890:G:T
22:31929432:C:T
22:31929480:C:T
22:31929654:C:T
22:31930567:C:T
22:31930813:A:G
22:31930972:A:G
22:31931171:C:CT
22:31932212:C:G
22:31934413:C:G
22:31935347:A:G
22:31937414:C:T
22:31937476:C:T
22:31939612:A:G
22:31939973:A:G
22:31940411:T:TA
22:31942233:G:T
22:31942770:A:G
22:31942829:A:AT
22:31943676:A:G
22:31943845:C:T
22:31944024:C:T
22:31947948:A:G
22:31948849:C:CAG
22:31948890:A:G
22:31949333:C:T
22:31949800:A:T
22:31950005:C:T
22:31950618:C:T
22:31950623:C:CT
22:31951123:C:CTTATA
22:31952045:A:G
22:31953962:C:T
22:31954891:C:T
22:31955432:C:T
22:31956810:C:G
22:31957065:A:G
22:31957077:A:G
22:31957752:A:G
22:31958423:C:CA
22:31958620:A:AT
22:31959566:T:TTTG
22:31960966:A:ATT
22:31962106:A:AT
22:31964043:A:G
22:31964143:A:C
22:31964179:G:GT
22:31965933:C:CAA
22:31966274:C:T
22:31967062:A:G
22:31971282:C:T
22:31976235:A:G
22:31976451:A:AC
22:31976999:G:T
22:31977874:C:T
22:31978675:C:T
22:31980134:G:T
22:31982241:C:G
22:31984827:A:G
22:31985197:C:CGT
22:31985776:A:T
22:31987734:A:G
22:31987750:C:T
22:31988846:A:G
22:31989157:C:T
22:31989561:C:T
22:31989582:C:T
22:31989809:A:G
22:31989973:C:CGAGGGA
22:31989991:A:AGAGGGG
22:31990675:A:G
22:31990930:G:T
22:31991001:A:G
22:31992151:A:G
22:31992645:C:T
22:31992769:C:CA
22:31993382:G:T
22:31993652:G:T
22:31994406:A:C
22:31995316:C:CT
22:31995866:A:AT
22:31996625:A:C
22:31998612:A:G
22:31999223:A:G
22:32001037:C:T
22:32001050:A:G
22:32003418:A:G
22:32004588:A:G
22:32004633:T:TAAAG
22:32007863:C:T
22:32008039:A:G
22:32008365:A:G
22:32012634:C:T
22:32013505:A:G
22:32013745:C:T
22:32014161:A:G
22:32014250:A:G
22:32015162:C:T
22:32015406:C:T
22:32015450:G:T
22:32015964:A:ATC
22:32016092:A:G
22:32017296:A:G
22:32020745:A:G
22:32023503:C:CAG
22:32025370:C:G
22:32025560:A:G
22:32025570:G:T
22:32026924:G:T
22:32026925:C:T
22:32027125:C:CT
22:32027449:A:G
22:32027876:A:G
22:32027922:A:G
22:32028355:A:G
22:32028721:A:C
22:32028768:C:T
22:32029392:A:G
22:32030587:A:G
22:32030693:A:G
22:32032040:C:G
22:32032278:A:T
22:32033190:C:T
22:32034475:C:T
22:32034875:A:G
22:32035250:C:T
22:32035638:T:TTA
22:32036332:C:T
22:32037530:C:T
22:32039108:A:AATAGAG
22:32039851:A:G
22:32040382:C:T
22:32041055:C:T
22:32041644:A:G
22:32041676:C:T
22:32041841:C:T
22:32041841:T:TA
22:32042345:C:G
22:32042732:A:G
22:32047110:C:T
22:32047398:A:G
22:32048655:C:T
22:32049020:A:G
22:32049917:C:T
22:32051148:C:T
22:32051302:C:CT
22:32052370:C:T
22:32052566:C:T
22:32052599:A:G
22:32054363:A:G
22:32054415:C:T
22:32056486:A:C
22:32057964:C:T
22:32059485:C:T
22:32059637:C:G
22:32060148:C:T
22:32063120:A:T
22:32067158:C:T
22:32069414:C:G
22:32069904:G:T
22:32070637:C:G
22:32071017:A:G
22:32071195:A:G
22:32074392:C:T
22:32074562:C:T
22:32074719:C:T
22:32075539:C:T
22:32075631:C:T
22:32075899:C:T
22:32076919:A:G
22:32076955:A:C
22:32079447:A:C
22:32082345:C:T
22:32082427:A:G
22:32083756:A:G
22:32086369:C:T
22:32086444:C:T
22:32092981:A:T
22:32093181:A:G
22:32093868:C:CTA
22:32095147:C:T
22:32095499:C:G
22:32097775:C:T
22:32100550:C:T
22:32100857:C:T
22:32102121:C:CA
22:32103342:G:GAACA
22:32104138:G:GA
22:32104168:C:G
22:32104311:C:T
22:32104464:C:T
22:32106004:A:G
22:32106702:A:G
22:32108824:A:T
22:32110943:A:G
22:32114789:G:GTGGCTCATGCCTGTAATTCCAG
22:32114843:C:T
22:32115569:G:T
22:32115650:C:G
22:32115969:A:G
22:32118235:A:G
22:32120028:C:T
22:32120373:A:G
22:32121626:C:G
22:32123696:A:G
22:32124470:A:G
22:32124778:C:T
22:32126363:A:G
22:32128271:A:G
22:32129347:G:GTGGTGCCA
22:32129456:A:G
22:32129499:C:G
22:32129550:C:T
22:32129611:A:C
22:32130249:A:G
22:32130277:C:T
22:32131022:G:T
22:32131426:C:CA
22:32131610:C:T
22:32131628:G:GAA
22:32131933:A:G
22:32132184:A:G
22:32133194:C:G
22:32133843:A:G
22:32134214:A:C
22:32135812:A:G
22:32136216:A:AT
22:32137206:C:T
22:32137456:A:T
22:32140230:C:T
22:32140379:A:G
22:32140934:A:C
22:32141188:C:G
22:32141362:C:CAAAAAAT
22:32141843:A:T
22:32141845:A:T
22:32143243:C:T
22:32144492:C:G
22:32144879:C:T
22:32147296:A:G
22:32151214:A:G
22:32151704:C:T
22:32153842:C:T
22:32154922:C:T
22:32155369:G:GT
22:32158618:A:G
22:32159137:C:T
22:32160627:C:G
22:32161092:C:T
22:32161784:A:G
22:32165032:G:T
22:32165326:A:G
22:32165508:A:C
22:32166346:A:C
22:32166533:A:AT
22:32167271:A:G
22:32170124:A:G
22:32170342:G:T
22:32170898:G:T
22:32172980:A:G
22:32173367:A:G
22:32173413:A:AT
22:32174198:A:G
22:32176098:T:TAG
22:32176319:A:G
22:32176825:A:C
22:32177518:A:G
22:32177821:G:T
22:32181259:A:C
22:32181265:A:AAAGT
22:32182708:A:T
22:32186768:C:T
22:32187380:C:T
22:32187549:A:G
22:32187867:A:C
22:32189914:C:G
22:32190015:A:G
22:32191591:G:T
22:32193932:A:T
22:32198473:A:G
22:32198862:C:T
22:32199400:A:G
22:32200403:A:G
22:32203321:C:T
22:32203895:G:T
22:32204634:C:T
22:32205234:A:G
22:32205632:A:C
22:32205703:C:T
22:32207203:A:G
22:32209191:C:G
22:32210763:C:T
22:32211412:A:C
22:32211450:A:G
22:32217162:C:T
22:32220629:C:T
22:32220680:A:G
22:32222476:C:G
22:32224598:C:CT
22:32224804:A:G
22:32227930:C:T
22:32228151:A:T
22:32228471:C:CT
22:32229649:A:G
22:32229977:A:G
22:32230185:A:G
22:32230348:G:T
22:32230647:A:C
22:32230751:A:G
22:32236149:C:T
22:32240127:A:G
22:32240226:A:T
22:32240229:A:T
22:32243020:T:TC
22:32246924:A:C
22:32247002:C:T
22:32248244:C:T
22:32248370:A:G
22:32250725:A:G
22:32251366:C:CT
22:32251449:A:G
22:32252141:A:G
22:32252434:A:G
22:32254057:A:G
22:32254332:A:AAAG
22:32254971:C:T
22:32255375:C:CT
22:32255802:A:G
22:32258167:A:G
22:32258289:A:G
22:32259855:A:G
22:32259908:G:GA
22:32260097:C:CT
22:32260539:A:ATTTC
22:32260815:C:T
22:32262530:A:C
22:32263837:C:G
22:32264531:C:T
22:32265759:A:G
22:32266157:A:T
22:32267042:A:G
22:32268400:A:G
22:32268721:T:TTTTTA
22:32269699:A:G
22:32272730:G:T
22:32273159:C:T
22:32273476:A:G
22:32275789:A:G
22:32275852:A:G
22:32275942:C:T
22:32277863:C:G
22:32280610:C:T
22:32281478:A:G
22:32282047:C:G
22:32282716:C:T
22:32284677:A:G
22:32285303:G:T
22:32286367:C:T
22:32287788:C:G
22:32288524:A:G
22:32289919:A:G
22:32291244:A:C
22:32292880:A:G
22:32296586:C:G
22:32296618:A:G
22:32299538:C:T
22:32299587:C:T
22:32301770:A:G
22:32302730:C:T
22:32303383:G:GT
22:32303490:C:T
22:32303780:A:G
22:32304479:A:AG
22:32304834:G:GAT
22:32306620:A:G
22:32307183:C:T
22:32308736:C:G
22:32308974:A:AT
22:32309006:G:T
22:32309241:C:T
22:32310904:G:T
22:32311093:C:CA
22:32312842:C:T
22:32313727:A:G
22:32313933:C:T
22:32314280:A:AAAAT
22:32314330:C:T
22:32315089:C:G
22:32315735:C:T
22:32316947:A:G
22:32317905:A:G
22:32318631:A:G
22:32321670:A:G
22:32322414:A:C
22:32322995:C:CAA
22:32324140:C:T
22:32324696:C:CA
22:32325112:G:GCCTGCCCT
22:32325460:A:G
22:32325582:A:G
22:32326021:C:T
22:32326238:A:G
22:32327794:A:G
22:32327915:T:TGAAAG
22:32328749:A:G
22:32329263:A:G
22:32329293:A:G
22:32331038:A:AAGAG
22:32331594:A:G
22:32331686:A:G
22:32332118:A:C
22:32333063:A:T
22:32333783:C:G
22:32334021:A:T
22:32334203:C:T
22:32334229:A:C
22:32334295:C:G
22:32334601:C:G
22:32334626:A:G
22:32334686:A:G
22:32335416:A:G
22:32335594:A:G
22:32336218:A:C
22:32336264:C:T
22:32336433:C:T
22:32336471:C:T
22:32336710:C:CG
22:32336956:C:T
22:32337384:C:CAAATTTT
22:32338005:A:C
22:32338186:C:T
22:32340565:T:TGCCTGCA
22:32340880:C:CG
22:32341141:C:T
22:32341684:C:T
22:32341790:C:T
22:32341957:A:G
22:32342976:A:G
22:32343613:G:GCTCT
22:32343847:C:T
22:32344375:A:AT
22:32345294:C:G
22:32345943:A:AT
22:32347308:C:T
22:32347771:A:C
22:32348239:A:G
22:32348513:A:G
22:32349063:C:T
22:32349824:T:TAA
22:32349825:T:TG
22:32353706:C:CCT
22:32355005:C:T
22:32355011:C:G
22:32356150:G:T
22:32356474:A:T
22:32358082:C:T
22:32358588:A:G
22:32359684:A:G
22:32360202:C:G
22:32360761:T:TTTGTTTG
22:32361070:A:T
22:32361071:A:T
22:32361535:C:G
22:32362000:G:T
22:32362064:A:G
22:32363354:A:G
22:32363644:A:G
22:32363761:C:T
22:32364397:C:G
22:32364401:A:T
22:32364746:G:GA
22:32364804:G:GCA
22:32364809:A:C
22:32365190:A:T
22:32365719:G:T
22:32366632:A:G
22:32368343:A:G
22:32368864:A:G
22:32368893:C:G
22:32371492:A:G
22:32373584:A:G
22:32373653:A:C
22:32375846:T:TG
22:32376634:C:T
22:32376970:A:T
22:32379254:C:G
22:32379613:C:G
22:32379736:G:GA
22:32380164:C:G
22:32381128:C:T
22:32382243:C:T
22:32382245:C:T
22:32383158:G:T
22:32385890:C:T
22:32386067:G:GC
22:32387705:T:TTC
22:32390134:A:G
22:32390984:C:G
22:32398185:A:T
22:32400244:C:T
22:32405055:C:T
22:32405578:A:G
22:32406034:A:G
22:32406333:A:G
22:32406612:A:G
22:32408491:C:T
22:32412633:G:T
22:32415163:C:T
22:32417247:A:G
22:32417448:T:TA
22:32418552:A:G
22:32422747:C:T
22:32424055:C:T
22:32427221:C:CAT
22:32427222:A:G
22:32435511:A:G
22:32437340:A:G
22:32438354:G:T
22:32438994:A:G
22:32439991:A:G
22:32440517:C:T
22:32441956:A:T
22:32443408:G:GCTTTTCCTTGGTCAGTTGCTAC
22:32444217:A:G
22:32445121:T:TTA
22:32445212:C:CTATATA
22:32445218:A:C
22:32449042:C:G
22:32454357:A:T
22:32456117:C:CAT
22:32463344:A:T
22:32463350:A:T
22:32463351:A:T
22:32466012:C:T
22:32467405:C:G
22:32468425:A:G
22:32469384:A:T
22:32472781:A:T
22:32473177:C:T
22:32476600:A:G
22:32478195:G:T
22:32483228:C:T
22:32483350:A:T
22:32485413:C:CAA
22:32486718:A:G
22:32487141:G:GT
22:32488848:C:T
22:32490814:G:T
22:32494778:C:T
22:32500485:C:T
22:32500704:G:GC
22:32503019:A:G
22:32506613:A:AT
22:32508004:C:T
22:32508445:C:T
22:32509440:A:G
22:32511927:A:G
22:32515421:A:T
22:32516261:C:T
22:32518021:A:G
22:32518102:A:G
22:32519019:C:T
22:32519194:C:T
22:32520252:C:T
22:32523047:A:G
22:32524906:A:G
22:32525184:A:G
22:32527874:A:T
22:32528442:A:T
22:32530256:A:C
22:32531380:C:G
22:32531723:C:T
22:32531743:A:G
22:32531753:A:G
22:32532325:A:G
22:32533584:A:G
22:32534291:G:GT
22:32534353:G:T
22:32534371:A:G
22:32534485:T:TA
22:32534839:G:GA
22:32535376:A:G
22:32535869:C:G
22:32536205:C:T
22:32536821:A:G
22:32538195:A:T
22:32538875:C:T
22:32539051:C:T
22:32539649:A:G
22:32539704:A:C
22:32540416:A:AAC
22:32540651:A:G
22:32541052:G:T
22:32541464:C:T
22:32541496:A:ATAATT
22:32541509:C:T
22:32541838:T:TA
22:32541877:C:T
22:32541894:A:G
22:32542616:G:T
22:32542889:C:G
22:32543058:C:T
22:32543327:G:GC
22:32543338:C:T
22:32543456:A:G
22:32543496:A:G
22:32543636:C:T
22:32544852:C:G
22:32547012:A:G
22:32547861:T:TTGGGAAAGACAGAGGAG
22:32547983:A:AC
22:32548421:A:G
22:32548425:G:T
22:32548798:C:G
22:32549246:A:T
22:32549882:A:G
22:32550983:A:G
22:32551274:C:G
22:32551528:C:T
22:32551609:A:T
22:32551703:C:T
22:32552082:A:T
22:32552755:A:C
22:32552939:A:G
22:32553078:C:T
22:32553399:A:G
22:32554140:C:G
22:32554162:C:T
22:32554184:C:G
22:32554860:A:G
22:32554996:C:T
22:32555717:C:G
22:32556062:A:G
22:32556323:A:T
22:32556500:A:G
22:32556519:A:G
22:32559433:G:T
22:32559835:A:G
22:32560045:A:C
22:32561230:C:T
22:32562473:C:T
22:32562972:C:T
22:32564608:A:T
22:32565063:A:G
22:32565433:A:G
22:32565654:C:T
22:32568411:C:G
22:32568600:C:T
22:32568786:C:T
22:32569263:C:T
22:32569772:C:T
22:32570351:C:T
22:32570395:A:AAAAT
22:32570663:A:G
22:32570876:C:T
22:32571022:C:T
22:32571940:C:T
22:32572540:T:TG
22:32575709:C:T
22:32575782:A:C
22:32576956:A:G
22:32577050:A:AT
22:32577054:G:T
22:32577071:A:G
22:32579742:C:T
22:32580129:A:T
22:32580470:A:G
22:32580616:C:T
22:32585850:A:C
22:32587845:A:G
22:32589090:C:T
22:32589827:A:G
22:32590852:C:T
22:32595898:A:AC
22:32596595:A:G
22:32599811:C:G
22:32600915:A:G
22:32601422:C:T
22:32601575:C:G
22:32602718:C:T
22:32604011:A:C
22:32604030:A:G
22:32604385:C:G
22:32604717:C:T
22:32604761:C:G
22:32604888:A:G
22:32604899:G:T
22:32604929:C:T
22:32604989:A:G
22:32607057:A:G
22:32607665:C:G
22:32608602:C:T
22:32609515:C:T
22:32609587:A:C
22:32609778:G:GAT
22:32610747:T:TA
22:32611236:C:T
22:32611862:G:T
22:32615113:A:G
22:32616657:C:T
22:32616870:A:G
22:32617121:A:G
22:32617685:A:C
22:32617834:C:T
22:32618169:A:AC
22:32619091:G:T
22:32619215:C:T
22:32620057:A:G
22:32621469:A:G
22:32622539:A:G
22:32623391:G:T
22:32624064:C:T
22:32624389:C:T
22:32624549:A:T
22:32624603:A:G
22:32624674:C:T
22:32625210:C:T
22:32626852:C:T
22:32627264:C:T
22:32627623:C:T
22:32628436:A:G
22:32631964:A:G
22:32633733:G:T
22:32634877:A:G
22:32635788:A:G
22:32635791:A:C
22:32636089:G:T
22:32637788:A:G
22:32637896:G:T
22:32638327:A:C
22:32638516:A:G
22:32639238:A:G
22:32640705:A:G
22:32645896:A:AT
22:32646746:A:G
22:32647332:C:T
22:32648195:C:T
22:32648389:A:T
22:32649431:A:C
22:32649772:C:CT
22:32649875:A:C
22:32649994:C:T
22:32650200:C:T
22:32650574:A:G
22:32651262:A:G
22:32651563:A:G
22:32651994:A:G
22:32652009:G:T
22:32652029:C:T
22:32652251:C:T
22:32652404:C:T
22:32652445:A:G
22:32652584:C:T
22:32653038:A:C
22:32653417:C:G
22:32653428:A:G
22:32653527:C:T
22:32654167:A:G
22:32654177:C:T
22:32654844:A:G
22:32654845:A:T
22:32654959:A:G
22:32654975:A:G
22:32655284:A:G
22:32655967:C:G
22:32656022:A:G
22:32656252:T:TG
22:32657177:G:T
22:32657397:C:T
22:32657493:C:T
22:32658620:A:G
22:32659631:A:T
22:32659884:C:T
22:32660060:G:GAAATACCCA
22:32660412:A:G
22:32663936:C:T
22:32665756:A:C
22:32666087:C:T
22:32666596:A:G
22:32666627:A:G
22:32666775:A:G
22:32667097:C:T
22:32667191:G:T
22:32667507:A:G
22:32667898:C:G
22:32668008:C:T
22:32668371:A:G
22:32668417:C:G
22:32668527:G:T
22:32668603:A:C
22:32668904:C:T
22:32669819:C:T
22:32669833:C:G
22:32669926:C:T
22:32670028:A:AT
22:32670088:A:G
22:32670090:C:G
22:32670274:A:G
22:32670765:A:G
22:32670915:T:TCCAC
22:32671453:C:T
22:32671545:C:T
22:32671990:C:T
22:32672691:A:T
22:32672748:A:G
22:32672792:A:G
22:32673047:C:T
22:32673459:G:T
22:32673529:C:T
22:32673998:G:GCAGA
22:32675030:A:G
22:32675249:C:T
22:32676246:A:AC
22:32676443:C:G
22:32676796:C:G
22:32676841:C:G
22:32677130:A:G
22:32677346:C:T
22:32678109:C:T
22:32678172:A:T
22:32678321:A:G
22:32678343:A:G
22:32678351:G:T
22:32678415:T:TC
22:32678473:A:G
22:32678481:A:G
22:32678483:A:G
22:32679226:A:G
22:32679381:C:T
22:32679643:C:T
22:32680021:T:TC
22:32680262:A:G
22:32680589:G:T
22:32680887:A:G
22:32680999:A:G
22:32681006:A:G
22:32681103:C:T
22:32681149:A:G
22:32681699:T:TTTTTA
22:32681824:C:T
22:32681913:C:T
22:32682019:A:G
22:32682021:C:G
22:32682179:A:G
22:32682208:A:G
22:32682240:A:G
22:32682315:A:G
22:32682402:A:G
22:32683003:C:T
22:32683073:A:G
22:32683165:A:G
22:32683374:G:T
22:32683378:G:T
22:32683447:T:TTAAAAG
22:32683496:C:T
22:32683712:A:G
22:32683725:A:G
22:32683992:A:ATTTC
22:32684655:A:T
22:32684859:A:G
22:32685124:C:G
22:32685223:A:T
22:32686056:G:GTTTTTCTT
22:32686099:C:G
22:32686135:A:G
22:32686194:C:T
22:32686210:A:G
22:32686466:C:T
22:32686573:A:G
22:32686596:C:G
22:32686654:A:T
22:32686684:C:G
22:32686685:A:G
22:32686736:A:G
22:32686862:A:G
22:32687036:C:T
22:32687182:G:GTTTA
22:32687407:A:G
22:32687543:C:T
22:32687583:C:G
22:32687627:A:C
22:32687680:A:C
22:32687758:A:C
22:32687780:A:C
22:32687817:A:G
22:32687882:C:T
22:32687969:C:T
22:32688017:A:G
22:32688032:A:T
22:32688059:G:GTA
22:32688258:C:T
22:32688264:A:ATAT
22:32688462:C:T
22:32688492:A:G
22:32688519:C:T
22:32688557:A:C
22:32688579:A:G
22:32688921:C:T
22:32689181:C:T
22:32689183:A:T
22:32689211:A:G
22:32689618:A:G
22:32689640:C:G
22:32689662:G:T
22:32689670:C:T
22:32689723:A:G
22:32689887:C:T
22:32689963:C:G
22:32690132:C:T
22:32690240:C:T
22:32690373:G:GAGA
22:32690526:G:T
22:32690577:C:CATTAAT
22:32690596:C:T
22:32691601:C:G
22:32691629:A:C
22:32692692:A:T
22:32692741:A:G
22:32692773:A:G
22:32692881:C:T
22:32693187:A:G
22:32693191:A:T
22:32693529:C:CTT
22:32695314:C:T
22:32695996:C:T
22:32696120:A:G
22:32696222:C:G
22:32696315:A:C
22:32696347:A:G
22:32696364:A:G
22:32696421:C:T
22:32696450:A:C
22:32696509:A:G
22:32696512:C:T
22:32696571:A:G
22:32696601:C:T
22:32696614:A:G
22:32696619:C:G
22:32696710:A:G
22:32696736:C:T
22:32696737:A:G
22:32696834:C:T
22:32696858:A:G
22:32696877:A:G
22:32696972:C:T
22:32697018:C:T
22:32697165:A:G
22:32697178:A:G
22:32697234:C:T
22:32697389:C:T
22:32697577:C:T
22:32697599:A:G
22:32697642:C:T
22:32697754:C:G
22:32697791:A:G
22:32697816:A:ATAATT
22:32697842:A:C
22:32698018:C:T
22:32698247:T:TG
22:32698248:T:TG
22:32698290:A:AT
22:32698361:A:G
22:32698480:A:G
22:32698515:A:G
22:32698594:C:T
22:32698615:C:G
22:32698647:C:G
22:32698720:C:T
22:32698781:C:T
22:32698989:C:G
22:32699455:A:G
22:32699524:C:G
22:32699547:A:C
22:32699673:A:G
22:32699772:A:C
22:32699922:A:G
22:32700170:A:G
22:32700251:C:T
22:32700298:C:T
22:32700430:G:GTT
22:32700443:C:CTTTTTT
22:32700513:A:G
22:32700618:C:T
22:32700743:C:T
22:32700820:A:G
22:32700837:G:GT
22:32700873:T:TTTGAG
22:32700920:G:T
22:32701152:A:T
22:32701201:C:CT
22:32701277:A:G
22:32701770:C:T
22:32701799:C:G
22:32701940:G:T
22:32701953:G:T
22:32701968:A:G
22:32702023:C:T
22:32702078:A:G
22:32702159:C:T
22:32702222:A:G
22:32702260:A:G
22:32702280:A:G
22:32702287:C:CTAAAAA
22:32702325:A:G
22:32702329:G:GC
22:32702377:C:T
22:32702378:A:G
22:32702432:A:G
22:32702465:A:C
22:32702542:G:T
22:32702583:C:G
22:32702816:A:G
22:32702832:C:T
22:32702907:C:T
22:32702921:C:G
22:32702922:G:T
22:32702946:A:G
22:32703032:A:C
22:32703072:A:C
22:32703095:C:T
22:32703155:G:GGGTT
22:32703292:C:T
22:32703536:C:G
22:32703815:C:G
22:32703822:C:G
22:32703921:C:CAT
22:32704208:T:TC
22:32704231:C:G
22:32704446:C:G
22:32704449:G:GGA
22:32704692:T:TTGC
22:32704750:C:CATGT
22:32704873:A:G
22:32704964:C:T
22:32705020:G:T
22:32705071:C:T
22:32705098:A:G
22:32705161:A:G
22:32705463:A:G
22:32705471:A:C
22:32705515:C:T
22:32705624:A:C
22:32706068:T:TGG
22:32706221:C:G
22:32706824:A:C
22:32706904:A:C
22:32707171:C:G
22:32707408:A:G
22:32707462:C:G
22:32707776:C:T
22:32708350:A:G
22:32708691:C:T
22:32709093:C:T
22:32709197:A:C
22:32709604:A:G
22:32709611:A:C
22:32709692:C:T
22:32709808:A:AG
22:32710817:C:T
22:32710850:C:T
22:32710985:A:G
22:32711196:C:T
22:32711222:T:TA
22:32711271:C:CAG
22:32711517:A:G
22:32711799:A:AAAAG
22:32711979:C:T
22:32712273:A:G
22:32712515:C:CT
22:32712620:C:G
22:32712722:A:G
22:32712863:G:T
22:32713280:A:T
22:32713734:A:T
22:32713762:C:T
22:32714214:A:G
22:32714339:C:G
22:32714653:C:T
22:32714691:C:T
22:32714697:A:G
22:32714912:A:G
22:32715154:C:G
22:32715485:A:G
22:32715559:A:C
22:32715985:C:T
22:32716092:A:G
22:32716130:C:T
22:32716259:A:G
22:32716297:C:T
22:32716723:A:AAAAC
22:32716881:C:CCTCT
22:32717003:A:G
22:32717050:A:G
22:32717071:A:G
22:32717173:C:T
22:32717273:C:CTAAA
22:32717289:C:T
22:32717429:A:ACT
22:32717621:C:G
22:32717682:A:G
22:32717703:C:G
22:32717738:A:G
22:32718042:A:G
22:32718380:A:G
22:32718572:C:CA
22:32719049:C:T
22:32719204:C:G
22:32719337:C:T
22:32719359:A:G
22:32719481:A:G
22:32719540:A:G
22:32719893:T:TA
22:32720031:C:T
22:32720245:C:T
22:32720247:C:T
22:32720254:G:GTA
22:32720258:A:G
22:32720404:C:T
22:32720439:A:G
22:32720627:C:T
22:32720648:C:T
22:32720662:A:G
22:32720757:C:T
22:32720785:A:G
22:32720943:A:G
22:32721091:C:G
22:32721231:C:T
22:32721624:A:T
22:32722305:A:G
22:32722442:A:C
22:32722485:A:G
22:32722963:A:C
22:32723020:A:T
22:32723038:A:G
22:32723589:A:G
22:32723739:T:TG
22:32723988:C:G
22:32724003:C:T
22:32724088:C:G
22:32724526:A:C
22:32724532:A:G
22:32724825:A:G
22:32725026:A:G
22:32725162:A:G
22:32726354:A:ACT
22:32726441:G:GGT
22:32726515:C:G
22:32726670:C:G
22:32727537:A:G
22:32728405:T:TC
22:32728946:C:T
22:32728966:A:G
22:32729001:A:G
22:32729100:C:T
22:32729214:G:T
22:32729397:A:G
22:32729399:A:G
22:32729530:C:T
22:32729546:C:T
22:32729845:C:CCA
22:32729916:C:CAT
22:32730016:G:GCACA
22:32730052:T:TAC
22:32730127:G:GAC
22:32730157:A:G
22:32730361:A:G
22:32730739:A:G
22:32731481:G:T
22:32731628:C:T
22:32731818:C:T
22:32731840:G:T
22:32731846:C:G
22:32732153:A:G
22:32732169:C:G
22:32732227:C:G
22:32732605:C:T
22:32732644:A:G
22:32733254:C:T
22:32733276:C:T
22:32733465:A:G
22:32733531:A:AAAG
22:32733838:A:AGAT
22:32733899:C:CTG
22:32733904:C:T
22:32733990:A:ACT
22:32734385:T:TA
22:32734609:C:T
22:32734710:A:G
22:32734792:A:G
22:32735243:A:G
22:32735942:C:T
22:32735950:C:T
22:32736376:C:T
22:32736398:A:G
22:32736667:A:G
22:32736855:A:G
22:32737231:G:T
22:32737234:A:G
22:32737324:A:G
22:32737328:A:G
22:32737413:C:T
22:32737732:A:T
22:32737733:C:G
22:32737921:A:G
22:32738165:C:T
22:32738182:A:G
22:32738351:A:G
22:32738469:C:T
22:32738838:C:T
22:32738933:A:G
22:32739055:C:CCTT
22:32740044:A:G
22:32740795:C:T
22:32741123:C:T
22:32741945:A:G
22:32742378:C:T
22:32742532:C:T
22:32742582:C:T
22:32742600:C:T
22:32743369:C:G
22:32743923:A:G
22:32743969:C:T
22:32744111:C:T
22:32744411:C:T
22:32744544:A:C
22:32744596:C:T
22:32745162:A:G
22:32745224:T:TG
22:32745266:C:T
22:32745418:G:T
22:32745916:C:T
22:32745953:A:G
22:32746172:C:T
22:32746242:A:C
22:32746299:C:T
22:32746336:C:T
22:32746367:A:G
22:32747253:C:T
22:32748265:A:G
22:32748873:A:G
22:32749527:C:CCT
22:32749742:A:G
22:32749794:C:T
22:32750042:C:G
22:32750115:A:C
22:32750325:A:G
22:32750646:A:G
22:32750675:A:C
22:32751061:C:T
22:32751230:C:CCAAT
22:32751244:G:T
22:32751455:A:G
22:32751905:C:T
22:32752044:A:G
22:32752450:A:C
22:32752493:C:T
22:32752707:G:T
22:32752990:C:G
22:32753004:A:C
22:32753076:C:T
22:32753459:C:CT
22:32753904:C:T
22:32754386:A:C
22:32755074:G:T
22:32755097:A:C
22:32755546:A:T
22:32756101:C:T
22:32756970:A:G
22:32757483:C:G
22:32757510:C:CA
22:32757792:C:T
22:32757806:A:G
22:32758071:A:G
22:32758589:C:T
22:32758843:C:T
22:32759025:C:G
22:32759799:A:T
22:32760562:C:T
22:32760692:C:T
22:32760768:A:G
22:32760870:C:CCTCTGCCCCAGGA
22:32761065:A:AT
22:32761119:C:T
22:32761805:A:C
22:32761901:A:T
22:32761942:A:G
22:32762151:C:T
22:32762258:A:C
22:32762301:C:T
22:32762406:A:G
22:32762548:G:T
22:32762572:A:G
22:32762737:A:G
22:32762743:A:G
22:32762869:T:TA
22:32762902:A:G
22:32762937:G:T
22:32762992:A:G
22:32763169:C:T
22:32763254:A:G
22:32763595:C:T
22:32763787:C:T
22:32763829:A:G
22:32763969:A:G
22:32764135:C:T
22:32764720:C:G
22:32764869:A:G
22:32765543:C:T
22:32765571:A:C
22:32765949:G:T
22:32766764:A:C
22:32766927:A:G
22:32766985:C:G
22:32767243:A:G
22:32767426:A:G
22:32767460:A:C
22:32767669:A:G
22:32768048:C:T
22:32768074:A:AG
22:32768076:G:GA
22:32768377:C:T
22:32768551:C:T
22:32768906:T:TAC
22:32768988:A:C
22:32769005:C:T
22:32769098:A:T
22:32769158:C:T
22:32769174:C:G
22:32769351:C:T
22:32769416:A:G
22:32769624:A:G
22:32769792:C:CT
22:32769845:C:T
22:32769853:C:G
22:32770156:C:T
22:32770200:C:T
22:32770381:G:T
22:32770418:C:T
22:32770504:C:G
22:32770578:C:G
22:32770641:C:T
22:32771655:G:T
22:32772112:A:G
22:32772490:C:T
22:32772681:C:T
22:32772924:C:T
22:32773169:C:T
22:32773266:A:G
22:32773360:C:G
22:32773365:A:AC
22:32773418:C:T
22:32774930:C:T
22:32774944:C:T
22:32775013:C:G
22:32776642:A:G
22:32776881:C:T
22:32777319:T:TA
22:32777364:A:G
22:32777569:A:G
22:32777852:G:T
22:32777883:A:G
22:32778254:A:G
22:32778469:A:G
22:32778503:C:G
22:32778507:A:G
22:32779227:C:T
22:32779244:C:T
22:32779924:A:G
22:32779967:A:C
22:32780126:A:G
22:32780240:C:T
22:32780396:C:G
22:32780557:C:T
22:32781422:G:T
22:32781931:A:G
22:32781993:G:T
22:32782118:G:T
22:32782154:A:G
22:32783124:C:G
22:32783301:C:T
22:32783904:C:T
22:32785078:A:G
22:32785859:A:G
22:32786217:A:G
22:32786254:C:G
22:32786540:A:G
22:32787938:A:G
22:32788028:C:T
22:32788076:A:T
22:32789082:C:T
22:32789520:G:T
22:32790810:C:T
22:32790972:A:G
22:32791003:A:C
22:32791495:C:T
22:32791508:C:T
22:32791929:G:GC
22:32792442:G:T
22:32792664:C:T
22:32793384:C:T
22:32793534:A:C
22:32793641:A:C
22:32794573:A:C
22:32794587:C:T
22:32794603:A:T
22:32794876:C:G
22:32795285:C:G
22:32795641:C:T
22:32795751:A:G
22:32796247:C:G
22:32796345:C:T
22:32796668:C:T
22:32796718:C:T
22:32797475:A:G
22:32798565:C:T
22:32798759:G:T
22:32799077:C:T
22:32799368:C:T
22:32799705:C:T
22:32800100:A:C
22:32800409:C:T
22:32800435:A:C
22:32800594:A:C
22:32801100:A:G
22:32802603:C:G
22:32803591:C:T
22:32803811:A:G
22:32803953:A:C
22:32804313:A:G
22:32804656:A:G
22:32805015:C:T
22:32805407:A:T
22:32806097:C:G
22:32806331:A:G
22:32806595:A:T
22:32807375:A:G
22:32807769:C:T
22:32808078:A:G
22:32808355:A:G
22:32808537:T:TA
22:32808826:C:T
22:32808998:C:T
22:32809832:C:T
22:32810378:G:T
22:32811230:G:T
22:32811952:A:G
22:32812191:C:T
22:32812458:A:G
22:32813339:A:T
22:32813555:A:G
22:32813600:C:T
22:32813843:A:T
22:32813934:G:T
22:32814532:A:G
22:32816321:A:AAT
22:32817147:A:G
22:32818916:C:T
22:32819478:G:T
22:32819566:G:T
22:32819658:C:CA
22:32820366:A:G
22:32820516:A:AAGGGTAT
22:32820855:A:G
22:32820957:C:T
22:32821072:C:T
22:32821139:G:T
22:32821277:A:C
22:32821278:C:T
22:32821301:A:G
22:32821401:C:G
22:32821541:A:G
22:32822188:C:T
22:32822617:A:G
22:32822751:C:T
22:32822820:A:G
22:32823071:A:G
22:32823156:A:G
22:32823835:A:G
22:32823843:A:G
22:32824257:C:T
22:32824278:A:G
22:32824885:C:CA
22:32824908:A:C
22:32825180:C:CTTTTCTTTTTTTCT
22:32825187:T:TTTTTAC
22:32825414:C:T
22:32825416:A:C
22:32825565:A:G
22:32825599:C:G
22:32825944:A:G
22:32826277:G:T
22:32826543:C:T
22:32826722:A:G
22:32827058:C:T
22:32827586:C:T
22:32829480:C:T
22:32830085:A:C
22:32830218:C:CTTTA
22:32831410:A:C
22:32831540:C:T
22:32831809:A:G
22:32832070:C:T
22:32832899:G:GA
22:32832988:A:T
22:32833169:A:C
22:32834179:G:GGAATGT
22:32835459:C:T
22:32835585:A:G
22:32835694:C:T
22:32835882:A:G
22:32835943:A:G
22:32836299:A:T
22:32836351:A:ACTC
22:32836632:A:C
22:32838255:A:G
22:32838376:C:T
22:32838494:A:C
22:32838525:C:T
22:32839236:C:T
22:32839255:A:G
22:32839396:C:T
22:32839762:A:G
22:32840736:C:G
22:32840741:C:T
22:32841355:G:T
22:32841503:A:G
22:32842072:C:T
22:32842314:C:T
22:32842348:A:G
22:32843436:C:T
22:32843594:C:CT
22:32843666:C:T
22:32843713:C:T
22:32843845:C:T
22:32843938:C:T
22:32844022:A:T
22:32844853:A:AG
22:32845403:A:G
22:32845733:C:T
22:32845883:A:G
22:32845957:C:G
22:32846128:C:T
22:32846150:C:CAT
22:32846707:A:C
22:32846891:G:T
22:32848737:G:T
22:32849929:A:C
22:32850800:A:G
22:32850930:C:T
22:32851010:A:G
22:32851038:A:T
22:32852077:C:T
22:32852151:C:G
22:32852177:A:T
22:32852411:C:CTTCT
22:32852425:C:T
22:32852431:C:T
22:32852458:G:T
22:32852855:A:C
22:32852924:C:T
22:32853590:A:G
22:32853660:A:G
22:32853948:A:C
22:32855837:C:CAAAAT
22:32856244:C:G
22:32856594:C:T
22:32857821:C:G
22:32858428:C:T
22:32859702:C:T
22:32860185:C:T
22:32860792:C:T
22:32861083:G:T
22:32864879:A:G
22:32865087:T:TAA
22:32865210:C:T
22:32865533:C:G
22:32865604:A:G
22:32865675:C:T
22:32866686:A:G
22:32866934:C:T
22:32867160:C:G
22:32867334:A:AATCTTCT
22:32867528:A:G
22:32867876:C:T
22:32869011:C:T
22:32869073:A:C
22:32869495:G:T
22:32870661:C:T
22:32870769:C:T
22:32871227:C:T
22:32871365:A:G
22:32871383:G:T
22:32871442:A:C
22:32872258:A:C
22:32872593:A:G
22:32873108:G:T
22:32873127:C:G
22:32873496:A:C
22:32874258:G:T
22:32874449:A:G
22:32874551:A:G
22:32875190:A:G
22:32875557:C:T
22:32875590:A:G
22:32875871:A:G
22:32876647:A:C
22:32877009:A:T
22:32878244:C:T
22:32878510:C:T
22:32879317:A:T
22:32879617:G:T
22:32880585:C:T
22:32881600:C:T
22:32881746:A:G
22:32882121:A:G
22:32882414:A:G
22:32882440:C:G
22:32883019:T:TTGA
22:32883103:A:G
22:32883128:A:G
22:32883282:A:G
22:32883344:A:G
22:32884036:A:T
22:32884381:C:T
22:32884821:C:T
22:32884964:C:T
22:32885549:C:T
22:32885780:C:T
22:32886177:C:T
22:32886477:G:T
22:32886719:T:TA
22:32886785:C:T
22:32886998:C:T
22:32887150:C:T
22:32887498:C:T
22:32887566:A:G
22:32887596:A:G
22:32887607:C:CAT
22:32887661:A:G
22:32887732:C:T
22:32887782:A:G
22:32887823:C:CTT
22:32887949:C:T
22:32888084:A:G
22:32888622:A:G
22:32889796:A:G
22:32889815:A:T
22:32890094:T:TA
22:32891368:T:TTC
22:32891896:C:G
22:32892307:A:C
22:32892771:A:AATCTT
22:32893905:C:T
22:32893920:C:T
22:32895632:A:AT
22:32895731:C:T
22:32895892:A:G
22:32896113:A:T
22:32896531:C:G
22:32896590:C:T
22:32896797:A:G
22:32896804:A:G
22:32897231:A:G
22:32897469:C:CA
22:32897530:A:G
22:32898291:A:G
22:32898797:C:T
22:32899045:C:T
22:32899141:A:G
22:32899149:G:T
22:32899161:A:G
22:32899516:C:G
22:32899858:C:T
22:32899879:C:T
22:32900527:A:T
22:32900670:A:G
22:32900741:A:G
22:32900743:C:T
22:32900883:A:G
22:32901458:G:T
22:32901692:G:T
22:32901759:A:G
22:32902109:A:G
22:32902403:A:G
22:32902476:C:T
22:32902536:C:T
22:32902554:G:T
22:32902739:A:T
22:32903194:G:T
22:32904293:C:T
22:32904296:C:T
22:32904927:C:T
22:32905470:A:G
22:32911911:C:T
22:32913125:C:G
22:32920648:C:T
22:32920690:C:G
22:32920825:A:G
22:32921471:C:G
22:32921629:C:T
22:32922125:A:G
22:32922134:A:G
22:32922409:A:G
22:32924733:C:G
22:32925170:C:T
22:32925244:G:T
22:32926132:C:T
22:32927211:C:T
22:32927360:A:C
22:32927458:C:G
22:32927670:C:CT
22:32927793:G:GA
22:32929152:A:G
22:32930263:C:T
22:32930469:A:G
22:32930568:C:T
22:32931767:C:CG
22:32932417:T:TTAC
22:32933446:A:G
22:32934139:C:T
22:32934274:G:T
22:32934392:C:CTG
22:32934569:C:T
22:32934713:C:CT
22:32935071:C:T
22:32935220:C:T
22:32935307:G:GA
22:32935333:A:G
22:32935403:A:G
22:32935425:C:T
22:32935489:T:TGTATACACGG
22:32935552:A:G
22:32935567:C:T
22:32936049:C:T
22:32936298:A:G
22:32936531:A:G
22:32936813:C:T
22:32937037:A:C
22:32937740:C:T
22:32937828:C:T
22:32937959:C:T
22:32938088:C:T
22:32938285:C:G
22:32938507:C:T
22:32938557:C:T
22:32938641:C:T
22:32938912:A:C
22:32938935:C:G
22:32939013:A:G
22:32939476:C:T
22:32939719:A:G
22:32939814:A:G
22:32939848:C:T
22:32940436:C:T
22:32940660:C:T
22:32941967:C:G
22:32942352:C:T
22:32942929:C:CCTCT
22:32944027:C:T
22:32944483:C:T
22:32944642:A:G
22:32944778:A:C
22:32944823:C:T
22:32945612:A:C
22:32945806:C:T
22:32946113:C:T
22:32946319:A:G
22:32946342:A:C
22:32946350:T:TAA
22:32946828:A:T
22:32948426:C:T
22:32949990:C:G
22:32950584:A:G
22:32950645:A:G
22:32952498:C:CTA
22:32952820:G:T
22:32953258:A:G
22:32953435:C:G
22:32953459:C:T
22:32954314:A:G
22:32954443:A:G
22:32955634:A:AC
22:32956507:A:G
22:32956581:C:T
22:32956595:C:T
22:32958050:A:C
22:32958060:A:G
22:32958464:A:G
22:32958641:A:C
22:32958891:A:G
22:32959350:A:G
22:32959473:A:G
22:32959765:C:T
22:32960112:A:G
22:32960585:A:G
22:32960838:C:T
22:32960862:C:T
22:32960916:C:T
22:32961061:A:T
22:32961155:C:T
22:32961156:C:T
22:32961159:A:G
22:32961565:C:T
22:32961715:A:AT
22:32961818:C:G
22:32961944:C:T
22:32962088:C:T
22:32963295:A:G
22:32963314:A:C
22:32963344:T:TTTCC
22:32963983:C:T
22:32964767:A:T
22:32964990:A:G
22:32965049:A:G
22:32965259:A:ATCTG
22:32965577:A:AATCT
22:32965722:A:G
22:32966107:A:G
22:32966267:A:G
22:32966309:C:G
22:32966315:A:T
22:32966324:C:T
22:32966495:C:T
22:32966546:C:G
22:32966593:A:T
22:32966624:C:T
22:32966718:A:G
22:32967134:A:G
22:32967320:G:T
22:32967376:A:G
22:32967417:C:T
22:32968093:A:C
22:32968672:A:G
22:32969167:C:T
22:32969885:A:G
22:32969922:A:AT
22:32970188:C:T
22:32970662:A:C
22:32970911:C:T
22:32971883:A:C
22:32971900:C:T
22:32973268:G:T
22:32974170:C:CTCTT
22:32974240:C:T
22:32974574:A:G
22:32975659:C:T
22:32978251:G:T
22:32978959:C:T
22:32978987:A:G
22:32979438:A:G
22:32979602:C:T
22:32980130:A:G
22:32980197:G:T
22:32980607:C:T
22:32980676:A:G
22:32981706:A:AACATTGGGTTAC
22:32981758:C:T
22:32981824:A:G
22:32982077:C:T
22:32982583:C:T
22:32982798:C:T
22:32983858:A:G
22:32985081:C:G
22:32985205:C:T
22:32986179:G:T
22:32986431:C:T
22:32987212:G:T
22:32987221:T:TA
22:32987232:A:C
22:32987678:C:T
22:32988248:C:G
22:32988254:C:T
22:32989033:A:G
22:32990722:C:T
22:32992035:C:T
22:32992389:C:T
22:32993225:A:G
22:32995376:C:T
22:32995751:C:T
22:32996448:C:T
22:32997254:C:CT
22:32997392:C:T
22:32997766:C:T
22:32998964:C:CT
22:32999227:A:G
22:32999342:C:CA
22:33000394:A:G
22:33000835:C:CA
22:33000916:C:T
22:33000949:A:G
22:33001199:C:T
22:33001207:A:C
22:33002082:C:T
22:33003022:A:G
22:33003307:C:T
22:33004201:A:G
22:33004581:C:T
22:33005106:C:T
22:33005462:G:GT
22:33006279:A:C
22:33006631:C:CA
22:33006967:A:G
22:33007038:C:G
22:33007142:A:G
22:33007343:C:G
22:33007543:C:G
22:33008240:C:T
22:33008323:A:G
22:33008377:A:G
22:33008506:A:G
22:33009212:G:T
22:33009268:A:G
22:33009535:C:T
22:33009536:G:GT
22:33010147:C:T
22:33010548:A:G
22:33011147:C:T
22:33012294:C:G
22:33012372:C:G
22:33012466:C:T
22:33013152:A:G
22:33013164:A:G
22:33013299:C:T
22:33014449:A:G
22:33015191:A:G
22:33015565:A:G
22:33015877:A:G
22:33016852:C:T
22:33016853:A:G
22:33017527:C:G
22:33019427:C:G
22:33019789:G:T
22:33020998:C:G
22:33021338:C:T
22:33021647:C:T
22:33021961:A:G
22:33022820:A:G
22:33023797:A:AT
22:33023926:G:T
22:33024198:C:T
22:33025155:A:G
22:33025241:A:G
22:33027776:A:G
22:33028119:A:G
22:33028891:A:G
22:33029649:C:T
22:33030026:A:G
22:33031184:C:G
22:33031304:A:T
22:33031339:A:G
22:33031393:C:T
22:33032400:A:AAAAAG
22:33032458:C:T
22:33032722:G:T
22:33033587:A:C
22:33034008:A:G
22:33034206:A:G
22:33035042:A:C
22:33035130:A:G
22:33035250:A:G
22:33037035:A:G
22:33037195:C:T
22:33037373:C:T
22:33037467:A:G
22:33037748:A:C
22:33038432:A:T
22:33038660:C:T
22:33041277:A:C
22:33041872:A:G
22:33042209:C:T
22:33042541:A:G
22:33043437:C:CTTT
22:33043457:A:G
22:33043926:C:T
22:33044049:C:T
22:33044995:C:T
22:33045573:C:T
22:33046284:A:G
22:33046333:A:G
22:33046358:A:T
22:33048365:G:GT
22:33050566:C:T
22:33057624:A:C
22:33090257:A:T
22:33090434:A:C
22:33090648:C:T
22:33090726:C:T
22:33091173:A:C
22:33091592:C:T
22:33095560:A:G
22:33097419:A:G
22:33097461:T:TA
22:33097662:A:G
22:33098723:G:GA
22:33099675:C:T
22:33100737:C:T
22:33104058:C:T
22:33104103:C:T
22:33105227:A:G
22:33106047:G:GTA
22:33106084:C:CACATAT
22:33106533:C:T
22:33106947:G:T
22:33109906:C:T
22:33112683:A:AT
22:33118882:A:T
22:33120220:A:G
22:33120279:C:T
22:33122215:A:G
22:33123444:A:G
22:33123826:A:G
22:33124633:C:T
22:33125088:G:T
22:33125848:A:T
22:33125992:C:T
22:33126076:A:T
22:33126728:A:G
22:33126928:A:G
22:33127416:C:G
22:33127481:C:T
22:33127505:C:T
22:33127612:A:G
22:33127657:A:T
22:33128597:A:T
22:33128761:C:T
22:33129022:C:T
22:33129932:A:G
22:33130898:C:T
22:33131046:C:T
22:33131193:A:T
22:33131355:A:G
22:33131486:C:T
22:33131729:C:T
22:33132063:C:G
22:33132579:A:G
22:33132890:C:T
22:33133201:A:T
22:33133480:G:T
22:33133547:A:C
22:33133731:A:C
22:33133732:A:G
22:33133885:A:C
22:33133945:A:G
22:33135514:A:C
22:33135768:G:T
22:33136937:C:T
22:33138503:A:T
22:33138584:A:T
22:33138590:C:T
22:33138682:A:G
22:33139230:C:T
22:33139391:C:G
22:33140411:A:T
22:33140855:C:T
22:33142153:C:T
22:33144086:C:T
22:33144298:C:G
22:33144446:C:G
22:33145289:C:CG
22:33146363:A:G
22:33147275:C:T
22:33147483:C:T
22:33148391:A:G
22:33148846:A:G
22:33149095:A:G
22:33149936:A:C
22:33150447:T:TA
22:33150536:A:G
22:33151540:C:T
22:33151639:C:T
22:33152045:C:T
22:33152373:C:T
22:33152977:C:T
22:33153280:C:CTT
22:33153314:A:G
22:33153835:A:AG
22:33154974:C:T
22:33155017:A:G
22:33155146:C:T
22:33155598:C:CT
22:33155651:C:T
22:33155759:C:T
22:33156343:G:T
22:33156605:A:G
22:33156736:A:G
22:33157359:A:G
22:33158093:C:T
22:33158127:G:T
22:33158361:C:T
22:33158685:A:G
22:33158858:A:AG
22:33159636:A:G
22:33159872:C:T
22:33160379:C:T
22:33160514:A:G
22:33160745:A:G
22:33161295:C:T
22:33161514:C:T
22:33161552:A:G
22:33162023:A:G
22:33162672:C:T
22:33162718:G:T
22:33163301:G:T
22:33163302:A:T
22:33163549:A:G
22:33163864:C:T
22:33165252:C:T
22:33165464:A:C
22:33166332:A:G
22:33166476:C:T
22:33166963:A:G
22:33167640:C:T
22:33168004:A:G
22:33168416:A:G
22:33168491:A:G
22:33168562:A:G
22:33168688:A:T
22:33168691:C:T
22:33168752:G:T
22:33168882:C:G
22:33168938:A:T
22:33168939:C:T
22:33169087:A:C
22:33169115:C:T
22:33169489:C:T
22:33169667:C:T
22:33169813:A:G
22:33169975:C:T
22:33170032:A:G
22:33170101:C:T
22:33170377:C:T
22:33170582:C:CT
22:33170602:A:G
22:33170683:C:T
22:33170829:A:G
22:33170856:A:G
22:33171517:C:T
22:33171691:C:T
22:33171838:G:T
22:33171931:C:T
22:33172020:A:G
22:33172225:G:T
22:33172612:C:T
22:33172991:A:G
22:33172994:A:T
22:33173049:C:G
22:33173055:C:G
22:33173231:A:G
22:33173355:G:T
22:33173427:C:T
22:33173428:G:T
22:33173569:C:T
22:33173658:C:G
22:33173756:C:T
22:33173913:A:G
22:33173944:A:G
22:33174263:A:T
22:33174282:A:AT
22:33174412:G:T
22:33174423:C:T
22:33174439:C:T
22:33174649:A:G
22:33174721:A:G
22:33174766:G:T
22:33174981:C:T
22:33175471:C:G
22:33175749:A:G
22:33175786:A:G
22:33175883:A:G
22:33176049:C:T
22:33176532:A:G
22:33177778:A:G
22:33178147:C:T
22:33178302:C:T
22:33180204:C:T
22:33180544:C:T
22:33181818:C:T
22:33182217:A:C
22:33182505:C:T
22:33182591:A:G
22:33182937:C:T
22:33183583:C:T
22:33183827:A:G
22:33183979:A:T
22:33184228:T:TA
22:33184265:C:T
22:33184323:C:T
22:33184419:C:G
22:33184526:C:CA
22:33184543:A:G
22:33184665:C:CTA
22:33185047:C:T
22:33186098:A:G
22:33186392:C:CTTTATTTA
22:33186442:C:T
22:33186665:A:G
22:33186760:A:G
22:33187342:C:T
22:33187641:A:G
22:33187765:C:T
22:33187767:C:G
22:33187898:C:T
22:33187942:C:T
22:33188158:C:G
22:33188183:C:G
22:33188307:C:T
22:33188449:C:T
22:33188536:C:T
22:33188545:C:T
22:33188976:A:G
22:33189459:A:T
22:33190224:A:C
22:33190867:C:T
22:33191373:A:C
22:33191491:C:T
22:33193050:A:G
22:33198451:C:T
22:33201004:C:T
22:33201012:C:CGT
22:33201286:C:G
22:33201654:C:T
22:33202415:C:T
22:33202771:C:CATCT
22:33203188:C:T
22:33203602:C:G
22:33204334:C:T
22:33204987:C:T
22:33206863:G:T
22:33207308:C:T
22:33207697:C:G
22:33208437:C:T
22:33209649:A:AT
22:33210005:C:T
22:33210093:C:CGTGTGTGT
22:33210127:A:T
22:33210286:G:GGA
22:33212769:C:T
22:33213319:A:G
22:33216251:C:T
22:33216255:C:CGT
22:33218559:C:T
22:33218914:A:AC
22:33219453:A:G
22:33219887:C:T
22:33219899:C:T
22:33219938:C:T
22:33220344:A:AT
22:33220693:A:G
22:33221030:C:T
22:33221116:A:G
22:33221375:A:G
22:33221939:A:G
22:33223594:G:GC
22:33224439:C:T
22:33224509:A:T
22:33224779:C:T
22:33225023:C:T
22:33225951:C:T
22:33226987:A:C
22:33227498:C:T
22:33228070:C:T
22:33228527:G:GT
22:33228692:A:G
22:33228722:C:T
22:33229596:A:G
22:33229685:C:T
22:33229804:A:G
22:33229830:A:G
22:33230309:A:AT
22:33230349:A:G
22:33230620:C:G
22:33230792:A:G
22:33230904:A:G
22:33231386:A:G
22:33232156:A:G
22:33232158:A:T
22:33232546:C:T
22:33233377:C:CCT
22:33234179:C:G
22:33234199:G:T
22:33234228:C:G
22:33234931:A:G
22:33235517:C:T
22:33236544:A:G
22:33236572:C:G
22:33237112:G:T
22:33238108:A:T
22:33239710:A:C
22:33240034:A:G
22:33240290:A:G
22:33242162:G:T
22:33244864:C:CTA
22:33247859:C:T
22:33248055:A:T
22:33248724:A:ATGTG
22:33249839:A:G
22:33249873:C:T
22:33251033:A:G
22:33254283:A:T
22:33257163:G:GA
22:33257378:C:CAGA
22:33258050:C:T
22:33258217:A:G
22:33258288:C:T
22:33259064:C:T
22:33262994:A:G
22:33263558:C:T
22:33263630:A:C
22:33265317:T:TTCTCTCTCTCTC
22:33265922:G:T
22:33266191:A:G
22:33266381:C:T
22:33266415:A:C
22:33266478:A:G
22:33266865:C:T
22:33267675:C:G
22:33268413:C:T
22:33268923:C:CT
22:33270348:A:C
22:33270461:C:T
22:33270665:A:G
22:33272582:T:TA
22:33272699:C:T
22:33273786:C:T
22:33275447:A:G
22:33277551:C:T
22:33278040:C:CA
22:33279237:C:T
22:33280097:C:T
22:33281055:C:T
22:33281783:A:G
22:33282013:C:G
22:33282943:C:T
22:33282971:C:T
22:33283257:C:T
22:33284221:G:T
22:33284335:A:G
22:33284794:A:C
22:33284846:C:CA
22:33285404:G:GA
22:33286798:G:T
22:33289751:C:T
22:33290118:C:T
22:33290187:T:TG
22:33292491:A:G
22:33292913:C:T
22:33293908:C:T
22:33296139:C:T
22:33298130:A:G
22:33298616:C:T
22:33298762:A:T
22:33298857:C:CA
22:33300347:G:T
22:33300472:C:T
22:33303500:G:T
22:33304100:A:G
22:33305481:A:C
22:33308118:C:T
22:33310589:A:AT
22:33311711:G:T
22:33313367:A:G
22:33314595:G:T
22:33317196:A:G
22:33319908:C:T
22:33322277:A:T
22:33323399:A:AT
22:33324871:A:C
22:33325343:A:AT
22:33328131:C:T
22:33328381:C:T
22:33331293:A:T
22:33331295:A:T
22:33331323:A:G
22:33331433:A:AT
22:33332475:A:AAAAC
22:33332712:A:T
22:33333825:C:CA
22:33335926:A:C
22:33336039:G:T
22:33336174:C:T
22:33336372:A:AT
22:33338418:A:C
22:33338662:A:C
22:33339203:A:G
22:33343420:C:G
22:33344444:A:G
22:33344861:T:TA
22:33346233:C:T
22:33346615:G:T
22:33347892:C:T
22:33348093:A:G
22:33349971:A:G
22:33350177:C:G
22:33350940:C:T
22:33351886:C:G
22:33352187:C:CCAGAATG
22:33352674:A:G
22:33354600:C:T
22:33355855:C:T
22:33358110:A:ATC
22:33358277:C:T
22:33358878:A:C
22:33360404:T:TAA
22:33361530:C:T
22:33362627:C:T
22:33363999:G:T
22:33364457:A:G
22:33364704:C:T
22:33364837:A:AC
22:33365278:C:T
22:33366051:A:G
22:33366929:A:G
22:33368033:A:G
22:33368116:C:T
22:33370736:A:G
22:33371335:A:G
22:33371593:A:T
22:33373486:G:T
22:33375704:A:G
22:33375960:C:T
22:33376984:C:T
22:33377502:A:G
22:33378834:A:G
22:33379555:C:T
22:33379601:A:AT
22:33379762:C:T
22:33379795:G:T
22:33381222:A:G
22:33382755:C:T
22:33382756:A:G
22:33382956:C:T
22:33382973:C:T
22:33383419:A:G
22:33383490:C:G
22:33383563:A:G
22:33383799:C:T
22:33384100:C:T
22:33384298:C:T
22:33384984:T:TG
22:33385241:C:T
22:33385657:C:T
22:33385690:C:T
22:33385841:G:T
22:33386384:C:T
22:33387770:C:T
22:33387795:A:G
22:33388091:A:AG
22:33389738:C:T
22:33391643:A:C
22:33392076:C:G
22:33392179:A:G
22:33393738:A:G
22:33394011:C:CA
22:33394067:C:T
22:33395296:A:T
22:33395670:A:AAAAACAAAAACAAAAC
22:33395718:A:G
22:33395851:A:C
22:33396435:A:G
22:33396759:C:T
22:33397425:G:T
22:33398087:A:G
22:33398214:C:T
22:33398357:A:G
22:33398900:A:C
22:33400025:A:G
22:33401025:C:T
22:33401215:A:G
22:33401355:C:T
22:33401968:A:T
22:33402843:C:T
22:33403278:C:G
22:33403925:A:AT
22:33404758:A:T
22:33404824:C:T
22:33405273:C:T
22:33405293:C:T
22:33406756:A:T
22:33408668:C:T
22:33408799:C:G
22:33408980:G:T
22:33409848:C:T
22:33409904:A:G
22:33410205:A:C
22:33410908:C:G
22:33410992:C:T
22:33411830:C:CT
22:33411893:C:T
22:33411921:C:G
22:33412260:C:T
22:33413745:G:GT
22:33414164:A:G
22:33415869:C:T
22:33416201:A:G
22:33416478:C:T
22:33416776:C:G
22:33417769:A:ATTT
22:33419282:A:C
22:33419532:A:T
22:33419703:C:T
22:33420266:C:T
22:33420741:G:T
22:33422090:C:G
22:33428301:C:T
22:33428448:C:T
22:33428984:C:T
22:33429100:G:GGA
22:33429579:C:G
22:33429708:C:T
22:33429865:C:G
22:33430010:A:G
22:33430734:A:G
22:33431164:A:G
22:33431218:A:G
22:33431550:C:T
22:33431665:A:G
22:33431816:C:T
22:33433644:C:T
22:33433719:C:G
22:33433761:C:T
22:33434002:A:G
22:33434664:A:C
22:33434762:T:TTGAG
22:33436084:A:G
22:33436115:T:TTTTTTTGTATTTTTAATATATA
22:33436569:A:T
22:33436833:A:C
22:33436962:C:T
22:33437390:C:T
22:33439201:A:G
22:33439361:C:T
22:33439396:A:G
22:33441372:C:T
22:33441750:A:G
22:33441753:G:T
22:33441876:C:T
22:33442009:A:G
22:33442213:C:T
22:33442386:A:C
22:33442471:A:G
22:33443544:A:G
22:33443694:A:T
22:33443845:C:T
22:33443903:A:C
22:33444022:C:T
22:33444187:C:T
22:33444278:A:G
22:33444475:C:T
22:33444476:G:T
22:33445313:A:G
22:33445534:C:G
22:33445757:A:G
22:33445910:G:GT
22:33446033:T:TA
22:33446206:A:G
22:33446465:C:CAA
22:33446937:C:T
22:33447309:C:T
22:33447946:C:T
22:33448084:A:G
22:33448433:C:T
22:33448570:A:G
22:33449418:A:G
22:33449649:A:C
22:33451151:C:T
22:33451612:A:G
22:33451827:C:T
22:33451858:A:G
22:33452488:A:G
22:33453215:A:G
22:33453422:A:G
22:33453533:A:G
22:33454426:A:C
22:33454503:A:C
22:33454920:A:G
22:33455799:C:T
22:33456836:A:G
22:33456912:A:G
22:33457884:A:G
22:33458380:C:T
22:33458789:A:G
22:33459163:G:GAA
22:33460344:A:C
22:33460492:A:G
22:33461798:A:G
22:33462366:C:T
22:33462641:G:T
22:33462739:A:G
22:33463036:G:T
22:33463222:A:C
22:33463920:C:T
22:33465568:C:T
22:33466488:A:C
22:33467008:A:T
22:33467057:C:T
22:33468005:A:C
22:33468109:C:T
22:33468421:A:G
22:33469031:C:T
22:33470592:C:T
22:33470634:A:C
22:33471357:A:G
22:33471598:A:C
22:33473308:C:T
22:33473430:C:T
22:33473566:C:T
22:33474244:A:T
22:33474463:A:G
22:33477143:A:G
22:33478266:A:C
22:33479580:A:G
22:33479930:C:G
22:33481091:A:G
22:33481128:G:T
22:33482112:C:T
22:33482254:A:C
22:33482259:A:C
22:33482308:A:C
22:33482521:C:T
22:33483244:C:G
22:33483643:A:G
22:33485330:C:T
22:33485957:T:TA
22:33486286:A:C
22:33486935:C:G
22:33488058:C:G
22:33488347:C:T
22:33489036:C:CTG
22:33489968:A:C
22:33490553:A:G
22:33490981:A:C
22:33491512:C:T
22:33491853:C:T
22:33492082:A:G
22:33492561:G:T
22:33492590:A:G
22:33493261:A:G
22:33493657:C:T
22:33493809:A:G
22:33494039:A:T
22:33494331:C:T
22:33494383:A:G
22:33494463:A:G
22:33495332:C:T
22:33495334:A:G
22:33495731:C:T
22:33495740:G:GCA
22:33496566:A:T
22:33496826:A:AT
22:33497032:C:T
22:33499041:A:G
22:33500311:A:G
22:33500879:C:T
22:33502167:A:G
22:33502479:C:CT
22:33504108:C:T
22:33505054:C:T
22:33505498:A:G
22:33507745:C:G
22:33508996:A:G
22:33509191:C:CTT
22:33509566:A:G
22:33510161:C:T
22:33510237:A:T
22:33511194:C:T
22:33512106:C:T
22:33512350:G:GT
22:33512743:A:G
22:33512833:C:T
22:33513421:C:CTT
22:33513445:A:G
22:33513469:C:G
22:33516028:G:GC
22:33516495:C:T
22:33517654:G:T
22:33517762:G:T
22:33519203:T:TA
22:33519454:A:G
22:33519579:C:T
22:33519752:C:T
22:33519923:C:G
22:33521339:C:T
22:33522030:A:G
22:33522496:C:G
22:33522529:A:T
22:33523010:A:G
22:33523109:C:T
22:33523221:C:T
22:33523431:A:C
22:33524488:A:G
22:33524497:C:T
22:33524554:A:G
22:33524636:G:T
22:33524718:C:T
22:33525241:C:G
22:33525591:C:T
22:33525655:A:G
22:33525660:T:TG
22:33526067:A:T
22:33526105:A:C
22:33526162:C:T
22:33526163:C:G
22:33526232:A:G
22:33526253:C:T
22:33526299:C:CAAAAAAAA
22:33526448:C:G
22:33526827:A:C
22:33526873:G:T
22:33526943:C:T
22:33527016:A:T
22:33527161:A:G
22:33527222:A:T
22:33527253:G:T
22:33527362:A:C
22:33527405:G:T
22:33527522:G:T
22:33527764:A:G
22:33527873:G:T
22:33528630:A:G
22:33528804:C:T
22:33529313:C:G
22:33529615:A:G
22:33529682:C:G
22:33529778:A:T
22:33529813:C:CCTCT
22:33530040:A:G
22:33530241:C:CTTTT
22:33530473:C:G
22:33531291:G:T
22:33531335:A:G
22:33531406:C:T
22:33531456:A:G
22:33531544:A:G
22:33531595:G:T
22:33531655:G:T
22:33531843:C:CAAAAT
22:33533145:C:T
22:33533347:A:G
22:33533719:C:G
22:33533882:C:T
22:33533897:A:G
22:33534167:A:G
22:33534266:A:C
22:33534336:A:G
22:33534435:C:T
22:33534580:A:C
22:33534689:C:G
22:33534711:C:T
22:33534897:C:T
22:33535063:C:G
22:33535069:C:T
22:33535159:A:G
22:33535376:C:T
22:33535714:A:C
22:33535851:C:T
22:33536050:A:G
22:33536321:A:G
22:33536632:C:T
22:33536715:A:G
22:33536990:G:T
22:33537058:A:G
22:33537277:A:G
22:33537434:C:G
22:33537503:C:T
22:33537683:A:G
22:33537847:C:T
22:33538226:A:C
22:33538258:G:T
22:33538648:T:TC
22:33539711:C:G
22:33539772:A:C
22:33540369:C:T
22:33540445:A:G
22:33541547:A:G
22:33541671:A:G
22:33541938:A:C
22:33542464:A:G
22:33545073:C:G
22:33545109:C:T
22:33545199:T:TA
22:33546064:A:C
22:33547937:A:AC
22:33548061:C:T
22:33548109:C:T
22:33549069:A:G
22:33549154:G:T
22:33549485:A:G
22:33549613:C:T
22:33550052:C:T
22:33550518:A:G
22:33550967:C:T
22:33551255:A:C
22:33551951:C:CCCAA
22:33552307:C:T
22:33552809:A:G
22:33552874:C:T
22:33553183:A:G
22:33553192:G:GAAT
22:33553729:C:T
22:33553809:A:G
22:33554059:A:G
22:33554551:C:T
22:33555403:A:T
22:33555558:A:G
22:33555566:T:TA
22:33556104:A:C
22:33556128:C:T
22:33556550:C:T
22:33557077:C:G
22:33557585:C:T
22:33557695:C:T
22:33557714:C:G
22:33558767:A:G
22:33559508:A:T
22:33560083:A:G
22:33560710:G:T
22:33561383:A:T
22:33561391:C:T
22:33561746:C:T
22:33561994:C:G
22:33562323:A:AG
22:33562683:C:T
22:33563617:C:T
22:33563878:A:G
22:33564046:C:T
22:33564576:A:AT
22:33564759:C:T
22:33565566:A:G
22:33565885:C:G
22:33566303:C:T
22:33566464:C:T
22:33566587:C:T
22:33566975:C:T
22:33567527:A:G
22:33568015:A:G
22:33568560:G:T
22:33568575:A:G
22:33568869:C:T
22:33569662:A:G
22:33569928:A:G
22:33569991:A:G
22:33570697:C:T
22:33570785:C:T
22:33571138:C:T
22:33571266:C:T
22:33571655:A:G
22:33571980:A:C
22:33573041:G:T
22:33573162:A:G
22:33573529:C:T
22:33573874:A:G
22:33573902:A:T
22:33574074:C:G
22:33574177:A:G
22:33574214:C:T
22:33574324:C:G
22:33574367:C:G
22:33574461:A:G
22:33574913:A:G
22:33574949:A:G
22:33575002:C:T
22:33575116:C:T
22:33575193:C:G
22:33575294:C:T
22:33575304:A:G
22:33575399:G:GT
22:33575567:C:T
22:33575604:A:C
22:33575643:A:G
22:33575671:A:G
22:33575709:A:G
22:33575820:A:G
22:33576181:C:T
22:33576285:A:G
22:33576488:C:T
22:33576705:A:G
22:33576898:A:C
22:33577069:C:G
22:33577210:C:T
22:33577225:C:T
22:33577259:A:C
22:33577481:C:T
22:33577520:C:CT
22:33577607:C:T
22:33577716:A:G
22:33577749:C:T
22:33577757:A:G
22:33577765:C:T
22:33577809:C:T
22:33578054:C:T
22:33578104:A:G
22:33578150:C:T
22:33578233:A:T
22:33578402:C:T
22:33578425:C:T
22:33578520:A:AAAG
22:33578828:A:C
22:33578883:C:G
22:33579105:A:C
22:33579139:A:G
22:33579413:A:C
22:33579430:A:C
22:33579616:A:G
22:33579639:C:CAG
22:33579765:A:G
22:33579770:A:C
22:33579999:A:C
22:33580248:A:G
22:33580544:C:T
22:33580562:C:T
22:33580739:C:T
22:33580920:C:T
22:33581050:A:G
22:33581172:C:G
22:33581494:A:G
22:33581596:A:G
22:33581735:A:G
22:33582068:C:G
22:33582106:C:T
22:33582287:A:G
22:33582300:C:T
22:33582361:A:C
22:33582495:A:C
22:33582537:C:T
22:33582883:C:T
22:33582944:A:G
22:33583233:C:T
22:33583367:C:CAGAAAT
22:33583458:A:G
22:33583652:A:C
22:33583740:G:T
22:33583810:A:T
22:33583846:C:T
22:33583887:A:G
22:33583995:C:T
22:33583997:C:T
22:33584236:A:G
22:33584268:C:T
22:33584673:A:G
22:33584694:C:G
22:33584883:C:T
22:33584905:C:T
22:33584917:C:T
22:33585170:G:T
22:33585694:A:G
22:33586159:G:T
22:33587191:G:T
22:33587266:T:TA
22:33587530:T:TAA
22:33587569:A:G
22:33587741:C:T
22:33587795:T:TA
22:33587813:C:T
22:33587880:C:T
22:33587898:A:G
22:33588089:C:T
22:33588224:A:G
22:33588311:A:T
22:33588691:G:T
22:33588877:C:T
22:33588999:A:AT
22:33589333:A:G
22:33589432:A:G
22:33589804:A:G
22:33589859:C:T
22:33589929:T:TTA
22:33589959:A:T
22:33591130:A:G
22:33591162:C:T
22:33591276:C:T
22:33591569:A:G
22:33592258:A:G
22:33592324:A:T
22:33592326:A:C
22:33592384:A:G
22:33592602:G:GA
22:33592913:C:T
22:33593491:A:G
22:33593493:C:T
22:33593667:C:G
22:33593903:C:CAT
22:33594067:C:T
22:33594123:A:G
22:33594313:G:GTA
22:33594459:C:T
22:33594662:C:T
22:33595200:T:TC
22:33595221:C:T
22:33595928:C:T
22:33595992:A:G
22:33596198:C:T
22:33596295:C:T
22:33596531:C:T
22:33596539:A:T
22:33596579:G:T
22:33597622:C:T
22:33597711:A:G
22:33597920:A:G
22:33597994:C:T
22:33598091:T:TA
22:33599622:C:T
22:33599921:C:T
22:33600759:C:T
22:33601022:G:GA
22:33602373:C:T
22:33602984:A:G
22:33603109:G:GT
22:33603178:C:T
22:33604383:A:C
22:33604847:A:G
22:33604853:C:T
22:33605107:G:T
22:33606208:C:T
22:33607714:A:G
22:33607716:A:G
22:33609311:A:G
22:33609867:C:T
22:33610292:A:G
22:33616088:A:G
22:33616357:A:G
22:33617703:A:G
22:33618285:A:G
22:33618710:A:C
22:33619971:C:T
22:33621222:C:T
22:33622667:C:T
22:33622780:A:G
22:33622851:G:T
22:33627960:A:C
22:33628586:C:T
22:33629289:A:G
22:33630519:C:CTTTGT
22:33631644:A:G
22:33631908:A:T
22:33632112:G:T
22:33632242:G:T
22:33632759:C:T
22:33632789:C:T
22:33633664:C:T
22:33635095:T:TA
22:33635526:C:T
22:33635774:C:T
22:33635849:A:G
22:33636545:C:T
22:33637087:C:T
22:33637201:G:GCT
22:33637221:C:G
22:33637955:G:T
22:33638315:C:T
22:33640992:C:G
22:33642444:A:C
22:33646543:A:G
22:33646994:A:C
22:33649215:A:G
22:33649822:C:T
22:33650045:G:T
22:33650259:C:T
22:33651116:A:G
22:33652752:C:G
22:33653710:G:T
22:33655012:C:T
22:33656156:C:T
22:33656202:C:T
22:33656368:A:C
22:33656557:A:AATGAG
22:33660030:A:G
22:33661891:C:CAG
22:33667187:A:C
22:33667767:C:T
22:33668037:C:T
22:33668049:C:T
22:33669492:C:G
22:33674547:A:T
22:33678332:A:AAAAACAAACAAAC
22:33679005:A:G
22:33679425:C:G
22:33681803:A:G
22:33696810:A:G
22:33698546:C:T
22:33699929:C:T
22:33700948:C:G
22:33701071:A:G
22:33701527:A:G
22:33701976:C:T
22:33702432:A:C
22:33704125:A:G
22:33704495:C:T
22:33705546:A:C
22:33705760:C:G
22:33706038:A:T
22:33706134:C:T
22:33706143:C:T
22:33706169:C:T
22:33706201:A:G
22:33706282:A:G
22:33706478:C:T
22:33706530:C:G
22:33706534:C:T
22:33706622:C:G
22:33706824:C:T
22:33706967:A:G
22:33706981:C:T
22:33706985:C:T
22:33707010:A:G
22:33708680:C:T
22:33709565:G:T
22:33711229:C:T
22:33712448:C:T
22:33712686:G:T
22:33712687:C:T
22:33713148:C:T
22:33713585:C:G
22:33713686:C:T
22:33713898:C:T
22:33714220:C:CA
22:33714964:G:T
22:33715033:C:T
22:33715086:C:T
22:33715231:A:G
22:33715371:C:T
22:33715538:C:T
22:33715760:T:TG
22:33715917:A:T
22:33717164:A:C
22:33717584:C:T
22:33717600:G:T
22:33717727:A:G
22:33717843:C:T
22:33717898:C:G
22:33718051:C:T
22:33718416:A:C
22:33720119:A:G
22:33720914:C:CT
22:33721320:C:G
22:33723292:A:G
22:33724376:A:G
22:33724514:A:G
22:33725301:A:AT
22:33726500:C:G
22:33726663:C:T
22:33726749:C:T
22:33726911:G:T
22:33727723:A:G
22:33732829:C:T
22:33733995:C:T
22:33734479:G:T
22:33735120:C:T
22:33735799:C:T
22:33736315:C:T
22:33738301:A:G
22:33738531:C:T
22:33739226:C:T
22:33739370:G:T
22:33739807:C:G
22:33740194:A:G
22:33740357:C:T
22:33740365:T:TTAGA
22:33740480:A:T
22:33740860:A:G
22:33742382:A:C
22:33742712:A:G
22:33743341:C:T
22:33744864:A:G
22:33745236:A:C
22:33746706:C:T
22:33748362:A:G
22:33748480:C:T
22:33748660:A:C
22:33749276:C:T
22:33751062:A:C
22:33751863:C:T
22:33752032:T:TC
22:33752420:C:G
22:33752426:G:T
22:33752427:C:T
22:33752428:A:G
22:33752432:A:C
22:33752433:A:C
22:33753147:G:GGT
22:33753339:C:G
22:33753342:A:G
22:33753578:C:T
22:33753720:A:AG
22:33753756:C:T
22:33754332:G:T
22:33754489:A:T
22:33754562:C:T
22:33754814:T:TACA
22:33754831:A:C
22:33754860:C:T
22:33754900:C:T
22:33755111:A:AG
22:33755613:<CN0>:G
22:33755891:G:T
22:33758173:C:T
22:33758736:C:T
22:33760045:A:AT
22:33760048:A:T
22:33760050:A:T
22:33760197:C:T
22:33760332:C:T
22:33760334:C:T
22:33760336:C:T
22:33760441:C:T
22:33760604:A:C
22:33760635:C:T
22:33760853:T:TG
22:33760906:C:T
22:33768875:A:C
22:33769632:T:TC
22:33769830:C:T
22:33770445:C:T
22:33770573:G:T
22:33770622:A:G
22:33770957:C:T
22:33771017:C:T
22:33771483:A:G
22:33771672:C:T
22:33773502:C:T
22:33773746:C:T
22:33773756:C:T
22:33773867:C:T
22:33774359:C:T
22:33774453:C:T
22:33775160:C:CT
22:33775373:A:G
22:33776825:G:T
22:33776882:A:G
22:33777259:C:T
22:33777269:G:T
22:33778719:A:G
22:33779434:A:G
22:33780344:G:GCTAGGCACAC
22:33780433:<CN0>:T
22:33783505:A:T
22:33783753:G:T
22:33784454:C:T
22:33785391:C:T
22:33785876:A:C
22:33786251:C:T
22:33786342:C:G
22:33787068:C:T
22:33787272:A:G
22:33787751:C:T
22:33789554:C:T
22:33789841:C:G
22:33790141:A:T
22:33790215:C:T
22:33790786:A:AG
22:33791131:C:T
22:33791374:A:C
22:33792169:C:T
22:33792783:C:T
22:33793352:C:T
22:33794178:A:T
22:33794969:A:T
22:33795375:A:T
22:33796656:C:T
22:33796882:A:G
22:33797682:C:T
22:33798006:C:T
22:33798202:A:G
22:33798423:G:T
22:33799128:A:C
22:33799353:C:T
22:33801379:C:T
22:33802257:A:G
22:33804185:A:G
22:33805809:A:T
22:33808425:C:T
22:33808509:C:T
22:33809429:C:T
22:33810205:A:T
22:33810887:A:G
22:33811659:A:G
22:33812517:A:C
22:33812636:C:T
22:33812848:C:T
22:33812892:C:CT
22:33813017:C:T
22:33814786:C:T
22:33815614:G:T
22:33815654:G:GT
22:33816222:C:T
22:33817195:A:C
22:33817529:C:G
22:33819438:A:G
22:33820175:C:T
22:33820256:G:T
22:33820549:C:T
22:33820947:A:C
22:33822545:C:T
22:33823454:G:T
22:33824304:C:CT
22:33824610:T:TA
22:33826321:G:T
22:33827105:C:T
22:33828765:A:G
22:33828996:A:G
22:33829087:C:T
22:33830475:C:T
22:33832148:A:G
22:33833085:A:C
22:33833853:A:T
22:33834740:C:G
22:33837057:C:CT
22:33838959:C:T
22:33838972:G:T
22:33840541:C:T
22:33840615:A:G
22:33841538:G:T
22:33841773:G:T
22:33842671:C:T
22:33842949:G:T
22:33843597:C:T
22:33844303:C:T
22:33845686:A:C
22:33845734:G:T
22:33845767:C:G
22:33845817:A:G
22:33845818:A:C
22:33845851:A:T
22:33846238:G:T
22:33846404:A:T
22:33846471:C:T
22:33846576:A:G
22:33846669:G:T
22:33846914:C:T
22:33846972:C:G
22:33847024:C:T
22:33847041:C:T
22:33847076:A:G
22:33847365:C:T
22:33847549:C:CT
22:33847711:A:AT
22:33847795:A:G
22:33848023:C:T
22:33848370:C:T
22:33848972:C:G
22:33849125:A:G
22:33849150:C:G
22:33849388:A:G
22:33849461:A:G
22:33849789:A:G
22:33850168:C:T
22:33850602:T:TA
22:33851505:A:G
22:33854162:A:G
22:33856304:C:G
22:33856991:T:TA
22:33857104:C:T
22:33857544:C:T
22:33857678:C:CA
22:33857713:A:G
22:33858304:A:G
22:33859148:C:T
22:33859167:C:T
22:33860825:A:C
22:33860879:A:G
22:33860913:A:G
22:33861275:C:G
22:33862494:G:T
22:33863218:A:G
22:33863676:A:G
22:33864711:A:T
22:33864817:A:G
22:33865302:C:T
22:33865680:A:G
22:33866241:C:T
22:33866854:A:G
22:33867163:A:G
22:33869360:A:G
22:33869699:A:G
22:33870673:C:G
22:33871533:C:T
22:33872468:A:G
22:33872710:A:AG
22:33873203:A:G
22:33874765:T:TC
22:33875161:A:G
22:33875762:A:G
22:33877206:T:TAC
22:33877241:A:AT
22:33878697:T:TA
22:33879139:A:G
22:33880193:A:G
22:33881925:C:T
22:33882364:C:G
22:33882516:C:CAG
22:33884456:C:T
22:33885208:C:T
22:33885287:C:T
22:33886848:C:T
22:33889275:C:T
22:33890019:C:G
22:33890629:A:G
22:33891147:A:C
22:33891566:A:G
22:33891610:C:G
22:33892516:C:G
22:33892590:C:T
22:33893057:C:CT
22:33893421:G:T
22:33893601:C:T
22:33893805:C:G
22:33894294:C:T
22:33894488:A:G
22:33894686:G:T
22:33894761:C:T
22:33895535:C:T
22:33895664:T:TAGGC
22:33895823:A:G
22:33896002:C:T
22:33896473:A:G
22:33896495:A:G
22:33898114:A:G
22:33898171:A:G
22:33898407:A:G
22:33898444:C:T
22:33898906:A:C
22:33899237:C:T
22:33902342:C:G
22:33902962:C:T
22:33904676:A:T
22:33904754:C:T
22:33907964:A:G
22:33909323:C:G
22:33909895:A:G
22:33910736:C:T
22:33913576:C:T
22:33913684:C:T
22:33913844:C:G
22:33915503:C:T
22:33917344:A:T
22:33917668:G:T
22:33919665:C:CT
22:33919934:C:T
22:33920421:C:T
22:33921249:C:T
22:33922862:C:T
22:33924289:G:T
22:33924919:C:T
22:33925010:A:T
22:33925752:C:T
22:33926447:C:CT
22:33927287:A:G
22:33927881:A:G
22:33928225:C:T
22:33929352:A:G
22:33929800:A:T
22:33930015:A:G
22:33930256:C:G
22:33930403:C:CA
22:33931127:A:C
22:33931490:C:T
22:33931535:G:GA
22:33932356:C:T
22:33932381:C:T
22:33932514:A:T
22:33933093:A:G
22:33933520:G:T
22:33933584:C:T
22:33933733:A:T
22:33933836:C:T
22:33934485:A:C
22:33934745:G:T
22:33935108:C:T
22:33935242:G:GA
22:33935350:C:T
22:33935716:A:ACAGGCATGTGC
22:33935720:C:CACCA
22:33935858:A:G
22:33935897:A:C
22:33936021:C:T
22:33936198:C:T
22:33936665:C:T
22:33937689:C:T
22:33938447:C:G
22:33938760:G:T
22:33939558:A:G
22:33940032:C:G
22:33940087:A:G
22:33941347:C:T
22:33941489:A:G
22:33941626:C:T
22:33941915:C:T
22:33942618:G:T
22:33942859:C:T
22:33943040:A:AT
22:33943345:G:GCTA
22:33943546:A:C
22:33944199:A:T
22:33944405:T:TTTTC
22:33944525:C:T
22:33944590:A:G
22:33944900:C:T
22:33944944:C:T
22:33945678:A:C
22:33946164:C:T
22:33946783:C:T
22:33947152:A:C
22:33947979:C:CA
22:33948453:G:GA
22:33948917:A:C
22:33949096:C:T
22:33949187:C:T
22:33949341:T:TA
22:33949452:T:TGATCCCAC
22:33950283:A:G
22:33950513:A:G
22:33950537:A:G
22:33950885:A:G
22:33951148:G:T
22:33951213:C:T
22:33951266:A:C
22:33951916:C:CA
22:33952052:C:G
22:33952135:C:T
22:33954145:C:T
22:33954321:A:G
22:33954700:A:T
22:33955197:C:T
22:33956080:C:T
22:33956803:C:CT
22:33958689:C:T
22:33959638:G:T
22:33960676:A:G
22:33961517:C:T
22:33961635:A:G
22:33961892:A:C
22:33962609:A:C
22:33962949:A:G
22:33963191:G:T
22:33963938:G:T
22:33964490:C:T
22:33964576:A:C
22:33964752:C:CA
22:33965497:A:G
22:33966591:A:G
22:33968368:G:T
22:33969514:A:G
22:33970348:A:C
22:33972438:C:T
22:33973088:C:T
22:33973118:C:T
22:33973415:C:T
22:33973512:C:T
22:33973544:C:G
22:33973905:A:G
22:33975304:G:T
22:33975839:C:G
22:33975998:A:G
22:33978076:C:T
22:33978131:C:T
22:33978311:G:T
22:33978458:A:C
22:33979605:C:T
22:33979937:A:G
22:33980108:A:T
22:33980680:C:T
22:33980719:A:G
22:33980721:A:G
22:33981599:C:T
22:33982442:C:CT
22:33983380:A:G
22:33983594:A:G
22:33984329:C:T
22:33984394:A:G
22:33984757:C:T
22:33985010:A:G
22:33985315:A:G
22:33985360:G:T
22:33985629:C:T
22:33986493:C:G
22:33986543:A:G
22:33986616:C:T
22:33986709:C:T
22:33986766:G:T
22:33987008:A:G
22:33987208:A:C
22:33987401:A:G
22:33987480:A:T
22:33987893:C:T
22:33988215:C:CAAGTT
22:33988293:A:T
22:33988401:C:T
22:33988470:A:G
22:33988531:C:T
22:33988679:A:ACTGT
22:33988838:A:G
22:33989068:A:G
22:33989138:T:TA
22:33989174:A:C
22:33989331:C:T
22:33989386:A:AT
22:33989427:C:G
22:33989474:C:T
22:33989768:A:G
22:33989858:C:T
22:33989879:C:T
22:33989916:A:T
22:33990057:A:G
22:33990084:G:T
22:33990431:A:G
22:33990836:A:G
22:33990885:A:G
22:33990910:C:G
22:33991430:A:T
22:33991592:C:T
22:33991603:G:T
22:33991866:C:T
22:33992393:A:G
22:33992584:A:C
22:33992637:A:G
22:33992687:T:TAGAAA
22:33992722:C:T
22:33992910:C:G
22:33993081:C:T
22:33993406:A:AG
22:33993489:A:C
22:33993646:G:T
22:33994030:C:T
22:33994048:C:T
22:33994059:C:T
22:33994118:A:G
22:33994229:G:T
22:33994266:G:T
22:33994837:C:T
22:33994864:G:T
22:33994882:G:T
22:33995163:C:CT
22:33995211:C:T
22:33995363:C:CT
22:33995466:C:G
22:33996294:C:T
22:33996444:C:T
22:33996546:C:G
22:33996609:A:AGAAATAATCTGTTCAAAGG
22:33996636:A:G
22:33997195:C:T
22:33997220:A:G
22:33997551:C:T
22:33997715:A:C
22:33997723:A:T
22:33998026:C:T
22:33998541:A:C
22:33998602:A:G
22:33999325:C:T
22:34000175:C:T
22:34000282:C:G
22:34000928:G:T
22:34001893:C:T
22:34001900:A:G
22:34004071:C:T
22:34004561:C:T
22:34005507:C:T
22:34006203:A:G
22:34007054:G:GCAGAAGCCTGCTA
22:34008430:A:G
22:34009001:C:T
22:34009972:C:T
22:34010313:A:T
22:34010710:C:T
22:34010838:A:ACT
22:34011334:A:G
22:34011935:A:T
22:34012346:A:G
22:34014777:G:T
22:34014873:C:T
22:34015686:A:G
22:34015991:A:G
22:34016124:C:T
22:34016212:C:T
22:34016911:C:CA
22:34016954:C:G
22:34016957:A:G
22:34017307:C:T
22:34017436:T:TTGA
22:34018251:C:T
22:34018688:A:G
22:34018750:A:C
22:34019068:C:T
22:34020185:C:G
22:34020429:C:T
22:34020543:C:T
22:34023486:A:T
22:34024204:C:T
22:34024302:C:CT
22:34024322:A:C
22:34027147:C:T
22:34028195:C:T
22:34031333:A:G
22:34032005:C:T
22:34033591:T:TTC
22:34037071:T:TC
22:34037466:A:G
22:34047793:C:T
22:34048945:A:G
22:34051845:A:G
22:34052044:A:AGT
22:34053443:C:T
22:34053620:C:T
22:34055730:T:TAAA
22:34056545:A:G
22:34057203:A:AT
22:34058236:C:T
22:34058890:A:G
22:34059487:C:T
22:34060303:C:T
22:34060802:A:G
22:34061221:C:T
22:34061288:G:T
22:34061663:A:G
22:34062505:C:T
22:34067054:C:T
22:34067781:C:T
22:34067868:C:T
22:34068567:A:G
22:34068576:A:G
22:34069843:T:TGTGG
22:34069992:A:G
22:34070266:A:C
22:34070425:A:G
22:34070628:A:T
22:34070673:A:G
22:34070749:C:T
22:34070821:C:T
22:34071181:A:G
22:34072009:C:T
22:34073743:T:TGG
22:34073758:C:T
22:34073795:A:G
22:34073796:A:G
22:34073833:G:T
22:34074461:C:T
22:34077033:T:TCA
22:34077047:C:T
22:34077092:C:T
22:34077196:C:T
22:34077804:C:T
22:34078057:A:T
22:34079068:C:T
22:34079140:T:TTC
22:34079176:C:T
22:34079813:A:G
22:34080132:A:T
22:34080571:A:C
22:34081902:A:C
22:34082390:A:G
22:34083187:C:G
22:34083987:A:G
22:34084086:C:T
22:34084138:A:G
22:34084492:C:T
22:34084846:C:T
22:34085088:A:T
22:34085131:G:GTCTCTC
22:34085321:A:G
22:34085462:C:G
22:34085522:G:T
22:34085737:C:T
22:34085754:T:TA
22:34086061:A:C
22:34086351:C:T
22:34086494:A:G
22:34087063:C:G
22:34087553:A:G
22:34088176:A:T
22:34088291:A:AC
22:34088400:A:G
22:34089182:C:T
22:34089260:A:T
22:34089348:C:T
22:34090362:A:G
22:34090873:C:T
22:34091569:C:T
22:34091748:A:C
22:34092189:A:G
22:34092249:C:CTTTT
22:34092280:A:G
22:34092491:C:T
22:34092831:C:T
22:34094151:A:G
22:34094889:A:G
22:34095499:A:G
22:34095941:A:G
22:34095985:C:T
22:34096135:A:G
22:34097356:A:G
22:34097765:A:G
22:34098342:C:T
22:34098417:A:G
22:34099055:A:T
22:34099520:A:T
22:34100524:C:T
22:34100944:A:G
22:34101885:C:T
22:34102803:A:G
22:34103913:A:G
22:34104188:C:T
22:34104374:C:T
22:34104403:A:G
22:34104444:A:C
22:34104923:G:T
22:34105222:C:T
22:34105634:C:T
22:34105965:G:GA
22:34106006:A:G
22:34106504:A:G
22:34106551:A:G
22:34106745:A:G
22:34108174:C:T
22:34109309:C:G
22:34109874:C:T
22:34109904:C:T
22:34110580:A:G
22:34110614:C:T
22:34111978:A:G
22:34112650:C:T
22:34113903:A:C
22:34115875:C:T
22:34118099:C:T
22:34119682:C:T
22:34120608:C:T
22:34121243:C:T
22:34121525:A:G
22:34127850:C:T
22:34131722:C:T
22:34131736:A:G
22:34132955:A:G
22:34133402:A:T
22:34133758:A:G
22:34134364:A:G
22:34135472:A:G
22:34136002:A:G
22:34136160:C:T
22:34136943:A:G
22:34137267:C:T
22:34138628:C:T
22:34140284:A:G
22:34140446:A:C
22:34140955:C:T
22:34140977:A:C
22:34141321:C:T
22:34143341:C:T
22:34144424:C:T
22:34144753:C:T
22:34144823:A:G
22:34144960:A:G
22:34145542:A:C
22:34147575:C:T
22:34149037:C:T
22:34150984:C:T
22:34151949:A:T
22:34152060:C:T
22:34152653:C:G
22:34152661:G:T
22:34152899:C:T
22:34152919:A:G
22:34153047:C:T
22:34153395:A:G
22:34153436:G:T
22:34153445:C:G
22:34153779:C:T
22:34153788:G:T
22:34153853:C:T
22:34153854:A:G
22:34154229:C:T
22:34154285:C:T
22:34156607:C:T
22:34157814:C:T
22:34158060:A:G
22:34158440:C:T
22:34158480:C:G
22:34158772:C:T
22:34158796:C:T
22:34159536:A:G
22:34160132:A:G
22:34160510:C:T
22:34160676:C:T
22:34160789:A:G
22:34161028:C:T
22:34161108:C:T
22:34161489:A:G
22:34161718:C:T
22:34162025:C:T
22:34162568:C:T
22:34162940:C:T
22:34162969:C:T
22:34163761:A:T
22:34164686:C:T
22:34164768:C:T
22:34166081:A:G
22:34166139:C:T
22:34166666:C:T
22:34167002:C:G
22:34167980:A:T
22:34168069:C:G
22:34168233:C:T
22:34168319:C:CA
22:34168478:C:T
22:34168663:A:G
22:34168832:C:CTGAA
22:34168832:C:CTGAATGAA
22:34169394:A:G
22:34169472:G:GC
22:34169824:A:AAAC
22:34170076:A:G
22:34170097:C:T
22:34170175:C:G
22:34170195:A:G
22:34170242:T:TTGGA
22:34171379:A:G
22:34171554:A:G
22:34171890:A:G
22:34171993:A:C
22:34172049:C:T
22:34172277:A:G
22:34172423:C:T
22:34172461:A:G
22:34172480:A:G
22:34172489:A:G
22:34172588:C:T
22:34172783:A:C
22:34172801:C:T
22:34172915:A:G
22:34172942:C:G
22:34173705:G:T
22:34174342:A:C
22:34174629:C:T
22:34174674:C:G
22:34174884:C:T
22:34174917:C:T
22:34174927:C:T
22:34175076:C:T
22:34175171:C:T
22:34175187:C:T
22:34175254:A:G
22:34175297:A:G
22:34175385:A:G
22:34175587:C:T
22:34175605:A:C
22:34175754:C:G
22:34175842:C:CTTCCTCTCCTAATTCTACTTTC
22:34176266:G:T
22:34176420:C:CCT
22:34176486:C:T
22:34177405:C:T
22:34177945:C:T
22:34178159:C:T
22:34178318:G:T
22:34178871:T:TA
22:34178887:A:G
22:34178895:C:G
22:34179408:C:T
22:34180237:C:T
22:34180711:C:T
22:34180801:C:T
22:34180887:G:GTATAT
22:34180892:T:TTA
22:34180979:C:T
22:34181047:C:T
22:34181069:C:CATAT
22:34181110:A:G
22:34181409:C:T
22:34181410:A:G
22:34182849:A:C
22:34182877:A:G
22:34182889:A:T
22:34182989:C:T
22:34183005:C:T
22:34183257:A:G
22:34184159:C:T
22:34184565:A:G
22:34185870:A:T
22:34186187:C:T
22:34186316:G:T
22:34186633:C:G
22:34186914:C:T
22:34187863:C:G
22:34188764:C:T
22:34189253:C:T
22:34189746:C:T
22:34189775:C:CT
22:34189999:A:ATT
22:34190000:G:T
22:34190124:C:G
22:34190670:C:T
22:34190714:A:C
22:34190793:A:G
22:34190850:A:G
22:34190894:A:T
22:34190895:C:CCGTGCCCGG
22:34190902:A:C
22:34191496:A:G
22:34191547:C:T
22:34191634:C:T
22:34191635:A:G
22:34191647:C:T
22:34191857:A:T
22:34191883:A:G
22:34191950:C:T
22:34192425:A:C
22:34192621:C:T
22:34192754:C:CT
22:34193065:C:T
22:34193122:A:G
22:34193232:A:C
22:34193834:C:T
22:34193881:C:T
22:34194000:C:T
22:34194277:C:CTCAATCAA
22:34194745:C:T
22:34195172:A:G
22:34195340:C:G
22:34195430:A:ACTT
22:34195516:C:T
22:34196508:C:T
22:34196736:A:G
22:34196755:C:T
22:34197237:A:C
22:34197367:C:T
22:34197381:C:T
22:34197421:A:G
22:34197802:C:T
22:34197869:C:T
22:34197873:A:AAAAGAGT
22:34198008:C:T
22:34199557:C:T
22:34201193:C:T
22:34201738:A:G
22:34202054:C:T
22:34202284:C:T
22:34202493:A:G
22:34202721:A:G
22:34202770:A:G
22:34202958:C:T
22:34202970:A:C
22:34202971:A:G
22:34203195:C:T
22:34203231:G:T
22:34203237:C:T
22:34203496:A:G
22:34203717:C:T
22:34204203:C:T
22:34204239:A:T
22:34204494:C:G
22:34204517:A:C
22:34204930:C:T
22:34205329:C:T
22:34206039:A:C
22:34206041:A:T
22:34206144:A:G
22:34206341:A:G
22:34206773:C:T
22:34206867:C:T
22:34206880:C:T
22:34207052:A:G
22:34208284:C:T
22:34208846:C:T
22:34209319:A:C
22:34209599:A:G
22:34209742:C:G
22:34210562:A:T
22:34210998:C:T
22:34211556:G:T
22:34211592:A:G
22:34212294:C:T
22:34212346:T:TG
22:34213356:C:T
22:34213503:C:T
22:34213718:A:G
22:34213888:G:GGAGGGAGGAAAGGGGGAGGA
22:34214448:A:G
22:34214587:C:T
22:34214875:C:T
22:34215251:G:GTACA
22:34215430:C:T
22:34215782:G:T
22:34215934:C:T
22:34216063:C:T
22:34216487:A:T
22:34217224:C:T
22:34217879:C:T
22:34218550:C:T
22:34218639:C:G
22:34218798:C:T
22:34219494:C:G
22:34219939:A:G
22:34220189:G:T
22:34220266:C:G
22:34220609:C:G
22:34220688:A:T
22:34220967:A:G
22:34220982:C:G
22:34221190:A:G
22:34221346:A:AAAAGACATACCCGAGACTGGGT
22:34222563:C:T
22:34222745:C:T
22:34222751:C:G
22:34222793:C:T
22:34223274:A:G
22:34223351:G:T
22:34223400:A:G
22:34223872:C:T
22:34224296:C:T
22:34224383:T:TGAAGTGCCACTGCAGAGTTCAG
22:34224707:C:T
22:34224799:C:T
22:34224868:C:T
22:34224902:G:T
22:34225165:C:T
22:34225482:C:T
22:34225927:A:C
22:34226143:C:T
22:34226185:A:G
22:34226440:C:T
22:34226582:A:G
22:34226585:A:T
22:34226592:A:C
22:34226660:C:T
22:34226685:C:T
22:34226785:A:G
22:34226847:A:T
22:34227088:C:CT
22:34227108:C:T
22:34227271:C:T
22:34228587:C:G
22:34229952:G:T
22:34230190:C:T
22:34230254:G:T
22:34230473:C:T
22:34231007:T:TC
22:34232204:G:GC
22:34232951:C:T
22:34233005:A:T
22:34233257:A:C
22:34233360:A:G
22:34233567:C:T
22:34234463:A:C
22:34235922:A:T
22:34236017:C:T
22:34236395:A:G
22:34236663:C:CT
22:34236769:A:C
22:34237411:C:T
22:34237827:A:T
22:34238131:C:T
22:34238144:G:T
22:34238406:T:TTA
22:34238465:C:G
22:34238831:C:T
22:34239057:A:C
22:34239428:A:AAAAT
22:34240041:T:TG
22:34240796:C:T
22:34240983:A:G
22:34241270:C:T
22:34241306:C:T
22:34241811:A:G
22:34241862:A:G
22:34242566:A:T
22:34242725:A:G
22:34242728:A:G
22:34242835:C:T
22:34242905:G:T
22:34243069:C:G
22:34243634:C:T
22:34243642:C:G
22:34244404:C:CA
22:34244563:A:G
22:34244728:A:T
22:34244818:C:T
22:34245216:C:T
22:34245401:C:T
22:34245533:C:T
22:34245754:C:T
22:34246976:C:G
22:34247064:A:G
22:34247794:A:G
22:34247917:A:G
22:34248606:A:G
22:34248664:A:G
22:34249434:A:G
22:34249717:C:T
22:34250471:A:G
22:34250634:C:T
22:34251105:A:G
22:34251510:A:G
22:34251544:C:T
22:34252259:A:C
22:34252300:A:G
22:34252374:C:T
22:34252412:C:G
22:34252545:A:G
22:34253031:A:G
22:34253393:G:T
22:34253492:G:T
22:34254562:A:G
22:34255143:A:G
22:34255628:A:G
22:34255910:A:G
22:34256108:A:T
22:34256369:A:C
22:34256853:C:T
22:34256860:C:T
22:34256908:A:G
22:34256919:C:T
22:34256923:A:C
22:34257133:A:G
22:34257221:A:G
22:34258454:C:G
22:34259378:A:G
22:34259398:A:T
22:34259426:C:T
22:34259757:G:GA
22:34259910:A:G
22:34259921:A:C
22:34260738:C:T
22:34261643:A:C
22:34262097:G:T
22:34262416:C:T
22:34262955:A:G
22:34263325:A:G
22:34263362:A:G
22:34265387:A:G
22:34265796:C:T
22:34265879:A:C
22:34265980:C:T
22:34266633:C:T
22:34266717:C:T
22:34267278:A:G
22:34267566:A:T
22:34268230:A:G
22:34268317:G:T
22:34268396:G:T
22:34268423:A:G
22:34268471:A:G
22:34268515:A:C
22:34268778:A:G
22:34268857:A:G
22:34268862:C:G
22:34269110:C:T
22:34269184:C:T
22:34269447:C:G
22:34269491:A:G
22:34269526:C:T
22:34270163:A:G
22:34270693:G:T
22:34271782:A:G
22:34272507:T:TCC
22:34272509:C:T
22:34272719:C:T
22:34272754:C:T
22:34272930:C:G
22:34273636:C:T
22:34273865:A:G
22:34274248:A:AAGT
22:34274556:A:G
22:34275560:A:G
22:34276698:G:T
22:34277434:G:T
22:34278490:A:G
22:34283710:A:G
22:34284664:C:T
22:34286066:C:G
22:34287350:C:T
22:34288044:C:T
22:34288512:C:T
22:34289413:A:C
22:34289857:A:G
22:34289887:A:G
22:34291933:C:CTTACAATT
22:34294288:G:GC
22:34295203:A:G
22:34295282:A:T
22:34295410:G:T
22:34296374:C:T
22:34296662:C:T
22:34296745:A:G
22:34296927:C:T
22:34297551:A:G
22:34298354:A:G
22:34298945:C:G
22:34298980:A:C
22:34299436:C:T
22:34299515:C:T
22:34299776:A:G
22:34300336:G:T
22:34300732:G:T
22:34300733:G:GT
22:34300734:G:T
22:34300775:A:T
22:34301258:C:T
22:34304645:G:T
22:34305270:C:T
22:34305510:G:GT
22:34305890:C:T
22:34306355:A:T
22:34307851:A:G
22:34307875:C:T
22:34308825:G:GT
22:34309293:G:T
22:34312684:A:C
22:34314128:C:T
22:34314144:A:T
22:34314448:A:G
22:34314596:C:G
22:34314645:A:C
22:34314841:A:G
22:34315426:A:C
22:34316634:G:GC
22:34316741:G:GGCC
22:34316830:C:G
22:34317375:C:T
22:34317415:G:T
22:34317623:G:T
22:34318066:C:G
22:34318251:C:G
22:34319286:C:T
22:34319509:A:G
22:34319736:A:G
22:34319940:G:T
22:34320457:A:G
22:34322022:C:T
22:34322226:C:T
22:34322317:C:T
22:34322318:A:G
22:34322368:A:G
22:34323122:C:G
22:34323499:A:T
22:34324887:C:G
22:34325821:G:T
22:34326145:A:G
22:34326529:C:G
22:34326987:A:G
22:34327007:A:C
22:34327395:A:G
22:34327399:A:T
22:34328332:A:G
22:34328741:C:T
22:34328935:A:T
22:34329603:A:T
22:34329734:G:T
22:34329915:A:G
22:34331345:C:G
22:34331536:G:T
22:34332195:A:C
22:34332343:C:T
22:34333623:A:G
22:34333697:G:T
22:34334070:C:CT
22:34334357:C:T
22:34334602:A:T
22:34334810:C:T
22:34335096:C:G
22:34336228:C:G
22:34336774:G:GCACA
22:34337515:A:G
22:34337624:C:T
22:34338283:C:T
22:34338825:C:G
22:34338947:A:C
22:34338948:C:T
22:34339351:A:G
22:34339877:A:C
22:34339882:A:C
22:34340046:A:C
22:34340447:A:G
22:34340862:A:G
22:34343150:C:G
22:34344982:C:G
22:34345730:G:T
22:34346743:C:CT
22:34346784:C:T
22:34346807:C:T
22:34346869:A:AGAGTAGCTG
22:34347159:C:T
22:34347559:A:G
22:34350465:A:T
22:34350557:A:T
22:34356096:C:T
22:34356998:T:TA
22:34357489:A:G
22:34360180:G:T
22:34361131:C:T
22:34362025:C:T
22:34363855:A:T
22:34365382:A:G
22:34365442:A:G
22:34366376:C:T
22:34369903:C:T
22:34370156:A:G
22:34370989:G:T
22:34371108:C:G
22:34375707:A:G
22:34377020:C:T
22:34377529:T:TA
22:34378012:A:G
22:34384293:C:T
22:34385006:C:G
22:34386634:G:T
22:34386871:A:AATCTAC
22:34387509:C:T
22:34387935:G:T
22:34389253:A:G
22:34392105:G:T
22:34393018:G:GAA
22:34397453:A:G
22:34398051:C:T
22:34400330:A:G
22:34400902:A:T
22:34401375:A:C
22:34401688:A:G
22:34402257:A:C
22:34403322:C:T
22:34404116:C:T
22:34404781:C:T
22:34404954:G:T
22:34405709:C:CT
22:34405926:A:G
22:34406013:C:T
22:34406542:A:G
22:34408035:C:T
22:34408937:A:C
22:34409097:A:C
22:34409246:C:T
22:34410048:A:G
22:34410531:T:TCTC
22:34411039:C:G
22:34411071:C:T
22:34411419:T:TTC
22:34411509:C:T
22:34411567:A:G
22:34413114:T:TA
22:34413165:C:CT
22:34413746:A:T
22:34414616:A:C
22:34414771:C:T
22:34415836:A:G
22:34415870:A:C
22:34416498:C:T
22:34417384:A:C
22:34417617:C:T
22:34417627:G:GTT
22:34420138:C:T
22:34422094:A:G
22:34422147:C:G
22:34422232:C:T
22:34422662:A:G
22:34423169:C:T
22:34423420:G:T
22:34423884:A:T
22:34424170:G:T
22:34424834:C:T
22:34425090:C:T
22:34425834:C:T
22:34425975:T:TAA
22:34427836:C:T
22:34428824:A:G
22:34429552:A:G
22:34429695:C:T
22:34429738:A:G
22:34430084:C:T
22:34432759:A:C
22:34433113:A:G
22:34433704:C:T
22:34434827:C:T
22:34435595:C:G
22:34437261:C:T
22:34440928:G:GA
22:34441255:C:T
22:34441926:C:T
22:34442938:G:T
22:34442940:C:T
22:34443256:C:CAGAGAGGCAG
22:34443336:A:AT
22:34443682:C:T
22:34444365:C:G
22:34444383:G:T
22:34445405:A:G
22:34445435:C:G
22:34452203:A:G
22:34453968:A:G
22:34460106:A:G
22:34461976:A:G
22:34461980:A:G
22:34463361:A:T
22:34464049:A:G
22:34466030:A:G
22:34466258:A:G
22:34466882:A:G
22:34469155:C:CT
22:34469332:C:T
22:34469348:A:G
22:34469447:C:T
22:34469514:T:TTC
22:34469959:A:G
22:34470383:A:G
22:34472184:A:G
22:34472267:C:CG
22:34472295:A:C
22:34473061:A:T
22:34473145:A:G
22:34473635:A:G
22:34473652:A:C
22:34473756:A:G
22:34473887:C:T
22:34474370:A:C
22:34474560:G:T
22:34474645:G:T
22:34474699:A:C
22:34475231:A:G
22:34475700:A:T
22:34475849:C:CG
22:34476087:A:G
22:34476580:C:T
22:34476759:A:G
22:34476894:A:G
22:34477010:C:T
22:34477043:A:G
22:34477199:C:T
22:34477467:C:T
22:34477683:A:T
22:34478427:C:T
22:34478445:C:CT
22:34478724:A:G
22:34478925:A:G
22:34479034:C:T
22:34479161:A:G
22:34479171:A:G
22:34479234:A:G
22:34481608:C:T
22:34481644:G:T
22:34481771:A:G
22:34481775:C:T
22:34482940:C:T
22:34485384:G:T
22:34485483:A:G
22:34486857:C:T
22:34487828:G:T
22:34488452:A:G
22:34489133:A:G
22:34489298:C:T
22:34489582:A:C
22:34490467:C:CT
22:34490624:C:T
22:34491513:C:T
22:34491957:C:T
22:34492002:A:AC
22:34492005:C:CT
22:34492542:C:T
22:34492709:A:T
22:34493236:A:G
22:34493939:A:T
22:34495465:A:T
22:34496691:A:C
22:34496718:A:T
22:34496822:A:G
22:34497307:A:G
22:34497404:A:G
22:34498035:A:G
22:34498200:C:CT
22:34498213:A:T
22:34500701:C:T
22:34501394:A:G
22:34501541:A:G
22:34503059:A:G
22:34504864:C:T
22:34505582:A:C
22:34505903:C:T
22:34506088:A:C
22:34508491:A:G
22:34510915:A:T
22:34513008:C:T
22:34515686:C:T
22:34516294:G:T
22:34516551:C:T
22:34517159:C:G
22:34521333:C:T
22:34521550:C:T
22:34523488:C:T
22:34523877:C:G
22:34524690:C:CT
22:34524988:A:C
22:34526428:C:T
22:34527059:C:T
22:34527749:G:T
22:34528370:G:GTGTT
22:34528670:C:T
22:34530886:C:T
22:34531361:G:GT
22:34531373:A:T
22:34533118:G:T
22:34533451:A:G
22:34533635:A:G
22:34533742:C:T
22:34534004:A:C
22:34534107:G:T
22:34535319:A:ACTATT
22:34535914:C:G
22:34536324:A:AG
22:34536968:A:G
22:34538655:A:G
22:34539365:A:C
22:34539386:A:G
22:34539878:C:T
22:34540281:G:T
22:34540656:A:G
22:34540667:A:C
22:34540900:C:CT
22:34543765:A:T
22:34545052:A:G
22:34545143:C:T
22:34545398:A:G
22:34545549:G:T
22:34545782:A:G
22:34545788:G:T
22:34546503:C:T
22:34547034:T:TA
22:34547409:G:T
22:34547768:A:C
22:34548182:A:G
22:34548442:A:G
22:34548530:C:CAAA
22:34548550:C:T
22:34548646:C:T
22:34548882:A:G
22:34548967:A:C
22:34549440:A:G
22:34549495:C:T
22:34549635:A:G
22:34549763:A:G
22:34549776:A:G
22:34549819:C:G
22:34549932:C:G
22:34549937:C:T
22:34550340:C:T
22:34550400:C:T
22:34550523:A:T
22:34550575:A:G
22:34550590:C:G
22:34550905:A:G
22:34551104:A:G
22:34551461:C:T
22:34551822:A:G
22:34552064:C:T
22:34552104:A:G
22:34552405:C:T
22:34552415:A:G
22:34552476:C:T
22:34552481:C:G
22:34553273:C:G
22:34553603:A:C
22:34553654:A:G
22:34553824:C:G
22:34555358:C:T
22:34556127:C:T
22:34558740:G:T
22:34559875:A:C
22:34560083:C:G
22:34560376:G:T
22:34561396:A:G
22:34561398:C:G
22:34561720:C:G
22:34561839:A:C
22:34562299:C:T
22:34562467:C:T
22:34562967:A:G
22:34563319:A:G
22:34563506:A:G
22:34563695:C:T
22:34563864:G:T
22:34563878:C:CAT
22:34563947:C:T
22:34564032:C:T
22:34564361:A:C
22:34564866:A:ACT
22:34565528:C:G
22:34565879:C:CT
22:34566029:C:T
22:34566109:A:T
22:34566394:A:G
22:34566569:A:AT
22:34566653:G:T
22:34566967:C:T
22:34566988:A:G
22:34567763:A:G
22:34567852:A:G
22:34568319:C:T
22:34568960:A:G
22:34568966:C:T
22:34570637:A:T
22:34571858:A:G
22:34572082:C:T
22:34573078:A:G
22:34573118:A:G
22:34573131:G:T
22:34573694:C:T
22:34573702:A:AACAG
22:34573838:A:AT
22:34574205:C:T
22:34574209:C:T
22:34574342:C:G
22:34574634:G:T
22:34574673:C:T
22:34574714:A:G
22:34575064:C:T
22:34575158:A:G
22:34575320:A:T
22:34575330:C:T
22:34575498:A:T
22:34575519:A:G
22:34575542:A:C
22:34575585:A:C
22:34575632:C:T
22:34576097:A:G
22:34576352:A:G
22:34576359:G:T
22:34576668:C:T
22:34576687:A:G
22:34577054:C:T
22:34577182:G:T
22:34577185:A:G
22:34577597:C:T
22:34578477:A:T
22:34578636:A:AT
22:34578637:C:T
22:34578693:C:T
22:34579123:A:G
22:34579371:A:C
22:34579482:A:G
22:34579719:A:ATG
22:34579988:C:T
22:34580844:C:T
22:34581741:G:T
22:34582099:A:T
22:34582694:A:C
22:34582726:C:T
22:34583078:A:G
22:34583176:A:G
22:34583633:A:T
22:34583775:C:G
22:34583956:A:C
22:34584014:C:T
22:34584092:A:T
22:34585297:A:G
22:34585655:A:G
22:34585852:C:G
22:34586202:C:T
22:34586481:A:G
22:34586781:C:CT
22:34587156:A:G
22:34587361:A:G
22:34587447:C:T
22:34587503:C:T
22:34587549:A:G
22:34587554:T:TGG
22:34587555:C:CAG
22:34587556:C:CT
22:34587559:A:T
22:34587986:A:C
22:34588368:A:G
22:34588702:G:T
22:34588728:C:T
22:34589132:C:T
22:34589414:C:T
22:34589494:A:G
22:34589870:C:T
22:34589888:C:T
22:34589966:A:G
22:34590159:G:T
22:34590677:A:G
22:34590934:A:G
22:34591328:C:T
22:34591611:C:T
22:34591619:G:T
22:34591736:A:G
22:34592156:C:G
22:34593012:A:T
22:34594248:C:T
22:34594282:C:G
22:34594302:A:G
22:34595240:A:G
22:34595453:C:T
22:34595455:C:T
22:34596479:A:G
22:34596556:A:G
22:34596890:A:G
22:34597416:A:G
22:34597679:G:T
22:34597996:G:T
22:34598309:A:G
22:34598568:A:G
22:34598662:A:G
22:34598863:C:T
22:34599289:A:C
22:34599617:C:T
22:34600013:C:T
22:34600466:G:T
22:34600684:A:G
22:34600934:C:T
22:34600997:C:CTT
22:34601082:A:G
22:34601114:A:G
22:34601910:A:T
22:34602392:C:T
22:34603233:C:T
22:34603988:G:T
22:34604253:C:T
22:34604261:A:T
22:34604822:A:G
22:34604834:C:T
22:34605163:A:G
22:34605957:C:T
22:34606299:A:G
22:34606839:A:G
22:34607713:A:G
22:34608512:A:C
22:34609326:A:AT
22:34610094:A:C
22:34610113:A:C
22:34611244:C:T
22:34611619:A:T
22:34612107:A:C
22:34612631:A:G
22:34613043:C:T
22:34613112:A:G
22:34613347:A:G
22:34613716:C:T
22:34613919:C:T
22:34614061:A:G
22:34614253:C:G
22:34614591:C:T
22:34614920:A:C
22:34615809:C:T
22:34616552:C:T
22:34616743:C:T
22:34616863:C:T
22:34617302:T:TAAATA
22:34617940:A:T
22:34618189:C:T
22:34618285:A:AT
22:34618688:C:T
22:34618798:A:T
22:34618819:A:T
22:34619005:C:T
22:34619445:A:G
22:34619937:C:T
22:34620553:C:T
22:34620597:C:T
22:34620754:C:T
22:34621248:A:T
22:34621660:A:G
22:34623860:C:T
22:34624124:A:T
22:34624271:A:AAAAC
22:34624410:C:CTT
22:34624839:C:T
22:34625130:A:C
22:34625156:A:G
22:34625162:A:T
22:34625362:A:ACTCT
22:34625711:A:G
22:34625784:C:T
22:34626136:G:GT
22:34626453:A:C
22:34626486:A:G
22:34626648:A:G
22:34626968:A:G
22:34627141:A:G
22:34627741:A:G
22:34628101:A:G
22:34628906:A:G
22:34628912:A:G
22:34629122:T:TA
22:34630066:C:T
22:34630087:C:T
22:34630104:G:T
22:34630123:A:G
22:34631326:A:G
22:34631427:C:CT
22:34631657:A:G
22:34631750:C:G
22:34633391:G:T
22:34633738:C:G
22:34633904:A:G
22:34634111:C:CATT
22:34634899:A:G
22:34635193:C:T
22:34635334:C:T
22:34636072:A:C
22:34636198:A:G
22:34637090:A:G
22:34637237:A:AAAAG
22:34638284:C:G
22:34638406:A:T
22:34638420:T:TAAAC
22:34639053:A:G
22:34639740:G:T
22:34640046:C:T
22:34641743:C:T
22:34642042:A:G
22:34642423:G:T
22:34642530:A:G
22:34642721:C:T
22:34642970:A:G
22:34643303:C:T
22:34643757:C:T
22:34644038:A:G
22:34645357:C:T
22:34646113:A:T
22:34646980:A:C
22:34647738:C:G
22:34648424:A:AT
22:34648912:A:G
22:34649355:A:G
22:34650584:A:G
22:34650782:A:G
22:34651542:A:G
22:34652712:C:T
22:34654148:A:G
22:34654900:C:T
22:34655528:A:G
22:34655647:C:T
22:34656814:C:T
22:34656996:C:T
22:34656997:A:G
22:34660058:C:T
22:34660705:G:GA
22:34661977:A:G
22:34662032:A:T
22:34665607:C:T
22:34665838:A:G
22:34667990:C:T
22:34668073:A:G
22:34668311:A:G
22:34668995:C:G
22:34669084:C:T
22:34671012:A:G
22:34671341:C:CA
22:34672181:C:G
22:34672759:A:G
22:34672828:C:T
22:34673902:C:G
22:34674167:A:G
22:34674930:A:T
22:34674974:C:T
22:34675390:A:C
22:34675606:A:AC
22:34675607:C:T
22:34675607:T:TAC
22:34675653:A:G
22:34675791:A:G
22:34675903:G:T
22:34678140:A:G
22:34678661:C:T
22:34680174:A:G
22:34680809:C:G
22:34680934:G:T
22:34681230:C:CT
22:34681292:A:G
22:34681633:C:T
22:34681697:C:T
22:34681772:A:ATG
22:34683365:A:G
22:34683439:C:T
22:34683926:T:TG
22:34684889:A:G
22:34685856:A:T
22:34686058:G:T
22:34686898:A:C
22:34686959:A:G
22:34687030:C:T
22:34687319:C:G
22:34687545:C:G
22:34689189:A:C
22:34690648:A:G
22:34691035:A:G
22:34691706:A:C
22:34691777:A:T
22:34692437:G:T
22:34693282:C:CT
22:34693852:A:G
22:34694011:G:GA
22:34695186:A:G
22:34695593:C:T
22:34697142:C:T
22:34698379:C:T
22:34698869:C:G
22:34698979:C:T
22:34700256:G:GT
22:34700426:C:G
22:34700658:A:C
22:34701158:A:AT
22:34701177:C:T
22:34701397:C:T
22:34702490:A:G
22:34703428:C:G
22:34704118:A:C
22:34704568:T:TGAA
22:34704954:C:T
22:34705066:A:G
22:34706503:A:G
22:34707505:T:TA
22:34708089:A:G
22:34708099:A:G
22:34708193:C:T
22:34708428:A:C
22:34708649:C:T
22:34709083:T:TTCTC
22:34709123:C:G
22:34709935:G:T
22:34710252:C:T
22:34711122:G:GC
22:34714161:C:T
22:34715897:C:G
22:34715980:C:T
22:34716499:C:T
22:34720070:A:G
22:34720226:C:G
22:34720292:A:AAAAC
22:34720952:C:G
22:34721017:G:T
22:34721103:T:TA
22:34722165:C:T
22:34722216:A:G
22:34724451:C:CAT
22:34724463:C:T
22:34724479:G:GCATACTA
22:34724906:A:G
22:34724914:C:T
22:34724917:A:G
22:34725131:T:TATATGCTATATATAGG
22:34725529:G:T
22:34726167:C:T
22:34726488:C:T
22:34726496:C:G
22:34727040:G:T
22:34727120:A:G
22:34727172:A:G
22:34727342:A:C
22:34727464:A:C
22:34727536:C:T
22:34727757:A:C
22:34727799:A:AT
22:34727833:C:G
22:34732789:C:G
22:34733345:T:TA
22:34734371:C:T
22:34735139:C:T
22:34735780:C:T
22:34735945:G:GT
22:34736482:A:T
22:34736659:C:T
22:34736785:A:G
22:34737301:A:C
22:34737444:G:T
22:34737700:T:TC
22:34738023:A:G
22:34738043:A:G
22:34738166:A:G
22:34738558:A:G
22:34738754:C:T
22:34739770:G:T
22:34740281:A:T
22:34740703:A:C
22:34741404:A:G
22:34741584:A:G
22:34743074:C:T
22:34746543:A:G
22:34746698:A:G
22:34746704:T:TC
22:34746706:A:T
22:34746839:G:GT
22:34748720:C:T
22:34749276:C:G
22:34749593:T:TATA
22:34750226:C:T
22:34750703:A:G
22:34751010:G:T
22:34751655:A:G
22:34751692:A:G
22:34752223:A:G
22:34752375:C:T
22:34752506:A:G
22:34752981:A:G
22:34757193:C:T
22:34757212:A:G
22:34757650:G:GT
22:34762666:C:T
22:34766077:G:T
22:34766505:C:T
22:34767155:A:G
22:34769210:A:G
22:34769723:A:G
22:34771716:A:G
22:34771907:A:C
22:34772727:A:G
22:34772874:C:G
22:34773964:C:CAAA
22:34775018:A:G
22:34776016:G:T
22:34777628:C:T
22:34779372:C:T
22:34780303:A:G
22:34780690:A:C
22:34781198:A:G
22:34782352:A:T
22:34790541:A:T
22:34791523:C:G
22:34792014:C:CAG
22:34792354:C:T
22:34792455:A:C
22:34792463:C:G
22:34792475:C:G
22:34793030:C:T
22:34793924:C:T
22:34794618:A:G
22:34797291:A:C
22:34798283:C:T
22:34798603:G:T
22:34799521:A:G
22:34799729:A:C
22:34800579:A:G
22:34800584:A:C
22:34800622:G:T
22:34800626:C:G
22:34800752:A:T
22:34800789:G:T
22:34801297:C:G
22:34801455:A:T
22:34801498:A:G
22:34801806:A:G
22:34801858:A:T
22:34802037:A:G
22:34802354:C:G
22:34802513:A:G
22:34802568:C:T
22:34802624:A:G
22:34802655:C:T
22:34803020:C:T
22:34803417:C:T
22:34803550:C:T
22:34804006:C:G
22:34804131:C:CAT
22:34804162:C:CAT
22:34804166:C:T
22:34804210:C:G
22:34804304:A:ATATG
22:34804524:C:T
22:34804574:C:T
22:34804700:A:T
22:34804795:C:T
22:34804897:C:T
22:34805771:A:T
22:34805830:A:C
22:34805853:A:G
22:34805904:G:GTAT
22:34806552:A:G
22:34806833:A:G
22:34806992:A:G
22:34807025:A:T
22:34807117:A:T
22:34808103:A:G
22:34808347:A:C
22:34808549:G:T
22:34808562:A:G
22:34808695:A:G
22:34808774:A:C
22:34809036:A:T
22:34809039:C:T
22:34809067:A:G
22:34809219:C:G
22:34809453:C:T
22:34809503:A:ATATG
22:34809566:A:G
22:34809566:G:GTATA
22:34809636:A:G
22:34810154:A:G
22:34810244:C:T
22:34810315:C:G
22:34811105:C:T
22:34811192:C:G
22:34811300:T:TTG
22:34811838:G:T
22:34811903:C:T
22:34812086:A:G
22:34812333:C:T
22:34812407:A:G
22:34812431:A:G
22:34812617:C:T
22:34812906:G:T
22:34812938:A:G
22:34813078:A:T
22:34813541:C:T
22:34813599:C:T
22:34813884:C:T
22:34814109:A:G
22:34815027:C:T
22:34815080:A:T
22:34815133:C:G
22:34815167:C:T
22:34815196:A:G
22:34815205:C:G
22:34815265:A:G
22:34815275:G:T
22:34815320:C:T
22:34815363:C:T
22:34815364:A:G
22:34815372:G:T
22:34815619:C:T
22:34815783:C:T
22:34815889:C:T
22:34816202:G:T
22:34816593:C:T
22:34816876:G:T
22:34816972:A:G
22:34817025:A:G
22:34817038:A:G
22:34817240:A:G
22:34817253:C:T
22:34817547:C:T
22:34817891:A:G
22:34818009:A:C
22:34818217:A:C
22:34818466:C:T
22:34818540:C:T
22:34818544:A:G
22:34818610:A:T
22:34818613:C:G
22:34818660:C:CA
22:34819270:C:T
22:34819749:A:T
22:34819983:T:TC
22:34820116:A:C
22:34820411:A:C
22:34822537:C:T
22:34822643:C:T
22:34823001:A:G
22:34823062:A:G
22:34823188:G:T
22:34823828:A:G
22:34825197:C:T
22:34825423:A:G
22:34825788:A:C
22:34826141:A:G
22:34826357:A:C
22:34826556:A:T
22:34826588:C:T
22:34827010:G:T
22:34827028:A:G
22:34827153:C:T
22:34827918:C:CA
22:34828088:A:G
22:34828406:A:T
22:34828450:C:T
22:34828452:C:T
22:34828456:C:T
22:34828480:T:TAC
22:34828825:C:T
22:34829527:C:G
22:34829810:C:T
22:34829993:C:G
22:34830590:A:G
22:34831534:A:G
22:34831721:C:G
22:34832649:A:G
22:34832968:A:G
22:34833025:A:G
22:34833321:A:G
22:34834243:A:G
22:34834478:A:G
22:34834536:A:G
22:34834616:C:T
22:34834677:A:C
22:34835232:C:T
22:34836407:C:T
22:34836492:A:G
22:34837099:C:T
22:34837210:A:G
22:34837426:C:G
22:34837524:C:T
22:34837625:C:G
22:34838969:C:G
22:34839011:C:T
22:34839115:C:T
22:34839367:A:C
22:34839597:C:T
22:34839924:G:T
22:34840131:A:T
22:34840174:A:G
22:34840527:C:T
22:34840554:C:T
22:34840736:A:T
22:34841008:C:T
22:34842414:C:G
22:34842677:C:T
22:34843189:T:TTCACCCAGCAGGGTATACAGA
22:34843337:C:G
22:34843392:C:T
22:34843846:G:T
22:34843854:G:T
22:34843856:C:T
22:34843891:A:G
22:34844418:A:G
22:34846352:A:G
22:34846530:A:C
22:34847299:C:T
22:34847917:C:T
22:34848069:C:T
22:34848394:A:G
22:34848804:C:T
22:34849782:C:G
22:34850657:G:GA
22:34851109:A:C
22:34851133:C:T
22:34851263:T:TCA
22:34851664:T:TA
22:34854084:C:T
22:34854665:C:T
22:34855164:G:T
22:34855204:C:G
22:34856104:C:G
22:34856528:A:G
22:34857276:C:T
22:34857354:C:T
22:34858450:A:T
22:34858619:C:T
22:34858723:C:G
22:34859361:A:T
22:34859565:A:G
22:34859793:A:G
22:34859993:C:G
22:34860584:A:G
22:34860926:C:G
22:34861364:A:T
22:34862378:A:G
22:34863375:A:G
22:34863764:C:T
22:34863918:C:CTA
22:34864179:G:T
22:34864212:A:G
22:34864396:A:G
22:34864434:G:GTATATATAC
22:34864491:T:TAC
22:34864558:A:C
22:34864640:A:G
22:34864692:T:TAC
22:34864767:T:TACTATATATAC
22:34864810:A:C
22:34865011:A:AGT
22:34865373:C:T
22:34865428:C:T
22:34865792:A:ATATG
22:34865824:G:T
22:34866107:C:T
22:34867431:C:T
22:34868824:C:G
22:34869196:A:G
22:34869408:C:T
22:34869571:A:C
22:34871742:G:T
22:34872540:A:T
22:34872620:C:T
22:34872806:C:T
22:34873663:A:T
22:34873933:A:G
22:34874101:G:T
22:34874404:C:T
22:34874568:C:T
22:34875054:A:G
22:34875363:C:T
22:34875532:A:G
22:34875571:C:T
22:34875579:C:G
22:34875615:A:G
22:34875641:A:G
22:34875791:A:G
22:34875943:A:G
22:34876016:C:G
22:34876961:A:G
22:34877067:G:T
22:34877598:C:T
22:34878128:A:C
22:34878217:A:G
22:34878373:A:G
22:34878794:G:T
22:34878812:A:G
22:34878945:C:T
22:34879089:A:G
22:34879189:C:T
22:34879200:G:T
22:34879422:C:G
22:34879505:A:G
22:34879531:A:G
22:34879822:A:G
22:34879839:A:G
22:34879906:G:T
22:34880014:C:T
22:34880020:A:C
22:34880046:C:T
22:34880063:A:G
22:34880095:G:T
22:34880216:C:T
22:34880318:C:T
22:34880370:A:G
22:34880698:G:T
22:34880743:A:G
22:34880760:G:T
22:34880868:A:G
22:34880947:C:T
22:34881216:C:T
22:34881313:A:C
22:34881425:C:T
22:34881535:C:T
22:34881548:A:G
22:34881648:G:T
22:34881685:G:T
22:34881691:A:G
22:34881836:A:G
22:34881954:G:T
22:34882019:A:G
22:34882064:A:G
22:34882072:A:T
22:34882127:A:G
22:34882150:C:G
22:34882327:C:T
22:34882579:A:G
22:34882594:A:AT
22:34882676:C:CTTT
22:34882710:A:G
22:34882769:G:T
22:34882783:A:G
22:34882804:G:T
22:34882973:A:T
22:34883010:A:G
22:34883129:A:G
22:34883436:C:T
22:34883504:C:T
22:34883647:C:T
22:34883842:C:T
22:34884144:C:G
22:34884251:A:G
22:34884616:C:G
22:34884877:C:G
22:34885032:A:G
22:34885236:C:T
22:34885833:G:T
22:34886496:C:T
22:34887005:C:T
22:34887270:C:G
22:34887381:A:G
22:34887483:C:T
22:34888433:C:T
22:34888655:C:T
22:34888713:A:G
22:34889097:G:T
22:34889460:A:C
22:34889516:A:G
22:34889671:A:G
22:34889754:C:T
22:34889767:A:C
22:34889992:C:T
22:34890077:C:G
22:34890822:A:C
22:34890831:G:T
22:34890899:A:T
22:34891578:C:G
22:34891776:C:T
22:34891800:A:AC
22:34891929:A:G
22:34891930:A:AT
22:34891963:C:T
22:34892037:T:TTTTCATTATACCCAAC
22:34892216:C:G
22:34892738:A:G
22:34892874:C:G
22:34893052:A:G
22:34893262:T:TTC
22:34893341:C:T
22:34893419:A:G
22:34893872:A:G
22:34893943:A:G
22:34894283:G:T
22:34894412:A:G
22:34894426:C:T
22:34894659:A:G
22:34894812:A:G
22:34894858:A:G
22:34894906:A:G
22:34894950:A:G
22:34894989:C:T
22:34895318:A:G
22:34895558:G:T
22:34895905:A:G
22:34896076:A:ATG
22:34896078:A:G
22:34896210:A:G
22:34896267:C:T
22:34896319:C:T
22:34896350:A:G
22:34896367:C:T
22:34896468:G:GTATGTA
22:34896502:A:G
22:34896518:G:GTA
22:34896520:A:ATG
22:34896522:G:GTA
22:34896578:G:GTA
22:34896609:A:T
22:34897185:C:T
22:34897611:C:G
22:34898034:C:T
22:34898110:C:T
22:34898264:C:G
22:34898385:C:T
22:34898423:C:T
22:34898558:A:G
22:34898763:A:G
22:34898791:A:G
22:34898899:C:T
22:34898940:A:T
22:34898949:C:T
22:34899172:C:T
22:34899223:G:T
22:34899333:A:C
22:34899523:C:T
22:34899564:C:T
22:34899959:C:T
22:34900586:C:T
22:34901525:A:G
22:34902153:A:G
22:34902758:G:T
22:34903156:C:T
22:34903649:A:G
22:34903672:C:T
22:34903709:A:G
22:34903727:A:G
22:34903772:C:T
22:34903788:A:G
22:34903913:A:G
22:34904107:G:T
22:34904220:A:AC
22:34904762:C:T
22:34905689:A:T
22:34905776:A:G
22:34906008:A:G
22:34906181:A:C
22:34906241:A:G
22:34906370:A:G
22:34906816:C:T
22:34906973:C:T
22:34908053:C:T
22:34908150:C:T
22:34909077:G:GGAAT
22:34909203:C:T
22:34909613:A:G
22:34910004:A:AGAGAGTGAG
22:34910170:C:T
22:34910614:A:T
22:34910847:C:T
22:34911266:A:G
22:34911429:C:T
22:34911732:A:T
22:34913361:A:G
22:34914352:C:T
22:34914813:A:G
22:34914969:C:G
22:34915244:C:G
22:34915292:C:T
22:34915547:A:G
22:34916665:A:C
22:34916684:C:T
22:34917698:A:G
22:34917744:A:G
22:34918333:C:T
22:34920698:C:T
22:34921246:C:T
22:34921566:A:G
22:34921765:C:CATG
22:34923131:A:G
22:34923409:A:G
22:34923678:A:G
22:34923959:C:G
22:34924330:C:G
22:34926457:A:G
22:34926540:A:G
22:34928394:A:C
22:34928548:C:T
22:34929599:C:T
22:34930180:A:G
22:34930216:A:G
22:34931114:C:T
22:34932057:A:C
22:34932470:C:T
22:34932917:A:G
22:34933772:A:G
22:34934223:C:T
22:34934328:C:G
22:34934613:C:T
22:34934646:C:T
22:34934832:A:AT
22:34935812:C:T
22:34936167:C:T
22:34936189:A:G
22:34936337:C:G
22:34936338:A:G
22:34936420:C:CAAAAAAAAAAAAAAA
22:34936887:A:G
22:34937227:G:T
22:34937276:A:T
22:34937281:A:G
22:34937722:C:G
22:34938045:A:C
22:34938503:A:G
22:34938741:A:G
22:34939063:C:G
22:34939775:C:G
22:34940082:A:G
22:34940942:G:T
22:34941576:C:T
22:34942090:C:T
22:34944156:A:C
22:34944235:C:T
22:34944364:A:G
22:34944420:C:T
22:34945295:A:T
22:34945447:C:T
22:34947230:C:G
22:34947270:A:G
22:34947306:G:T
22:34948085:A:T
22:34948498:A:G
22:34949741:C:CT
22:34949818:A:G
22:34950401:C:T
22:34951128:G:T
22:34951545:A:G
22:34952738:C:T
22:34954192:A:G
22:34954879:C:T
22:34955026:C:T
22:34955877:G:T
22:34956241:C:T
22:34956307:C:T
22:34956338:A:AT
22:34956682:C:T
22:34957088:C:T
22:34958776:A:G
22:34959013:A:T
22:34959206:C:T
22:34959835:A:G
22:34960675:A:ATGTGTGTG
22:34960738:C:T
22:34960988:A:G
22:34961433:G:GT
22:34961453:C:CTTTCT
22:34961476:A:AT
22:34961522:G:T
22:34961850:A:C
22:34962055:A:G
22:34962139:A:G
22:34963524:A:G
22:34964097:C:T
22:34964955:A:G
22:34965192:A:AT
22:34965213:C:T
22:34965261:C:G
22:34965486:C:T
22:34965551:A:ATT
22:34965577:A:G
22:34965647:A:G
22:34966012:A:G
22:34966215:A:G
22:34966374:C:T
22:34967282:C:T
22:34967351:C:G
22:34967585:A:T
22:34967969:A:G
22:34968166:G:T
22:34968614:A:G
22:34968875:C:G
22:34969269:C:T
22:34969536:C:T
22:34969805:A:AG
22:34970117:C:T
22:34970357:A:T
22:34970555:A:AT
22:34970840:A:T
22:34972634:C:T
22:34973064:C:T
22:34973219:C:T
22:34973436:C:G
22:34973970:C:T
22:34974055:A:C
22:34974294:A:T
22:34974298:A:T
22:34974578:A:G
22:34974649:G:GT
22:34974757:A:T
22:34974758:A:T
22:34974959:A:T
22:34975917:C:T
22:34975944:A:G
22:34980014:A:C
22:34980434:A:C
22:34981270:A:C
22:34983275:G:T
22:34984408:G:GTTTTACTTTGTTTTGT
22:34984731:G:T
22:34984732:G:T
22:34987538:G:T
22:34987908:C:T
22:34988560:A:T
22:34988594:A:G
22:34988887:A:G
22:34988983:G:T
22:34989871:A:G
22:34990432:C:G
22:34993396:C:G
22:34993722:C:G
22:34995579:A:C
22:34996481:C:G
22:34997453:C:G
22:34997469:A:C
22:35000037:C:T
22:35000418:A:G
22:35002426:C:T
22:35003947:G:T
22:35004093:C:G
22:35004213:A:T
22:35004459:A:T
22:35006850:A:T
22:35008466:A:C
22:35008614:C:T
22:35008777:G:T
22:35009027:C:T
22:35009721:A:G
22:35010255:A:G
22:35011959:C:T
22:35014633:A:G
22:35014740:C:T
22:35017938:A:C
22:35019151:A:G
22:35019623:A:C
22:35021744:A:G
22:35021804:C:T
22:35021841:C:T
22:35021873:C:T
22:35021919:A:G
22:35021970:A:C
22:35022079:A:G
22:35022118:A:G
22:35022121:A:G
22:35022227:A:G
22:35022309:C:T
22:35022590:C:T
22:35022616:A:G
22:35022748:C:T
22:35022895:C:T
22:35022938:C:G
22:35022952:A:G
22:35023412:C:T
22:35023828:A:C
22:35023829:A:C
22:35024099:A:T
22:35024108:A:G
22:35024217:A:G
22:35024248:G:T
22:35024250:A:G
22:35024822:C:CTGCCCCTGCCCT
22:35025119:G:T
22:35025244:T:TG
22:35027585:A:G
22:35027603:A:G
22:35027963:C:T
22:35027996:G:T
22:35028334:G:GGTCA
22:35028562:C:T
22:35028991:C:G
22:35029222:A:C
22:35029317:A:AAAAT
22:35029601:C:G
22:35029613:C:G
22:35029821:A:G
22:35029955:C:T
22:35030207:C:T
22:35031302:C:CA
22:35031333:C:T
22:35032326:C:G
22:35032331:A:G
22:35032878:C:CA
22:35033263:A:G
22:35033454:A:G
22:35033469:G:T
22:35033839:A:G
22:35034425:A:T
22:35035307:A:G
22:35035477:A:T
22:35036127:C:G
22:35036132:A:G
22:35036942:C:T
22:35036955:A:T
22:35037806:A:G
22:35037874:A:G
22:35038444:A:G
22:35039810:A:G
22:35040286:A:G
22:35041350:A:G
22:35041911:C:G
22:35045323:A:G
22:35045523:C:T
22:35046020:A:G
22:35046692:A:G
22:35047216:A:G
22:35047355:G:T
22:35047695:C:G
22:35047696:C:G
22:35048143:C:T
22:35048245:A:C
22:35049083:A:T
22:35049141:C:T
22:35050040:C:T
22:35050503:A:G
22:35051135:C:T
22:35052515:C:T
22:35052710:A:C
22:35052749:A:G
22:35052782:C:T
22:35053039:A:G
22:35053334:C:T
22:35053342:A:C
22:35053736:C:G
22:35054581:A:G
22:35054590:A:G
22:35055009:A:G
22:35055128:A:G
22:35055975:A:G
22:35056392:C:T
22:35056546:A:G
22:35057348:A:C
22:35057629:A:C
22:35058119:C:G
22:35058857:C:T
22:35059317:C:T
22:35061563:A:G
22:35061772:A:C
22:35061986:A:G
22:35061995:C:G
22:35062019:A:G
22:35062067:C:G
22:35062637:A:C
22:35062730:C:T
22:35063011:G:T
22:35063316:A:G
22:35063639:A:C
22:35063674:A:G
22:35063830:A:G
22:35063915:A:G
22:35064207:C:T
22:35064245:A:T
22:35065518:A:AACAG
22:35065524:T:TATCCTCTTC
22:35066305:C:T
22:35067877:A:G
22:35068027:C:T
22:35068575:A:C
22:35070402:A:C
22:35070992:G:T
22:35071150:A:T
22:35072414:A:G
22:35073105:C:T
22:35073983:A:G
22:35074388:G:T
22:35074888:A:T
22:35075212:C:G
22:35075754:G:T
22:35076152:A:G
22:35078693:C:G
22:35079267:C:G
22:35079796:C:G
22:35080340:G:T
22:35080477:C:T
22:35080512:C:T
22:35080660:C:T
22:35080731:C:T
22:35080992:A:G
22:35081452:A:G
22:35081906:A:G
22:35082409:C:G
22:35082433:C:T
22:35082684:C:T
22:35083063:C:T
22:35084171:C:G
22:35084314:A:G
22:35084464:C:T
22:35084466:C:T
22:35085067:A:G
22:35085352:G:T
22:35085492:A:G
22:35085589:C:T
22:35086118:C:CG
22:35086136:G:T
22:35086543:A:C
22:35087182:C:T
22:35087211:A:G
22:35087324:C:G
22:35087464:A:G
22:35088306:C:G
22:35088371:A:C
22:35088530:C:G
22:35089293:A:G
22:35089496:T:TA
22:35090356:A:G
22:35090393:A:G
22:35090522:A:C
22:35090620:C:T
22:35090829:A:G
22:35091071:A:G
22:35091200:C:T
22:35092272:A:AC
22:35092709:C:T
22:35093140:A:G
22:35093399:C:T
22:35096084:C:T
22:35096659:G:T
22:35097412:C:CT
22:35097553:C:T
22:35097636:A:C
22:35097822:A:C
22:35098034:T:TC
22:35098925:A:G
22:35099083:A:G
22:35099477:A:G
22:35099972:A:G
22:35100934:C:T
22:35104018:G:GT
22:35104055:A:G
22:35104608:A:T
22:35105647:C:G
22:35105928:A:G
22:35106267:C:T
22:35107499:T:TTAAAAA
22:35107923:G:T
22:35109826:A:G
22:35110323:A:G
22:35111681:C:CTCCTCCTCATTCTCT
22:35111887:C:T
22:35114204:G:GC
22:35115100:A:T
22:35115913:C:G
22:35116241:A:G
22:35119179:A:G
22:35119653:C:CAG
22:35120334:G:T
22:35121919:C:G
22:35123471:G:T
22:35124066:C:T
22:35124698:A:G
22:35125461:A:G
22:35126790:G:T
22:35128472:C:G
22:35130099:A:G
22:35131150:A:G
22:35131487:A:G
22:35131593:A:G
22:35131614:C:G
22:35132992:G:T
22:35133087:A:C
22:35133143:A:T
22:35136014:A:G
22:35137093:C:G
22:35138540:C:T
22:35140034:C:CTCGAACTCCTGACCTCAGGT
22:35140973:A:G
22:35141688:A:G
22:35141751:C:G
22:35141805:A:G
22:35141959:C:CTCA
22:35142193:G:T
22:35142515:C:T
22:35142912:G:T
22:35143514:A:G
22:35143808:A:T
22:35143901:A:C
22:35144497:C:G
22:35144498:C:T
22:35145524:G:T
22:35145571:C:G
22:35145731:A:G
22:35145817:A:G
22:35145819:A:G
22:35147258:G:T
22:35147360:C:T
22:35147445:A:G
22:35149490:A:G
22:35150803:A:G
22:35151206:A:G
22:35152596:C:T
22:35153405:A:G
22:35153668:C:CAGGCTGAGGTCA
22:35153870:T:TAAAAGC
22:35154083:A:C
22:35154528:A:T
22:35154979:C:T
22:35155075:A:AAGAT
22:35155158:G:GGCAAGATGAGGTTGATGGATA
22:35155333:C:T
22:35156009:G:T
22:35156603:A:T
22:35156999:A:T
22:35157380:A:G
22:35157577:C:T
22:35158021:C:G
22:35160234:A:G
22:35160816:A:ACT
22:35161438:A:G
22:35161459:A:C
22:35161876:C:CTGATAAGCCTAA
22:35162495:A:G
22:35162907:C:T
22:35162921:G:GTGTGTA
22:35163778:C:T
22:35164382:G:T
22:35164696:A:G
22:35164834:T:TA
22:35164885:T:TGTCA
22:35164992:C:CT
22:35165346:A:G
22:35166522:C:T
22:35166590:A:T
22:35166808:A:C
22:35167444:A:G
22:35167583:A:G
22:35167622:G:T
22:35167697:G:T
22:35167881:G:GC
22:35168851:C:G
22:35169184:A:G
22:35169325:A:ATCTCT
22:35169538:A:AT
22:35170062:G:T
22:35170552:A:T
22:35170796:C:T
22:35171071:A:G
22:35171154:A:G
22:35171164:A:C
22:35171590:G:T
22:35172582:C:T
22:35173192:C:T
22:35173339:C:T
22:35173453:C:T
22:35173575:C:T
22:35173797:C:CA
22:35174409:A:G
22:35174672:G:T
22:35174737:G:T
22:35175069:C:CT
22:35175270:C:T
22:35175359:C:T
22:35175525:C:T
22:35176375:A:T
22:35176407:C:T
22:35177067:A:ACATT
22:35177350:A:G
22:35177793:C:G
22:35178871:C:CT
22:35179176:G:T
22:35179421:A:C
22:35179546:A:C
22:35179746:G:T
22:35179747:C:T
22:35180193:C:T
22:35180359:C:T
22:35180750:<INS:ME:ALU>:T
22:35180866:C:CAT
22:35181677:C:T
22:35182195:A:C
22:35182552:A:G
22:35182823:A:AG
22:35183277:C:T
22:35183364:A:G
22:35183603:A:G
22:35183815:A:C
22:35184864:A:G
22:35184954:C:T
22:35185141:C:T
22:35185306:C:T
22:35185394:C:G
22:35185414:A:G
22:35185560:C:G
22:35185570:A:G
22:35185844:A:G
22:35186121:A:C
22:35186190:A:C
22:35186199:A:G
22:35186202:A:T
22:35186350:A:G
22:35186652:G:T
22:35186744:A:G
22:35186952:A:G
22:35187327:C:T
22:35187695:A:G
22:35187782:C:T
22:35187884:A:G
22:35188103:C:T
22:35188188:C:T
22:35188361:A:C
22:35188409:C:T
22:35188523:A:C
22:35188783:C:T
22:35188794:C:T
22:35189271:A:G
22:35189400:A:G
22:35190130:A:G
22:35190266:A:G
22:35190309:C:G
22:35190425:A:C
22:35190563:A:G
22:35190679:A:G
22:35190789:C:T
22:35191105:C:T
22:35191196:C:T
22:35191923:A:C
22:35192006:A:G
22:35192994:A:G
22:35193211:A:G
22:35193534:C:G
22:35193773:C:T
22:35193905:A:G
22:35194556:C:T
22:35195088:C:T
22:35195170:A:ATTT
22:35195774:A:G
22:35195831:A:G
22:35195893:C:T
22:35196741:A:G
22:35196969:C:G
22:35197066:C:G
22:35197200:C:T
22:35197484:A:C
22:35197591:A:G
22:35197654:A:G
22:35198641:C:T
22:35198902:A:G
22:35199003:A:C
22:35199477:C:G
22:35199719:C:G
22:35199808:A:G
22:35200069:A:G
22:35200936:G:T
22:35201009:C:T
22:35201019:A:G
22:35201115:C:T
22:35201237:C:T
22:35201646:A:G
22:35201771:A:G
22:35202014:A:C
22:35202015:A:G
22:35202152:C:T
22:35202270:C:T
22:35202369:G:T
22:35202684:A:T
22:35203230:C:T
22:35203632:A:G
22:35204223:C:T
22:35204303:C:G
22:35204806:C:T
22:35205181:A:G
22:35205685:A:G
22:35206872:A:C
22:35207176:C:T
22:35207279:A:G
22:35208534:C:T
22:35209136:C:T
22:35209523:A:G
22:35212034:C:T
22:35213025:A:AG
22:35213113:A:G
22:35213347:A:T
22:35213433:C:T
22:35213453:C:T
22:35213490:A:G
22:35213657:C:G
22:35214472:C:G
22:35214824:A:G
22:35216252:A:G
22:35216459:A:C
22:35217590:G:T
22:35218696:C:T
22:35219750:C:T
22:35219923:A:AT
22:35220592:A:G
22:35221067:C:T
22:35221606:A:C
22:35221827:A:T
22:35222140:A:G
22:35223541:C:T
22:35223821:C:T
22:35224378:A:C
22:35225460:A:C
22:35225787:A:C
22:35226297:C:T
22:35226660:C:T
22:35226913:A:AAAG
22:35227070:A:C
22:35227245:C:G
22:35227332:G:T
22:35228293:C:G
22:35228667:A:G
22:35228735:C:T
22:35228786:C:T
22:35229040:G:GAC
22:35229744:C:T
22:35229886:A:C
22:35230011:A:G
22:35230542:C:T
22:35231411:C:T
22:35231465:A:G
22:35232209:A:G
22:35232302:A:C
22:35232365:A:T
22:35232471:C:T
22:35232946:G:T
22:35233715:C:T
22:35233994:A:C
22:35234192:A:G
22:35235673:A:C
22:35235693:A:T
22:35235906:A:C
22:35236023:A:G
22:35236192:A:G
22:35236199:A:G
22:35236328:G:GACACAC
22:35236456:C:G
22:35236527:C:T
22:35236687:C:G
22:35237366:A:G
22:35238486:A:G
22:35238551:C:T
22:35238768:A:C
22:35239212:C:T
22:35239400:C:T
22:35239562:A:G
22:35239610:A:G
22:35239832:A:G
22:35239855:C:T
22:35240016:A:G
22:35240117:C:T
22:35240420:A:G
22:35240432:C:T
22:35240446:G:T
22:35240644:A:G
22:35240865:C:G
22:35240892:C:T
22:35241049:C:T
22:35241050:A:G
22:35241228:G:T
22:35241443:A:C
22:35241706:A:G
22:35241830:G:T
22:35242084:C:CG
22:35242350:A:G
22:35242418:A:AT
22:35242735:C:T
22:35243282:A:G
22:35243652:A:G
22:35244746:C:CAAAAT
22:35244923:C:T
22:35244972:C:T
22:35244975:C:CA
22:35245584:A:G
22:35245946:A:G
22:35246891:C:T
22:35247171:C:T
22:35247302:C:T
22:35247901:C:T
22:35250072:T:TCAA
22:35250489:A:G
22:35250910:A:AG
22:35251095:C:G
22:35251922:A:G
22:35252720:C:T
22:35253078:A:G
22:35255931:A:G
22:35256625:A:G
22:35258961:A:G
22:35259173:C:G
22:35259177:G:T
22:35259395:A:G
22:35259402:A:C
22:35259429:A:G
22:35259879:C:T
22:35260004:A:G
22:35260875:C:T
22:35260935:C:T
22:35260988:C:T
22:35261368:A:G
22:35261629:A:G
22:35261653:C:T
22:35262001:A:G
22:35262039:A:G
22:35262664:C:G
22:35263432:A:C
22:35263579:A:T
22:35263894:A:G
22:35263903:A:G
22:35263985:A:AT
22:35264165:C:T
22:35264370:A:G
22:35264532:A:G
22:35264587:C:G
22:35265586:C:G
22:35266681:C:T
22:35268031:T:TTC
22:35268034:A:T
22:35268277:A:C
22:35270175:C:G
22:35270279:C:T
22:35270817:C:T
22:35270861:C:G
22:35271094:C:T
22:35271517:C:G
22:35271871:A:G
22:35272025:A:ACAGC
22:35272214:A:G
22:35272702:A:G
22:35272944:A:G
22:35273206:A:G
22:35274072:C:T
22:35274183:C:T
22:35274298:G:T
22:35275313:A:G
22:35275522:C:T
22:35276354:A:G
22:35276783:C:G
22:35276934:A:G
22:35277635:C:T
22:35277746:A:G
22:35278102:C:T
22:35279740:A:C
22:35280188:A:G
22:35280327:A:G
22:35280443:G:T
22:35281707:A:G
22:35282132:A:G
22:35282572:C:T
22:35282830:A:G
22:35283476:A:G
22:35283701:C:T
22:35284369:A:G
22:35284506:C:T
22:35285464:C:G
22:35286321:G:T
22:35287518:A:T
22:35287934:A:G
22:35288756:A:G
22:35288857:C:T
22:35289350:C:T
22:35290062:A:G
22:35291426:C:T
22:35292144:C:T
22:35292510:A:C
22:35293949:T:TA
22:35294045:A:C
22:35294541:A:C
22:35294564:C:T
22:35296551:C:T
22:35297311:C:T
22:35297371:C:T
22:35297863:A:AAATAAAT
22:35297882:A:AAATC
22:35297886:A:C
22:35297998:A:G
22:35298100:A:G
22:35298506:A:G
22:35298793:A:G
22:35299628:C:G
22:35299650:A:G
22:35300795:A:G
22:35301197:C:T
22:35302518:A:G
22:35303233:C:T
22:35303471:C:T
22:35307207:C:T
22:35309616:C:T
22:35314472:C:T
22:35315368:A:G
22:35316069:A:T
22:35318187:T:TA
22:35322073:C:G
22:35322517:A:C
22:35323240:C:CA
22:35324828:G:T
22:35326445:A:C
22:35327003:C:T
22:35327360:A:C
22:35327445:A:G
22:35327473:C:T
22:35327873:A:T
22:35329107:C:CAG
22:35330152:A:C
22:35330377:A:C
22:35331124:G:T
22:35331407:A:G
22:35332175:A:G
22:35332423:C:T
22:35332653:C:T
22:35332815:A:G
22:35333474:C:T
22:35333585:A:C
22:35333784:C:T
22:35334366:C:T
22:35334842:A:C
22:35335056:C:T
22:35336718:C:T
22:35337195:C:T
22:35337651:A:G
22:35337732:C:T
22:35337888:A:G
22:35337956:A:T
22:35338995:A:G
22:35339401:C:T
22:35339413:A:G
22:35340103:A:C
22:35340277:A:C
22:35341316:C:T
22:35342029:A:G
22:35342194:C:T
22:35342654:C:T
22:35343029:A:G
22:35343036:A:C
22:35343077:A:G
22:35345231:A:G
22:35346255:A:G
22:35346625:A:G
22:35349368:C:T
22:35350429:A:G
22:35351371:A:G
22:35352656:T:TA
22:35352679:A:G
22:35353031:C:T
22:35353172:C:T
22:35353262:A:G
22:35353511:A:G
22:35354076:C:T
22:35354103:C:T
22:35354168:A:G
22:35354370:C:T
22:35356209:C:T
22:35356224:C:T
22:35356273:C:T
22:35356386:C:T
22:35356481:A:G
22:35358266:C:T
22:35358874:C:T
22:35359065:A:G
22:35359454:A:C
22:35359504:C:T
22:35359537:C:T
22:35359617:C:T
22:35359641:A:AGG
22:35359664:A:C
22:35359743:C:T
22:35360095:A:G
22:35363056:C:T
22:35363205:C:T
22:35363559:C:T
22:35365091:C:T
22:35366055:C:T
22:35368435:G:T
22:35369903:C:T
22:35370103:A:G
22:35371248:A:G
22:35371444:A:G
22:35371707:C:T
22:35375496:A:AAAAT
22:35375665:A:G
22:35376061:G:T
22:35376084:G:T
22:35377002:C:T
22:35378195:C:T
22:35378256:C:T
22:35378438:A:T
22:35380612:A:G
22:35381120:T:TA
22:35381288:A:T
22:35381289:A:T
22:35381350:C:G
22:35381496:A:G
22:35381502:A:C
22:35381546:A:G
22:35381736:A:T
22:35381897:C:T
22:35382016:C:T
22:35382268:A:C
22:35384772:A:G
22:35385028:C:T
22:35385122:A:C
22:35385588:A:G
22:35387105:A:G
22:35387936:C:T
22:35388018:C:T
22:35388905:C:T
22:35388938:G:T
22:35389727:A:G
22:35389829:A:C
22:35389836:A:G
22:35390051:C:T
22:35390101:C:G
22:35390127:A:G
22:35390306:C:T
22:35390327:C:T
22:35390669:A:G
22:35390846:A:G
22:35391073:A:G
22:35391200:A:G
22:35391234:A:T
22:35391265:A:C
22:35391837:C:T
22:35391984:A:T
22:35392059:C:G
22:35393173:C:CGTGT
22:35393739:C:T
22:35393946:G:GT
22:35394480:C:T
22:35394702:A:G
22:35394731:A:G
22:35395126:A:C
22:35395170:A:G
22:35395549:A:T
22:35396040:C:T
22:35396341:T:TTG
22:35396372:A:T
22:35396482:G:T
22:35396679:A:T
22:35396697:A:T
22:35396777:C:T
22:35397293:C:T
22:35398005:A:AT
22:35398839:C:G
22:35398977:A:G
22:35399615:C:T
22:35400285:A:C
22:35400639:C:T
22:35400784:A:G
22:35401204:C:T
22:35401413:A:C
22:35402351:C:T
22:35402955:A:T
22:35402970:C:T
22:35403400:C:T
22:35404391:A:G
22:35405238:G:GATGA
22:35405420:A:G
22:35406098:C:T
22:35406496:A:G
22:35408106:C:CA
22:35408124:A:G
22:35408308:A:G
22:35408536:G:T
22:35408894:A:G
22:35409098:C:T
22:35410466:C:T
22:35410771:A:G
22:35410838:A:G
22:35410898:A:G
22:35411312:A:C
22:35411441:C:G
22:35411480:C:T
22:35411631:C:T
22:35411704:T:TA
22:35411869:G:T
22:35412768:A:G
22:35412833:C:T
22:35413447:A:C
22:35413562:C:T
22:35414143:C:T
22:35414302:A:AC
22:35414540:C:T
22:35414684:A:G
22:35414995:A:C
22:35415574:C:T
22:35416065:C:T
22:35416372:A:AAAG
22:35416380:C:T
22:35416461:C:T
22:35416956:A:G
22:35417053:A:G
22:35417148:C:T
22:35417337:C:T
22:35417785:A:G
22:35417911:G:T
22:35418073:A:G
22:35419299:A:G
22:35419497:A:AT
22:35422872:A:G
22:35423228:C:T
22:35423978:A:G
22:35427571:A:C
22:35429021:A:C
22:35429955:C:T
22:35430167:C:T
22:35432180:A:C
22:35432900:C:T
22:35433522:C:G
22:35435022:A:G
22:35435036:C:T
22:35435220:A:G
22:35435221:A:G
22:35435234:C:CTTT
22:35435309:C:T
22:35435750:A:G
22:35437697:A:T
22:35437824:C:T
22:35438696:A:G
22:35439418:G:T
22:35440037:A:G
22:35440289:C:T
22:35441736:A:G
22:35441894:C:T
22:35442268:C:T
22:35442944:A:G
22:35443028:C:G
22:35443419:A:G
22:35443421:A:C
22:35443638:A:G
22:35444010:C:T
22:35445233:C:T
22:35445353:T:TGAGAATCCCTGTGGGAATACTT
22:35445849:A:T
22:35446992:C:T
22:35448298:A:AC
22:35448397:C:T
22:35448784:G:T
22:35449175:C:CAGG
22:35449692:A:C
22:35450304:C:T
22:35450513:C:T
22:35450940:C:T
22:35451234:A:T
22:35451639:A:G
22:35451839:A:T
22:35451952:C:G
22:35453827:C:T
22:35454728:A:T
22:35454748:C:G
22:35454751:C:T
22:35454772:G:T
22:35454806:C:G
22:35454822:C:T
22:35455110:C:G
22:35455151:C:G
22:35455358:C:T
22:35455363:A:G
22:35455382:A:G
22:35455532:A:G
22:35455533:G:T
22:35455582:A:G
22:35455720:C:T
22:35455830:C:G
22:35455853:A:G
22:35455989:A:T
22:35456086:C:T
22:35456417:A:T
22:35456879:C:G
22:35456894:A:G
22:35456915:A:G
22:35456920:A:C
22:35456985:C:T
22:35457535:A:G
22:35457845:A:G
22:35457928:A:T
22:35457930:C:CA
22:35457932:A:T
22:35457938:C:T
22:35458222:A:G
22:35458685:A:C
22:35458702:A:G
22:35458856:A:G
22:35458904:C:T
22:35458972:A:C
22:35458985:A:G
22:35460367:A:G
22:35460522:C:T
22:35460624:A:C
22:35460650:A:C
22:35460921:A:C
22:35461056:A:G
22:35461165:T:TA
22:35461277:C:T
22:35461338:A:G
22:35461489:G:T
22:35461530:A:G
22:35461535:A:G
22:35461620:C:G
22:35461953:A:C
22:35462249:C:T
22:35462649:C:T
22:35463162:A:G
22:35463179:C:T
22:35463249:C:T
22:35464327:C:T
22:35464973:A:T
22:35465085:C:T
22:35465155:C:T
22:35465727:C:T
22:35465775:C:T
22:35465951:C:G
22:35466264:A:G
22:35466275:C:T
22:35466429:C:T
22:35466515:C:G
22:35466564:A:G
22:35466665:A:G
22:35466764:A:G
22:35467093:A:G
22:35467199:C:T
22:35467851:A:T
22:35468044:C:T
22:35468078:A:G
22:35468177:C:T
22:35468380:A:G
22:35468489:C:G
22:35468539:C:T
22:35468631:C:G
22:35468720:A:G
22:35468730:A:C
22:35469757:C:T
22:35469762:C:T
22:35469876:C:T
22:35469948:C:T
22:35470122:C:T
22:35470152:C:T
22:35470250:C:T
22:35470297:A:C
22:35470386:A:G
22:35470453:A:C
22:35470540:A:C
22:35470863:G:GCACA
22:35470885:A:T
22:35470896:A:G
22:35471028:C:T
22:35471102:G:T
22:35471334:A:G
22:35471499:C:T
22:35471621:C:T
22:35471860:C:T
22:35471906:A:G
22:35471918:C:T
22:35471972:C:T
22:35472080:A:G
22:35472092:T:TAA
22:35472234:A:G
22:35472273:C:T
22:35472593:A:G
22:35472736:A:G
22:35472872:C:T
22:35473178:A:T
22:35473775:C:T
22:35473880:A:G
22:35474222:C:T
22:35474453:C:CT
22:35474507:A:G
22:35474609:C:T
22:35474637:C:CAAT
22:35474647:C:T
22:35475128:A:T
22:35475240:A:G
22:35475363:C:G
22:35475635:C:T
22:35475689:A:T
22:35477265:A:G
22:35477747:G:T
22:35478688:C:T
22:35479094:A:G
22:35479118:C:T
22:35479360:A:C
22:35479380:A:G
22:35479558:A:T
22:35480046:A:G
22:35481493:C:T
22:35482744:A:G
22:35483742:C:T
22:35484107:C:T
22:35488117:C:T
22:35488667:C:G
22:35489712:C:T
22:35489724:C:CA
22:35490925:C:G
22:35491297:C:G
22:35492313:C:T
22:35492354:C:T
22:35492969:G:T
22:35493163:T:TC
22:35493451:C:G
22:35494954:A:G
22:35497557:C:CA
22:35498361:A:AAC
22:35498652:A:G
22:35498878:A:G
22:35498934:C:T
22:35499110:C:T
22:35500054:C:T
22:35500263:C:G
22:35501905:G:T
22:35502640:C:G
22:35503072:C:T
22:35503409:A:T
22:35505647:C:T
22:35506110:C:T
22:35506426:C:T
22:35507759:A:G
22:35508186:A:C
22:35508820:A:G
22:35508826:A:G
22:35509388:A:C
22:35510134:C:G
22:35510675:A:G
22:35513691:C:T
22:35513951:C:T
22:35514126:C:T
22:35514825:C:T
22:35514890:C:T
22:35515265:A:G
22:35515997:C:T
22:35516556:C:T
22:35516845:A:AG
22:35517175:C:T
22:35517390:C:T
22:35517809:A:C
22:35517812:C:CT
22:35517831:C:T
22:35517954:A:G
22:35518042:C:T
22:35518347:C:T
22:35518410:G:T
22:35518476:A:G
22:35518529:C:T
22:35518585:C:T
22:35518782:C:T
22:35518889:C:T
22:35518950:C:T
22:35518987:G:T
22:35519084:A:G
22:35519085:C:T
22:35519097:C:G
22:35519278:C:T
22:35519395:T:TG
22:35519463:C:T
22:35519725:G:T
22:35519850:C:T
22:35520076:C:T
22:35520127:C:T
22:35521743:C:CA
22:35522842:C:T
22:35523373:C:T
22:35524859:A:G
22:35525937:C:T
22:35526007:C:T
22:35526206:A:C
22:35526281:A:G
22:35526465:C:T
22:35526478:A:G
22:35526571:A:G
22:35526635:A:G
22:35526793:G:T
22:35527074:A:G
22:35527079:G:T
22:35528111:C:T
22:35528206:A:G
22:35528458:A:G
22:35528463:C:T
22:35528502:C:T
22:35530147:C:CT
22:35531009:A:G
22:35531698:A:G
22:35533126:A:G
22:35533408:G:T
22:35533620:A:G
22:35536380:C:G
22:35536703:A:G
22:35537036:A:G
22:35537472:A:G
22:35537627:A:G
22:35537726:A:G
22:35539897:A:G
22:35540044:A:G
22:35540651:A:G
22:35540722:G:T
22:35541191:A:C
22:35543045:C:G
22:35544350:A:C
22:35544939:C:G
22:35544993:A:AC
22:35546871:A:C
22:35547004:A:G
22:35547943:C:T
22:35548304:A:G
22:35550071:C:T
22:35550866:A:T
22:35551507:A:G
22:35551960:A:AAAG
22:35552607:A:G
22:35555344:C:G
22:35556596:C:T
22:35556846:A:T
22:35557220:A:G
22:35559979:A:G
22:35560636:C:G
22:35562901:A:G
22:35565135:C:T
22:35565229:C:T
22:35566070:A:G
22:35566096:A:G
22:35567060:A:ATT
22:35568672:C:T
22:35571393:C:G
22:35572598:A:G
22:35572768:A:C
22:35573334:C:T
22:35573466:G:T
22:35581399:A:G
22:35588372:C:T
22:35589672:A:AGAAG
22:35590906:C:T
22:35591601:C:T
22:35592652:C:T
22:35592730:A:G
22:35593034:C:T
22:35593079:A:G
22:35594449:C:T
22:35594601:A:ATGGGGGG
22:35595165:G:GC
22:35595733:C:T
22:35595987:A:G
22:35599217:C:T
22:35599411:C:T
22:35600241:A:G
22:35601221:A:G
22:35603796:C:T
22:35606496:G:T
22:35607605:C:T
22:35608169:A:G
22:35610161:C:T
22:35610820:A:G
22:35611036:A:T
22:35612297:C:T
22:35612702:C:T
22:35614530:C:T
22:35614938:A:C
22:35614961:C:T
22:35616210:C:T
22:35616246:C:CA
22:35617553:A:AT
22:35618305:A:G
22:35619005:C:T
22:35619182:C:T
22:35619419:C:T
22:35620030:C:T
22:35620392:G:GTC
22:35620764:G:T
22:35621921:A:G
22:35622289:A:G
22:35622616:G:T
22:35625845:A:C
22:35626772:C:G
22:35626938:A:G
22:35627919:C:T
22:35628055:A:C
22:35631361:A:G
22:35631590:A:G
22:35634355:C:T
22:35634803:G:T
22:35637886:A:C
22:35638179:C:T
22:35639232:G:T
22:35639497:C:G
22:35640290:C:CT
22:35640943:C:T
22:35641337:G:T
22:35641511:C:T
22:35641692:C:T
22:35642337:A:G
22:35642414:C:CCCG
22:35645564:C:G
22:35645621:T:TA
22:35646457:A:G
22:35646478:C:T
22:35647071:G:GTT
22:35648169:C:G
22:35648370:C:T
22:35648479:C:G
22:35648723:A:G
22:35648824:A:G
22:35649137:A:AAAAAAAAG
22:35650196:A:G
22:35650642:A:G
22:35651431:C:T
22:35654943:C:G
22:35656240:A:G
22:35657541:T:TA
22:35663142:T:TATATA
22:35664327:C:T
22:35666515:A:G
22:35671135:A:G
22:35678256:A:G
22:35679658:C:T
22:35679787:A:AAT
22:35679951:C:T
22:35680095:A:G
22:35681516:C:T
22:35684533:C:G
22:35685218:A:G
22:35686668:A:G
22:35686673:T:TC
22:35688623:C:T
22:35689415:G:T
22:35693507:A:G
22:35693590:A:AGGCGCCCACCAC
22:35693830:G:T
22:35693838:G:T
22:35693841:G:T
22:35696931:A:G
22:35697612:C:G
22:35698455:A:AG
22:35699104:G:T
22:35699124:A:AACACACACAC
22:35699265:C:T
22:35700617:A:G
22:35701457:A:G
22:35702068:A:C
22:35702439:A:G
22:35705636:C:CA
22:35710231:A:G
22:35710449:C:CG
22:35710872:C:CTCATGAGA
22:35711543:A:C
22:35714740:G:T
22:35714753:A:G
22:35715850:A:G
22:35717540:C:T
22:35718290:C:T
22:35722011:A:G
22:35722126:C:T
22:35723831:A:G
22:35724286:A:G
22:35724815:A:G
22:35725538:A:G
22:35728466:C:T
22:35729721:A:G
22:35730085:A:C
22:35731245:C:T
22:35735760:A:G
22:35736708:C:G
22:35738488:C:T
22:35738547:G:GGGATCCTTGT
22:35738922:A:G
22:35738971:A:ACT
22:35739511:C:T
22:35739927:A:C
22:35740442:A:C
22:35740643:G:T
22:35741820:A:G
22:35744472:A:G
22:35744765:C:T
22:35745844:T:TGG
22:35745852:C:G
22:35746152:A:G
22:35748714:A:G
22:35749188:C:CCTT
22:35749971:T:TA
22:35750961:C:T
22:35752390:A:T
22:35754112:A:G
22:35755501:C:G
22:35756548:A:G
22:35756553:A:G
22:35756914:A:C
22:35757309:C:T
22:35757339:A:G
22:35758646:A:G
22:35761178:T:TAG
22:35761650:C:T
22:35762522:A:G
22:35762523:C:T
22:35763616:C:T
22:35764050:A:G
22:35765175:A:G
22:35765307:C:CA
22:35765829:C:G
22:35766930:A:G
22:35767246:C:CAG
22:35767609:C:CAAA
22:35768057:A:G
22:35768063:A:T
22:35768368:G:T
22:35770468:C:T
22:35771692:C:T
22:35772168:A:G
22:35776672:A:T
22:35778505:C:T
22:35778653:G:GCCCT
22:35781929:G:GTTTA
22:35785208:C:T
22:35785423:A:T
22:35785668:C:CT
22:35786182:A:G
22:35786722:C:T
22:35789263:A:G
22:35791464:C:G
22:35791541:G:T
22:35791803:A:G
22:35791971:C:T
22:35792171:A:G
22:35792302:G:T
22:35792477:A:C
22:35793094:C:T
22:35793266:C:T
22:35793946:C:CT
22:35794409:A:G
22:35795125:C:G
22:35795413:A:G
22:35795810:G:GA
22:35796779:C:T
22:35796786:C:CTTTAT
22:35797092:C:T
22:35797333:C:T
22:35797769:A:G
22:35798047:C:T
22:35799542:C:T
22:35799934:C:CA
22:35800523:C:CTG
22:35800683:C:T
22:35801013:A:AT
22:35801342:G:T
22:35801806:C:T
22:35801920:C:T
22:35802086:C:T
22:35802199:A:G
22:35802292:C:T
22:35802303:A:T
22:35804752:A:G
22:35805720:C:T
22:35806238:G:T
22:35807034:C:G
22:35807292:A:AGTG
22:35808708:C:T
22:35810183:G:T
22:35810541:C:T
22:35811248:C:T
22:35811597:G:T
22:35813158:A:G
22:35814113:G:T
22:35814215:A:G
22:35814663:A:T
22:35814679:T:TACAC
22:35814939:C:G
22:35814962:C:G
22:35815063:A:C
22:35815880:A:G
22:35816262:C:T
22:35817257:A:G
22:35817909:C:T
22:35818190:C:CAGT
22:35818398:A:G
22:35819180:A:G
22:35820589:A:C
22:35820622:C:G
22:35821370:C:T
22:35824267:G:T
22:35825030:A:G
22:35825633:A:G
22:35827430:G:T
22:35827667:A:G
22:35827854:A:G
22:35829452:C:T
22:35829455:A:G
22:35830111:A:G
22:35830818:A:G
22:35832891:A:G
22:35832903:A:AT
22:35834243:T:TCCAC
22:35834676:C:T
22:35835490:A:G
22:35838043:T:TCTGATCGAGCTACTCC
22:35838384:A:C
22:35838475:A:T
22:35841715:G:T
22:35842188:A:G
22:35844751:C:T
22:35846168:C:T
22:35846282:A:T
22:35846804:A:AC
22:35847034:C:T
22:35847275:C:CAG
22:35847288:A:G
22:35847616:G:T
22:35847987:C:T
22:35848043:C:T
22:35848209:C:T
22:35848223:C:G
22:35848304:C:T
22:35848340:C:T
22:35848647:C:T
22:35848659:C:T
22:35848724:A:G
22:35848869:A:G
22:35848911:A:G
22:35849292:G:T
22:35849332:C:CAG
22:35849357:C:CAGAG
22:35849393:A:T
22:35849410:C:CAG
22:35849426:C:CAGAGAT
22:35849466:G:GAC
22:35849510:T:TCAGAGA
22:35849577:C:G
22:35849600:A:G
22:35849739:G:GAGAC
22:35849778:A:G
22:35850488:C:CG
22:35850817:A:G
22:35850858:C:G
22:35850928:A:G
22:35851038:C:T
22:35851141:A:G
22:35851197:A:AT
22:35851555:A:AT
22:35851674:C:T
22:35851728:C:G
22:35851740:A:G
22:35851760:A:G
22:35851841:A:G
22:35851929:G:T
22:35851976:C:T
22:35851986:A:C
22:35852406:G:T
22:35852460:A:AT
22:35852516:A:G
22:35852518:G:T
22:35852600:C:T
22:35852929:A:G
22:35853080:C:T
22:35853126:C:T
22:35853135:A:G
22:35853357:A:G
22:35853455:C:T
22:35853458:G:T
22:35853520:A:AAAAAT
22:35853641:A:G
22:35853684:A:T
22:35853968:A:G
22:35855603:C:T
22:35856164:A:G
22:35857420:C:CT
22:35865844:C:T
22:35869319:A:C
22:35869802:A:G
22:35871653:A:G
22:35875527:A:G
22:35875615:A:G
22:35876585:A:G
22:35876661:A:G
22:35876700:C:CCTT
22:35876888:C:T
22:35877611:C:G
22:35877726:A:C
22:35878767:A:G
22:35878810:A:G
22:35879081:C:T
22:35879647:C:CAG
22:35882725:C:T
22:35883259:C:T
22:35883397:A:G
22:35883738:C:T
22:35884032:C:T
22:35886191:C:G
22:35886880:A:G
22:35888658:C:T
22:35891102:C:G
22:35892251:A:C
22:35892277:C:T
22:35893285:C:T
22:35894347:C:G
22:35894541:A:AG
22:35896343:A:G
22:35896926:C:T
22:35898030:A:G
22:35898318:C:T
22:35898820:A:G
22:35899646:C:T
22:35901373:C:T
22:35902517:A:G
22:35902777:A:G
22:35903152:C:T
22:35903328:C:T
22:35905263:C:T
22:35905543:A:C
22:35905585:G:T
22:35906135:C:G
22:35906137:C:G
22:35907252:C:T
22:35907880:C:T
22:35908928:A:T
22:35910040:A:T
22:35912469:C:T
22:35915774:A:G
22:35918270:C:T
22:35919446:A:G
22:35919589:C:T
22:35919789:A:G
22:35919837:C:T
22:35920134:C:T
22:35920869:A:C
22:35921981:G:T
22:35922146:C:T
22:35922604:A:G
22:35922654:A:T
22:35922922:A:G
22:35923105:A:G
22:35923192:A:G
22:35923409:C:T
22:35924713:C:T
22:35925600:G:T
22:35925915:A:C
22:35925996:A:G
22:35926387:A:G
22:35926467:C:G
22:35926542:A:G
22:35926810:C:T
22:35926968:A:G
22:35927141:C:T
22:35927181:C:T
22:35927308:C:T
22:35927461:C:T
22:35928368:C:T
22:35928417:A:G
22:35928792:A:G
22:35928877:A:C
22:35929444:A:G
22:35929523:C:T
22:35929753:A:ATGATGG
22:35930731:C:G
22:35932000:C:G
22:35932473:C:T
22:35933130:C:CT
22:35933578:C:T
22:35933803:C:T
22:35933996:C:CT
22:35934313:C:T
22:35934445:C:T
22:35934614:A:G
22:35935475:A:G
22:35936185:A:G
22:35936868:A:C
22:35937351:C:T
22:35938557:A:G
22:35939369:C:T
22:35941605:G:T
22:35941944:C:T
22:35942049:A:T
22:35943984:C:T
22:35944014:A:G
22:35944774:A:G
22:35945142:C:T
22:35945703:G:T
22:35946045:C:T
22:35946750:A:C
22:35948265:C:G
22:35948293:G:T
22:35948435:C:T
22:35948555:C:G
22:35950148:A:G
22:35950648:A:G
22:35951066:C:T
22:35952990:C:T
22:35954023:C:CT
22:35957270:G:GT
22:35958832:A:AAAAC
22:35961970:C:T
22:35962060:A:G
22:35962066:C:T
22:35962888:A:G
22:35963444:A:G
22:35964052:A:G
22:35964158:C:G
22:35964393:G:GTCCTTACTACAGAA
22:35965077:A:G
22:35965690:G:GCTTAAAACAACAATAAAC
22:35965960:C:CT
22:35967836:A:T
22:35968220:A:G
22:35969443:A:T
22:35969551:A:C
22:35970827:C:T
22:35971209:A:G
22:35971856:C:T
22:35971881:A:G
22:35972126:A:G
22:35972304:A:G
22:35972779:C:T
22:35973426:C:T
22:35973583:C:T
22:35974292:A:C
22:35974380:G:GTAGA
22:35974941:G:T
22:35975133:C:G
22:35975216:C:G
22:35975431:A:G
22:35975792:C:T
22:35976000:C:G
22:35976171:A:G
22:35976191:A:C
22:35976572:A:G
22:35977364:C:CTT
22:35978600:A:C
22:35978615:A:G
22:35978764:C:G
22:35978826:A:G
22:35979488:C:T
22:35979539:C:CA
22:35979857:C:T
22:35979968:A:C
22:35980060:A:G
22:35980105:A:G
22:35980108:G:GC
22:35981447:C:T
22:35981747:C:G
22:35981982:C:T
22:35981984:T:TC
22:35982445:C:G
22:35982672:A:G
22:35983177:A:C
22:35983242:A:C
22:35983323:C:G
22:35984050:A:G
22:35984840:C:T
22:35985074:C:T
22:35986067:A:AC
22:35986090:A:C
22:35988070:A:C
22:35988659:C:G
22:35990187:C:T
22:35990496:C:T
22:35990858:C:T
22:35991435:C:T
22:35991438:C:T
22:35991556:C:CT
22:35991581:C:G
22:35991619:A:G
22:35991766:A:C
22:35991904:A:G
22:35992140:C:G
22:35992604:A:C
22:35993150:C:T
22:35993583:A:G
22:35993701:T:TTG
22:35993783:A:C
22:35994111:A:C
22:35994373:C:G
22:35995038:A:C
22:35995050:A:G
22:35995150:C:T
22:35995199:A:AGAGG
22:35996298:A:T
22:35996615:G:T
22:35997239:A:T
22:35997276:A:G
22:35997478:A:ATG
22:35997870:T:TTG
22:35997971:C:T
22:35998010:T:TTG
22:35998538:C:T
22:35998924:C:T
22:36000897:A:G
22:36000904:C:CA
22:36001162:C:T
22:36001523:A:G
22:36001569:C:T
22:36002420:C:T
22:36002834:T:TA
22:36003053:C:T
22:36004871:A:G
22:36004991:C:G
22:36005410:C:T
22:36006108:C:G
22:36006618:C:T
22:36008527:C:T
22:36008624:C:T
22:36009357:C:G
22:36010004:C:T
22:36010535:C:CA
22:36011275:C:T
22:36014262:A:G
22:36016148:C:T
22:36016472:C:T
22:36017226:G:T
22:36022702:C:T
22:36022859:A:AT
22:36023440:C:G
22:36026458:A:T
22:36026592:A:G
22:36026620:A:G
22:36026983:G:T
22:36027241:A:G
22:36028171:A:T
22:36028759:A:G
22:36029413:A:G
22:36029526:T:TGAAG
22:36029571:C:T
22:36029574:A:ATG
22:36029587:G:T
22:36029668:C:G
22:36029701:A:AGT
22:36029707:T:TGC
22:36029808:A:G
22:36029880:A:G
22:36030165:A:G
22:36032225:A:G
22:36032458:A:T
22:36032567:C:G
22:36032730:A:G
22:36032971:C:G
22:36033309:A:G
22:36033341:A:G
22:36033494:C:T
22:36033857:C:T
22:36034346:A:T
22:36034443:C:G
22:36034818:A:G
22:36034983:C:T
22:36035029:C:T
22:36035821:C:T
22:36036888:A:G
22:36038076:C:T
22:36038165:C:G
22:36038214:A:G
22:36038267:A:G
22:36038286:A:G
22:36038567:C:T
22:36038700:A:C
22:36038998:C:T
22:36039058:A:G
22:36039158:A:G
22:36039274:A:G
22:36039507:A:G
22:36039619:A:C
22:36039865:A:G
22:36040164:A:C
22:36040410:A:G
22:36040454:A:T
22:36040753:C:T
22:36040785:A:G
22:36040813:C:G
22:36040893:G:T
22:36040912:C:T
22:36040913:A:G
22:36040951:G:T
22:36041283:A:G
22:36041330:A:G
22:36041650:A:G
22:36042682:A:G
22:36043201:A:G
22:36043587:C:G
22:36044710:C:T
22:36045133:A:T
22:36045479:A:G
22:36045511:A:G
22:36046351:A:G
22:36046641:G:GTGAA
22:36046847:C:T
22:36046992:A:T
22:36047000:A:T
22:36048242:G:T
22:36048399:A:G
22:36049302:G:T
22:36049801:A:G
22:36050316:A:C
22:36050400:C:T
22:36050589:A:C
22:36050591:A:C
22:36050964:C:T
22:36051005:C:G
22:36051192:C:T
22:36052321:A:G
22:36053070:C:T
22:36053195:C:T
22:36053235:C:G
22:36053281:A:G
22:36053322:C:T
22:36053332:C:T
22:36053342:C:T
22:36053392:C:T
22:36053407:A:G
22:36053745:C:G
22:36055915:A:C
22:36055987:A:AT
22:36055994:A:T
22:36056069:C:T
22:36056728:A:G
22:36057308:A:G
22:36057360:A:G
22:36058248:C:T
22:36058283:C:T
22:36058301:C:T
22:36059330:C:G
22:36059338:A:G
22:36059394:A:AT
22:36059788:A:G
22:36059842:A:G
22:36060437:C:G
22:36060855:A:T
22:36061691:C:T
22:36062171:A:T
22:36062346:A:G
22:36064047:A:G
22:36064087:C:T
22:36064164:C:T
22:36064414:G:T
22:36064455:T:TAC
22:36064629:C:T
22:36064665:A:G
22:36065734:C:T
22:36065908:C:T
22:36066022:A:G
22:36066075:A:G
22:36066137:A:G
22:36066475:A:T
22:36066680:C:T
22:36066935:G:T
22:36067804:A:T
22:36068271:A:G
22:36069674:C:T
22:36069723:A:G
22:36070167:C:T
22:36070421:C:T
22:36070830:A:G
22:36071583:C:T
22:36071609:C:T
22:36071804:C:T
22:36071988:A:G
22:36072064:C:T
22:36072419:A:C
22:36072863:A:G
22:36072872:A:C
22:36072933:C:T
22:36073118:C:T
22:36074043:C:T
22:36074596:A:G
22:36075036:C:T
22:36075344:C:G
22:36075954:G:T
22:36076658:A:AT
22:36076898:A:G
22:36077082:A:AT
22:36077461:A:G
22:36077527:A:G
22:36077559:C:T
22:36077719:A:T
22:36077964:G:GTCTGGTGTAAACA
22:36078392:C:CA
22:36079042:C:T
22:36079488:T:TGA
22:36080057:C:G
22:36080506:C:T
22:36080813:G:T
22:36081288:A:C
22:36081970:A:C
22:36082015:C:T
22:36082417:A:G
22:36083246:A:G
22:36083605:A:G
22:36084164:C:CA
22:36084506:A:G
22:36085301:G:T
22:36085347:C:T
22:36085739:A:G
22:36085802:C:T
22:36085957:C:T
22:36086037:A:G
22:36086345:T:TA
22:36087686:C:G
22:36087731:A:AC
22:36088280:C:CG
22:36088282:T:TC
22:36088284:A:G
22:36089560:C:T
22:36089595:G:GGAT
22:36090044:C:T
22:36090060:A:G
22:36091924:C:T
22:36091959:A:G
22:36092693:C:T
22:36093842:T:TAAG
22:36094192:A:G
22:36094221:A:G
22:36094730:T:TTAA
22:36094996:G:T
22:36095215:A:G
22:36095218:A:G
22:36095255:C:T
22:36095335:C:G
22:36096366:A:G
22:36096409:C:T
22:36096515:C:G
22:36097061:C:T
22:36099013:G:T
22:36099713:A:C
22:36099882:A:G
22:36100410:A:C
22:36101567:C:T
22:36103778:A:G
22:36103985:A:T
22:36104079:C:CA
22:36104647:A:G
22:36105236:A:C
22:36105655:C:T
22:36105832:A:T
22:36106721:A:T
22:36110132:A:G
22:36110517:C:G
22:36111304:C:T
22:36111521:C:T
22:36113455:G:GA
22:36113801:A:G
22:36114994:A:G
22:36115037:C:T
22:36115061:G:T
22:36115128:A:G
22:36115349:C:T
22:36115542:A:C
22:36115594:A:G
22:36115788:G:GTGTT
22:36115897:A:C
22:36115911:A:G
22:36116097:G:T
22:36116923:A:G
22:36117591:T:TA
22:36117854:A:G
22:36117892:C:T
22:36118841:A:G
22:36119779:C:G
22:36120297:C:T
22:36122811:A:G
22:36123083:C:T
22:36126195:C:G
22:36126395:C:G
22:36126448:C:T
22:36126832:A:G
22:36127565:C:T
22:36127853:A:G
22:36128654:C:T
22:36128785:C:T
22:36129851:A:T
22:36130554:A:G
22:36130557:C:T
22:36130914:A:G
22:36131201:C:G
22:36132558:A:T
22:36137531:C:T
22:36140552:A:G
22:36140875:C:G
22:36166493:C:G
22:36171333:A:G
22:36178273:G:T
22:36183988:C:T
22:36190573:C:T
22:36190575:A:G
22:36196745:G:GT
22:36199194:A:AAC
22:36202141:A:G
22:36202359:A:C
22:36217516:A:G
22:36222356:C:T
22:36227490:A:T
22:36240057:C:T
22:36240518:C:G
22:36242044:A:AT
22:36247681:C:T
22:36250013:G:T
22:36254641:G:T
22:36257772:C:T
22:36258689:A:G
22:36258974:A:G
22:36272192:A:G
22:36278885:A:G
22:36282306:A:G
22:36283505:C:T
22:36283675:C:G
22:36285336:A:G
22:36285665:A:G
22:36292050:A:G
22:36292120:A:C
22:36293028:A:T
22:36294634:C:T
22:36294844:C:T
22:36295643:A:G
22:36295657:G:T
22:36297508:A:G
22:36298441:A:G
22:36298859:A:AT
22:36299751:C:T
22:36303362:A:G
22:36303973:C:G
22:36304592:A:G
22:36305296:A:C
22:36306059:A:T
22:36306266:A:G
22:36306485:C:G
22:36308723:A:G
22:36309343:C:T
22:36309608:G:GTA
22:36311220:C:T
22:36311770:G:T
22:36318445:A:G
22:36320122:A:T
22:36320166:A:G
22:36321108:C:T
22:36326172:A:C
22:36326678:A:G
22:36328197:C:T
22:36328259:A:G
22:36328652:A:C
22:36329083:C:T
22:36330190:C:T
22:36330476:A:G
22:36333231:A:G
22:36335960:C:T
22:36337776:A:C
22:36339459:A:ATTAAG
22:36342329:C:T
22:36345069:C:T
22:36345228:A:T
22:36345320:C:T
22:36347646:A:C
22:36347680:G:GA
22:36350105:A:G
22:36351343:G:T
22:36352570:C:T
22:36353657:C:T
22:36355358:G:T
22:36359160:A:G
22:36361878:G:T
22:36363919:C:T
22:36364549:A:AG
22:36368482:C:CA
22:36368555:C:T
22:36371769:A:C
22:36373844:A:G
22:36374865:C:T
22:36374961:C:T
22:36378451:C:T
22:36381928:C:CTAGA
22:36389167:T:TA
22:36389393:C:T
22:36392405:C:T
22:36393380:A:G
22:36397368:A:T
22:36406121:C:G
22:36406534:A:G
22:36409696:C:G
22:36413291:C:T
22:36414914:A:G
22:36415129:C:T
22:36418280:C:T
22:36422020:A:G
22:36422591:C:CAG
22:36423437:A:G
22:36424170:A:C
22:36425725:A:G
22:36429376:A:G
22:36435260:A:G
22:36437842:A:C
22:36438326:C:T
22:36438516:G:GC
22:36438581:A:G
22:36439155:A:G
22:36439861:C:T
22:36440422:C:CA
22:36441242:A:AT
22:36443675:C:T
22:36443943:A:T
22:36444568:A:G
22:36447365:T:TC
22:36447921:T:TCAAA
22:36448347:A:G
22:36449474:C:T
22:36449651:C:T
22:36449731:C:G
22:36450319:C:CT
22:36453608:A:G
22:36455936:G:T
22:36456158:C:T
22:36456302:C:T
22:36456462:A:G
22:36456816:A:G
22:36458009:C:G
22:36459121:C:T
22:36460331:C:T
22:36460604:C:G
22:36468389:A:T
22:36470185:A:G
22:36473074:C:G
22:36473863:A:G
22:36473996:C:T
22:36475942:C:G
22:36479592:A:G
22:36480160:C:CAT
22:36481227:C:G
22:36485094:C:CT
22:36486347:A:G
22:36487012:A:T
22:36487605:C:CG
22:36488194:A:AT
22:36489602:G:T
22:36489997:C:T
22:36490282:A:G
22:36490485:A:G
22:36490708:A:T
22:36490712:A:T
22:36490727:A:C
22:36491506:A:G
22:36492056:A:G
22:36492101:C:T
22:36492179:A:AT
22:36492582:A:C
22:36493933:A:T
22:36494210:G:T
22:36494712:C:T
22:36494713:C:G
22:36495029:A:G
22:36497158:C:T
22:36497303:A:G
22:36498980:C:T
22:36499425:T:TAAAAA
22:36500066:C:T
22:36501604:A:G
22:36502129:C:T
22:36502643:A:G
22:36502823:G:T
22:36503316:G:T
22:36503334:G:GT
22:36503426:G:T
22:36503929:C:CT
22:36504264:C:T
22:36504679:A:G
22:36505321:A:T
22:36505770:C:T
22:36505927:C:T
22:36505948:A:T
22:36505952:T:TG
22:36506188:C:T
22:36506463:C:T
22:36506464:A:G
22:36508974:C:T
22:36509542:C:CT
22:36512584:C:CA
22:36512910:A:C
22:36512910:C:CA
22:36512983:C:T
22:36513415:A:G
22:36515803:A:G
22:36516944:A:C
22:36517151:C:T
22:36517307:C:T
22:36518280:A:T
22:36519040:C:T
22:36521289:A:G
22:36524884:A:G
22:36525161:C:CA
22:36526255:C:G
22:36530428:A:G
22:36531562:C:T
22:36532058:A:G
22:36532322:C:G
22:36533785:C:T
22:36533942:A:G
22:36534845:C:T
22:36535005:C:T
22:36537029:C:T
22:36537725:A:G
22:36538907:A:G
22:36539184:C:CA
22:36539754:G:T
22:36539804:A:G
22:36540122:C:T
22:36540434:C:T
22:36540468:C:T
22:36540617:G:T
22:36540783:C:T
22:36540910:A:T
22:36541000:A:G
22:36541004:A:G
22:36542194:A:C
22:36542250:T:TG
22:36542498:G:T
22:36542623:G:GTA
22:36543020:C:T
22:36543436:C:T
22:36543489:C:G
22:36543536:C:T
22:36543557:A:G
22:36543605:C:G
22:36543995:C:T
22:36544029:C:T
22:36544519:C:T
22:36544729:A:G
22:36544842:A:G
22:36545137:A:T
22:36545661:C:T
22:36545780:C:T
22:36548406:A:G
22:36550067:C:T
22:36551916:C:T
22:36552339:C:T
22:36552402:C:T
22:36554024:A:G
22:36554605:A:T
22:36554860:A:G
22:36555335:A:G
22:36555365:A:C
22:36555366:A:T
22:36555472:C:G
22:36555794:C:T
22:36557623:C:T
22:36557818:C:CA
22:36558061:A:G
22:36562996:A:G
22:36565029:A:G
22:36567654:A:G
22:36567899:A:G
22:36570238:A:G
22:36576223:A:G
22:36576650:A:G
22:36576940:A:G
22:36577146:A:G
22:36579166:C:T
22:36580965:C:G
22:36581306:A:G
22:36581751:A:G
22:36582388:C:T
22:36582949:A:C
22:36583343:A:G
22:36583457:C:T
22:36583996:A:G
22:36584251:G:T
22:36584279:A:G
22:36584398:C:G
22:36585526:C:T
22:36585564:C:T
22:36585721:G:T
22:36585858:C:T
22:36586178:A:G
22:36586204:C:T
22:36586335:C:T
22:36586389:A:G
22:36586499:A:G
22:36586693:A:C
22:36587202:A:G
22:36587223:G:T
22:36587279:A:G
22:36587486:A:G
22:36587511:C:T
22:36587704:C:T
22:36587952:C:T
22:36588112:C:T
22:36588246:C:T
22:36588392:A:T
22:36589401:C:T
22:36589511:A:C
22:36589539:A:G
22:36589706:A:G
22:36589993:A:G
22:36590458:C:T
22:36590853:C:T
22:36590946:C:T
22:36591274:C:T
22:36591639:C:T
22:36592998:C:T
22:36593197:C:G
22:36593640:A:T
22:36595915:A:G
22:36595936:C:T
22:36596015:G:T
22:36596552:A:G
22:36596771:A:G
22:36597098:A:G
22:36597552:A:G
22:36597564:A:G
22:36597744:A:C
22:36598081:A:T
22:36598301:C:T
22:36598645:A:G
22:36598679:G:T
22:36598680:G:T
22:36598711:A:G
22:36599544:A:G
22:36599659:A:G
22:36601057:C:T
22:36601563:C:T
22:36605391:C:T
22:36605483:C:T
22:36607180:A:AG
22:36608349:C:T
22:36609181:C:T
22:36609932:A:G
22:36610924:C:CA
22:36610932:A:T
22:36611233:C:T
22:36611382:C:T
22:36611863:A:G
22:36612258:C:G
22:36612650:G:GGCCTGT
22:36612810:A:G
22:36614411:C:T
22:36615000:A:C
22:36615069:A:G
22:36615084:A:G
22:36615085:A:T
22:36615089:C:T
22:36615485:A:G
22:36615543:C:T
22:36615599:C:CCTGGG
22:36615768:A:G
22:36615940:G:GC
22:36616007:A:C
22:36616056:C:T
22:36616135:A:C
22:36616163:G:T
22:36616317:G:T
22:36616891:A:G
22:36617838:C:T
22:36617975:A:G
22:36618077:A:C
22:36619027:C:T
22:36619524:C:G
22:36619580:C:G
22:36619945:A:G
22:36620961:A:G
22:36621216:C:T
22:36621709:C:T
22:36622164:A:G
22:36622714:C:G
22:36622720:A:G
22:36622822:G:T
22:36625427:T:TA
22:36625504:C:T
22:36625885:C:T
22:36625910:C:G
22:36625911:C:T
22:36626277:C:T
22:36626601:A:G
22:36626632:C:T
22:36626724:G:T
22:36626955:A:G
22:36627193:C:T
22:36628993:C:T
22:36629466:A:T
22:36629633:A:C
22:36630056:C:T
22:36630350:A:C
22:36630439:A:G
22:36630990:C:T
22:36631039:C:T
22:36631194:A:G
22:36631461:A:G
22:36631575:C:CA
22:36631593:A:G
22:36631952:G:T
22:36632864:A:AG
22:36633025:C:T
22:36633225:A:G
22:36633427:G:T
22:36633452:A:C
22:36633861:A:C
22:36633994:C:T
22:36634586:A:C
22:36636722:A:G
22:36636724:A:G
22:36636794:A:G
22:36636981:T:TAA
22:36637304:A:AT
22:36638705:C:T
22:36639067:C:T
22:36639308:C:T
22:36639421:A:G
22:36639742:C:T
22:36639921:C:G
22:36639975:A:G
22:36640533:A:C
22:36640927:G:T
22:36641458:A:G
22:36641792:A:G
22:36642018:A:T
22:36642370:A:G
22:36643428:C:G
22:36643986:A:T
22:36644151:A:G
22:36644251:A:G
22:36644265:A:G
22:36644522:C:T
22:36644593:C:G
22:36644857:C:T
22:36645089:A:T
22:36646839:C:T
22:36646945:C:T
22:36647536:C:T
22:36647765:A:T
22:36647960:C:T
22:36648093:G:T
22:36648352:A:C
22:36648552:A:G
22:36648738:C:T
22:36649574:A:G
22:36649802:C:T
22:36649966:C:T
22:36650481:C:T
22:36650956:A:G
22:36652164:C:T
22:36652931:C:T
22:36653275:A:G
22:36653752:C:G
22:36653854:C:T
22:36654145:A:T
22:36655012:A:G
22:36656138:A:T
22:36657023:C:T
22:36657329:C:T
22:36657596:A:G
22:36657628:G:T
22:36657789:C:T
22:36658167:C:G
22:36658169:G:GA
22:36659188:G:T
22:36659299:A:C
22:36659571:A:G
22:36660614:A:G
22:36660921:C:T
22:36661061:A:G
22:36661149:A:G
22:36661152:A:G
22:36661536:A:C
22:36661566:A:G
22:36661646:A:G
22:36661842:A:G
22:36662371:G:T
22:36662377:C:T
22:36662386:C:T
22:36662679:C:T
22:36662950:C:CA
22:36663248:A:G
22:36663333:A:G
22:36663535:C:CTG
22:36663627:C:T
22:36664002:A:G
22:36664115:C:T
22:36664339:A:G
22:36664486:C:T
22:36665538:C:T
22:36665767:A:G
22:36667988:C:CAA
22:36672295:C:T
22:36672868:A:T
22:36675011:A:G
22:36675150:A:G
22:36675290:C:T
22:36675821:C:T
22:36676193:G:GA
22:36677553:T:TA
22:36677914:A:G
22:36679652:A:T
22:36685483:C:T
22:36687090:C:G
22:36687136:A:G
22:36687912:C:T
22:36688672:A:G
22:36691447:G:GGT
22:36694954:C:G
22:36695123:C:G
22:36699099:C:T
22:36699219:T:TGCCACAC
22:36699779:C:T
22:36700175:A:G
22:36701487:C:T
22:36710698:A:T
22:36713074:A:G
22:36749167:C:T
22:36749168:A:G
22:36757202:C:T
22:36763483:C:T
22:36764246:C:G
22:36764258:C:T
22:36769402:G:T
22:36769709:A:G
22:36769933:T:TAGTA
22:36770918:A:C
22:36771232:C:T
22:36771502:A:G
22:36771893:C:G
22:36772753:G:T
22:36772774:A:G
22:36772890:C:G
22:36772894:A:G
22:36773887:C:T
22:36775751:A:G
22:36775885:C:G
22:36776501:A:G
22:36777803:C:T
22:36778349:A:G
22:36778451:C:T
22:36778754:A:G
22:36778929:A:T
22:36781568:A:G
22:36781666:C:T
22:36781680:C:T
22:36782438:C:T
22:36782580:A:G
22:36782772:C:G
22:36783638:C:T
22:36784449:A:G
22:36785297:C:T
22:36786966:C:T
22:36787160:A:G
22:36788350:C:G
22:36789003:A:G
22:36789283:A:T
22:36790234:A:G
22:36790241:A:G
22:36790462:A:G
22:36790500:C:T
22:36790670:C:T
22:36791144:A:T
22:36791625:C:T
22:36791638:A:G
22:36792162:A:G
22:36793191:T:TA
22:36793227:A:G
22:36793417:A:G
22:36794184:A:G
22:36794395:C:G
22:36794424:C:G
22:36798711:C:T
22:36802663:A:T
22:36802825:T:TTAATAA
22:36802907:C:T
22:36802932:A:C
22:36803097:C:G
22:36803192:A:G
22:36803418:A:G
22:36803750:A:T
22:36803933:A:G
22:36804100:A:G
22:36804267:C:T
22:36804389:G:T
22:36804484:C:T
22:36804552:A:C
22:36804771:A:G
22:36805182:C:G
22:36805220:C:T
22:36807441:G:T
22:36814508:A:G
22:36815112:A:G
22:36815565:A:G
22:36815786:A:G
22:36815906:A:T
22:36816011:A:C
22:36816175:A:G
22:36816241:C:CA
22:36816713:C:G
22:36817052:G:GTCTGAAAGACGATTT
22:36821296:A:AAAAG
22:36822527:G:GT
22:36827493:A:G
22:36828484:A:G
22:36829002:C:T
22:36830097:C:T
22:36830366:C:T
22:36831608:A:G
22:36831985:C:T
22:36833761:G:T
22:36833896:A:G
22:36835375:A:G
22:36837247:A:G
22:36846093:C:T
22:36848411:A:G
22:36850738:A:G
22:36851152:A:G
22:36852807:C:T
22:36854843:A:G
22:36854944:G:GC
22:36856808:C:T
22:36857834:T:TA
22:36859051:A:G
22:36860168:G:T
22:36860530:A:G
22:36861712:A:G
22:36862099:A:G
22:36863160:C:T
22:36863491:A:G
22:36864480:G:T
22:36864687:A:G
22:36865088:C:CATAA
22:36865120:A:C
22:36865198:G:T
22:36865219:A:C
22:36865796:A:T
22:36866142:C:T
22:36866607:T:TAAG
22:36866731:A:C
22:36867096:C:T
22:36867133:C:T
22:36867464:C:T
22:36867890:A:G
22:36868023:A:G
22:36868635:C:T
22:36868904:C:T
22:36869927:A:G
22:36870582:C:T
22:36870843:G:T
22:36873285:C:G
22:36873497:C:T
22:36873911:C:T
22:36874952:C:T
22:36874956:A:G
22:36877058:A:G
22:36877459:A:G
22:36879429:C:G
22:36879446:C:T
22:36879634:C:T
22:36881081:C:CCT
22:36881570:C:T
22:36882194:G:T
22:36883074:C:T
22:36884175:A:T
22:36884472:A:AT
22:36884666:T:TTACC
22:36885026:C:T
22:36885159:A:C
22:36885652:C:T
22:36886377:A:G
22:36886774:A:T
22:36887072:A:G
22:36887140:C:T
22:36887689:C:T
22:36888646:A:G
22:36888816:C:T
22:36890105:A:G
22:36890520:C:T
22:36890615:C:T
22:36891248:C:T
22:36892481:C:G
22:36892639:A:G
22:36892698:G:T
22:36896630:A:AT
22:36897697:A:C
22:36901145:C:G
22:36902681:C:CCCTCAGGGTCTCCTT
22:36902746:C:G
22:36902757:A:C
22:36902863:A:G
22:36905264:A:ATC
22:36906657:C:T
22:36910391:C:CAG
22:36911298:A:G
22:36912284:C:T
22:36912387:C:CA
22:36912459:A:G
22:36912630:A:G
22:36913049:C:T
22:36913170:C:T
22:36913984:C:T
22:36914010:A:G
22:36914347:C:G
22:36914541:T:TAAAAAAAAA
22:36916156:C:G
22:36916207:A:AT
22:36916753:C:T
22:36917285:A:AATGGAGTG
22:36917510:C:T
22:36917682:A:G
22:36917941:A:G
22:36918498:G:T
22:36918766:A:G
22:36918768:C:G
22:36919343:A:G
22:36919608:A:G
22:36919742:C:G
22:36919810:A:C
22:36919854:G:T
22:36920062:C:T
22:36920099:C:G
22:36920200:A:G
22:36920408:A:G
22:36920525:C:T
22:36920540:C:T
22:36920834:C:T
22:36920882:A:G
22:36920970:A:G
22:36921416:A:G
22:36921614:C:T
22:36922052:C:T
22:36922205:C:T
22:36922461:C:T
22:36922474:C:T
22:36922551:C:T
22:36922723:C:T
22:36922743:A:C
22:36922765:G:T
22:36922822:C:G
22:36922936:A:G
22:36922971:C:T
22:36924155:A:C
22:36927058:C:CT
22:36928415:A:G
22:36929092:A:C
22:36930574:A:G
22:36930805:C:T
22:36931979:A:T
22:36933668:A:G
22:36933960:A:C
22:36934821:A:G
22:36935649:A:AAAC
22:36936442:C:CT
22:36937543:A:C
22:36938693:A:G
22:36939236:C:T
22:36939421:C:G
22:36939691:C:CAAA
22:36939830:T:TGGA
22:36941907:C:CT
22:36947104:A:G
22:36947624:C:T
22:36949979:A:T
22:36950740:C:TT
22:36953940:C:T
22:36954192:A:G
22:36954238:C:CAA
22:36954628:A:G
22:36955367:C:T
22:36955382:G:T
22:36957003:G:GA
22:36957618:A:G
22:36957900:A:T
22:36958620:A:G
22:36958908:A:G
22:36959739:A:C
22:36960223:G:GT
22:36961017:A:G
22:36961355:A:G
22:36962852:C:T
22:36963533:C:T
22:36963919:A:C
22:36964043:G:T
22:36966209:C:T
22:36966242:G:T
22:36967325:A:G
22:36967839:A:G
22:36969599:A:G
22:36969683:G:T
22:36969932:A:G
22:36970841:A:ACAAAAC
22:36970912:C:T
22:36971549:A:G
22:36971957:A:C
22:36972156:G:T
22:36972188:C:T
22:36972401:A:C
22:36972584:T:TA
22:36972611:C:CTG
22:36973659:C:T
22:36973662:A:G
22:36973697:G:GAA
22:36973758:C:T
22:36974153:A:C
22:36976510:G:T
22:36976975:C:T
22:36978019:G:T
22:36978260:G:T
22:36978529:C:T
22:36978740:A:G
22:36979489:A:G
22:36979490:A:G
22:36979780:C:G
22:36980102:A:G
22:36980137:C:T
22:36980951:C:T
22:36981085:C:T
22:36981256:C:T
22:36982675:A:G
22:36982777:C:CT
22:36982990:G:GA
22:36983404:C:G
22:36983428:A:G
22:36983961:A:G
22:36984197:A:G
22:36984307:C:T
22:36985194:C:T
22:36985354:A:G
22:36985499:C:T
22:36986092:C:T
22:36986227:C:T
22:36986676:C:T
22:36987072:A:G
22:36987114:C:T
22:36987289:C:T
22:36987322:C:T
22:36987368:A:G
22:36987861:A:G
22:36988118:A:G
22:36988654:A:G
22:36989327:G:T
22:36990878:G:GGT
22:36993088:C:G
22:36994063:C:T
22:36995312:G:GA
22:36995620:A:G
22:36997871:G:T
22:36998419:A:T
22:36999496:A:G
22:36999514:G:T
22:37000013:A:G
22:37000661:G:T
22:37000779:C:T
22:37001495:G:T
22:37001575:C:T
22:37003456:C:T
22:37006131:A:C
22:37006317:C:T
22:37006344:C:G
22:37007470:C:T
22:37008330:C:T
22:37008487:C:T
22:37008678:A:G
22:37010990:C:T
22:37011819:A:AAC
22:37012219:A:T
22:37012281:G:T
22:37012300:A:G
22:37012618:G:T
22:37012655:A:AT
22:37012953:A:G
22:37013167:C:G
22:37013380:C:T
22:37013393:A:G
22:37013455:A:G
22:37013609:A:G
22:37013694:A:C
22:37013819:C:T
22:37014498:C:T
22:37014697:A:G
22:37014742:A:C
22:37014763:C:T
22:37014957:A:ACT
22:37014963:T:TCAAAAAA
22:37014991:G:GCAAA
22:37015183:G:T
22:37015194:A:G
22:37015518:A:G
22:37015800:C:T
22:37015916:A:G
22:37016262:A:G
22:37017656:G:GTGTGTACA
22:37017791:C:G
22:37017890:C:T
22:37017982:C:T
22:37018834:C:T
22:37018862:C:T
22:37019059:A:G
22:37020141:C:T
22:37021073:C:CAAAAAAAAAA
22:37021398:A:G
22:37022486:C:G
22:37022532:A:G
22:37023096:A:C
22:37023220:A:AG
22:37024493:C:G
22:37024501:A:G
22:37026995:A:G
22:37027467:A:G
22:37027680:C:T
22:37027787:T:TTTA
22:37028233:A:T
22:37028516:C:CCT
22:37029777:A:G
22:37031985:C:T
22:37039525:A:G
22:37046761:C:G
22:37049384:C:G
22:37050675:C:G
22:37053338:C:G
22:37053469:C:T
22:37059096:A:G
22:37059389:G:T
22:37059724:A:G
22:37060354:C:T
22:37060652:C:G
22:37061215:A:C
22:37061696:A:C
22:37061752:A:G
22:37062212:C:G
22:37062448:C:G
22:37062530:C:G
22:37062799:A:AC
22:37062819:C:T
22:37062941:C:G
22:37063016:C:T
22:37064378:A:G
22:37064528:A:G
22:37064539:A:AT
22:37064562:A:G
22:37064634:C:T
22:37064966:C:G
22:37065414:G:T
22:37066456:G:T
22:37067087:A:C
22:37068388:A:G
22:37070029:C:T
22:37070518:A:G
22:37071533:C:T
22:37071819:C:G
22:37073748:A:G
22:37080514:G:T
22:37080738:C:G
22:37081397:A:C
22:37083494:C:T
22:37084833:A:G
22:37084981:A:G
22:37085935:C:T
22:37086399:C:CT
22:37090343:A:G
22:37091442:C:G
22:37091631:C:T
22:37093451:C:T
22:37094493:A:G
22:37096101:A:C
22:37096573:C:G
22:37096794:C:T
22:37096927:C:T
22:37097564:C:T
22:37098892:A:T
22:37098902:G:GA
22:37099538:C:G
22:37099621:C:CGGCT
22:37100260:A:G
22:37101347:A:C
22:37101890:C:T
22:37102100:C:G
22:37102925:A:G
22:37103563:A:G
22:37104248:C:G
22:37104767:A:G
22:37104873:C:T
22:37105180:A:G
22:37105407:A:G
22:37105470:C:T
22:37106367:A:G
22:37106385:C:T
22:37106607:C:T
22:37106765:C:T
22:37106788:A:G
22:37107983:A:AG
22:37108265:C:T
22:37108292:T:TA
22:37108298:A:G
22:37108466:G:T
22:37108543:A:G
22:37108597:C:CT
22:37108657:C:T
22:37108692:A:G
22:37108722:C:T
22:37109309:A:G
22:37109454:C:G
22:37110269:C:T
22:37110726:C:G
22:37110759:A:G
22:37110943:C:G
22:37111561:C:G
22:37111760:A:C
22:37112213:A:T
22:37112653:C:T
22:37112692:C:T
22:37112817:A:C
22:37113150:C:T
22:37113368:A:G
22:37113798:G:T
22:37114696:A:G
22:37114948:C:CA
22:37114970:A:G
22:37115158:A:G
22:37115248:A:G
22:37115549:A:C
22:37116557:C:T
22:37117055:C:T
22:37117084:A:G
22:37117313:C:T
22:37117546:A:G
22:37117819:C:T
22:37118104:C:T
22:37118535:A:G
22:37119616:C:T
22:37119800:C:T
22:37120185:C:T
22:37120188:A:ACT
22:37120865:C:T
22:37121101:A:G
22:37121684:A:G
22:37122355:A:G
22:37122615:A:C
22:37122767:C:CA
22:37126856:C:T
22:37130272:C:T
22:37131859:A:G
22:37132329:C:G
22:37133677:C:T
22:37135134:G:T
22:37136986:C:T
22:37137065:A:G
22:37138292:C:G
22:37139624:C:CGTGT
22:37139624:C:CGTGTGT
22:37141227:C:T
22:37141557:C:T
22:37142371:C:T
22:37149910:A:G
22:37153443:A:G
22:37153574:T:TAA
22:37157032:C:T
22:37157240:A:C
22:37157551:C:G
22:37157572:C:T
22:37157846:A:C
22:37159819:C:T
22:37161320:C:T
22:37163329:C:T
22:37163607:C:T
22:37163726:A:G
22:37165817:C:T
22:37165903:C:T
22:37166457:C:T
22:37166674:C:T
22:37167091:G:GGT
22:37167346:A:G
22:37168444:A:G
22:37168638:A:G
22:37168725:C:T
22:37169985:C:T
22:37170697:C:CA
22:37170820:C:T
22:37170868:A:T
22:37173085:A:G
22:37176199:C:T
22:37177017:A:G
22:37177190:A:G
22:37177638:C:T
22:37179546:C:G
22:37188851:A:AT
22:37190163:T:TAC
22:37194716:A:C
22:37194767:A:C
22:37194793:C:CT
22:37194884:A:G
22:37194900:C:T
22:37195001:C:G
22:37195044:C:T
22:37195254:A:G
22:37195257:A:C
22:37195356:G:T
22:37195630:C:G
22:37195693:C:CT
22:37195773:C:G
22:37195893:C:T
22:37195897:C:T
22:37195901:A:T
22:37196119:A:C
22:37196215:C:T
22:37196368:C:T
22:37196372:C:T
22:37196448:C:T
22:37196459:A:G
22:37196680:C:T
22:37196871:A:G
22:37197332:A:G
22:37197530:A:G
22:37197649:A:G
22:37198259:G:T
22:37198374:A:C
22:37198383:A:G
22:37198401:C:T
22:37198448:C:T
22:37198709:A:G
22:37198876:C:T
22:37199593:C:T
22:37199717:G:GTGGA
22:37199947:C:T
22:37200134:A:G
22:37200670:G:T
22:37200835:A:G
22:37201817:C:T
22:37201891:C:T
22:37202179:C:T
22:37202319:C:T
22:37202548:C:T
22:37202706:C:T
22:37202831:A:G
22:37203297:A:G
22:37203327:C:G
22:37203961:C:G
22:37204229:G:T
22:37205150:A:G
22:37205474:T:TATA
22:37206292:C:T
22:37208080:A:C
22:37208149:G:T
22:37208648:A:G
22:37208786:A:G
22:37208806:C:T
22:37208952:A:G
22:37209296:C:G
22:37209447:C:T
22:37209977:C:T
22:37210348:C:T
22:37212111:A:G
22:37212536:A:C
22:37214179:A:C
22:37214180:C:T
22:37217582:G:T
22:37217583:G:T
22:37217847:G:T
22:37217850:T:TG
22:37217855:G:T
22:37217879:A:G
22:37221233:G:GTGTT
22:37221802:G:T
22:37221852:C:T
22:37221860:A:G
22:37221959:A:G
22:37222236:A:C
22:37223334:C:T
22:37223665:C:T
22:37223673:A:G
22:37223841:A:C
22:37223931:G:T
22:37224331:C:T
22:37224357:C:G
22:37224388:A:AC
22:37224548:A:C
22:37224590:C:G
22:37224869:A:G
22:37225099:C:T
22:37225489:G:T
22:37226208:A:G
22:37226944:C:G
22:37227946:C:T
22:37227982:A:G
22:37228338:C:T
22:37228800:A:C
22:37229179:C:T
22:37229179:T:TACAC
22:37229457:A:G
22:37229820:A:C
22:37230012:A:G
22:37232968:A:T
22:37232969:G:GC
22:37233312:C:G
22:37233323:C:T
22:37235349:A:G
22:37236322:A:T
22:37236629:T:TA
22:37237380:G:T
22:37237617:A:G
22:37237785:C:T
22:37241788:A:C
22:37241894:C:T
22:37242323:A:G
22:37242488:G:GGT
22:37243220:C:T
22:37246329:C:T
22:37247851:C:G
22:37247878:A:C
22:37247975:T:TAACCCTCTCTGTG
22:37248484:T:TA
22:37249449:A:G
22:37249491:C:G
22:37251477:A:G
22:37252618:A:C
22:37252918:C:T
22:37253983:G:T
22:37255235:C:CTCTT
22:37255853:C:T
22:37256351:G:T
22:37257177:A:G
22:37257712:A:C
22:37257822:C:T
22:37259273:C:T
22:37260123:A:G
22:37260243:G:T
22:37260601:A:G
22:37263152:C:CGTGTGT
22:37263706:C:T
22:37263846:C:T
22:37264830:A:G
22:37265079:C:G
22:37265386:C:T
22:37266322:A:G
22:37266979:A:G
22:37267767:A:G
22:37267943:A:C
22:37268079:A:G
22:37268257:C:T
22:37268501:A:G
22:37268555:A:G
22:37268676:A:G
22:37268677:G:T
22:37268688:A:G
22:37268689:G:T
22:37268695:A:G
22:37268868:A:G
22:37268898:A:G
22:37268986:A:G
22:37269178:A:G
22:37269507:C:T
22:37269556:C:T
22:37269758:C:G
22:37269904:A:AAC
22:37269945:A:G
22:37270090:A:G
22:37270125:C:T
22:37270148:A:G
22:37270443:G:T
22:37270502:A:G
22:37271013:C:G
22:37271307:A:G
22:37271431:A:C
22:37271802:C:T
22:37271882:C:T
22:37273742:A:G
22:37274394:C:G
22:37274443:C:G
22:37275326:A:ACCT
22:37275526:A:G
22:37275760:G:T
22:37276084:A:G
22:37276250:A:T
22:37276251:A:G
22:37276285:A:C
22:37276744:A:G
22:37276914:C:G
22:37276985:G:GTTTT
22:37276989:G:T
22:37276997:G:T
22:37277009:T:TTTG
22:37277616:A:G
22:37277664:A:C
22:37277844:A:C
22:37278360:A:C
22:37279972:A:T
22:37280382:C:CCTGTTGA
22:37282093:C:T
22:37284219:A:G
22:37285590:C:CA
22:37285894:A:G
22:37289753:A:AGTGTGTGT
22:37296129:A:G
22:37296536:C:T
22:37296672:A:G
22:37296931:A:G
22:37296946:C:G
22:37298344:A:G
22:37298682:A:G
22:37300290:A:C
22:37300410:A:G
22:37300530:C:T
22:37303077:C:CA
22:37304092:C:T
22:37304409:C:G
22:37304410:A:G
22:37304498:A:G
22:37304510:A:T
22:37305680:A:G
22:37305717:A:G
22:37306899:A:C
22:37307711:C:T
22:37308516:C:T
22:37308691:C:T
22:37308785:C:T
22:37310755:A:AT
22:37311858:A:G
22:37312745:C:T
22:37314001:A:G
22:37314290:C:T
22:37315609:A:AT
22:37315733:A:G
22:37316133:A:G
22:37317368:C:T
22:37319081:G:T
22:37319425:G:T
22:37319947:C:G
22:37320599:C:T
22:37322820:G:T
22:37322981:T:TG
22:37323520:A:AAG
22:37327707:C:T
22:37328968:C:G
22:37329999:C:T
22:37333058:G:T
22:37333406:G:T
22:37337772:A:G
22:37338792:C:G
22:37339195:A:G
22:37339265:C:T
22:37340187:C:T
22:37340459:A:T
22:37340591:G:T
22:37341840:C:G
22:37342053:C:G
22:37342285:T:TAAAAGGCATCTTCTTCCGATA
22:37342471:C:T
22:37342874:C:T
22:37342888:G:T
22:37344191:A:G
22:37344861:A:G
22:37344955:A:C
22:37345009:A:G
22:37345178:C:T
22:37345254:C:G
22:37345437:A:T
22:37345465:C:T
22:37345573:A:T
22:37345604:A:G
22:37345814:A:G
22:37345923:C:T
22:37345982:C:T
22:37346614:A:G
22:37346650:A:G
22:37347011:A:G
22:37347079:C:T
22:37347306:G:T
22:37347344:C:G
22:37347364:A:T
22:37347415:A:T
22:37347570:C:T
22:37347831:G:T
22:37347848:A:G
22:37347850:C:T
22:37347860:C:T
22:37347861:C:G
22:37347959:C:T
22:37348066:A:ACCAGGCCCAGGC
22:37348262:G:GGT
22:37348393:A:G
22:37348721:A:C
22:37348927:C:T
22:37349992:C:T
22:37350151:G:T
22:37350152:G:T
22:37350417:A:G
22:37350881:C:T
22:37352456:A:G
22:37352719:A:ATC
22:37353492:C:T
22:37354354:C:T
22:37354910:C:T
22:37355468:A:G
22:37355499:C:T
22:37355532:A:G
22:37355706:A:G
22:37355981:C:T
22:37357136:A:C
22:37357169:C:T
22:37357219:A:G
22:37357877:A:G
22:37358398:C:T
22:37358434:A:AAC
22:37358710:G:T
22:37359489:A:G
22:37359521:A:G
22:37359649:C:T
22:37359954:C:T
22:37359961:C:T
22:37360411:T:TA
22:37360873:C:T
22:37362957:C:G
22:37363634:G:GC
22:37363712:C:G
22:37363993:T:TTTTA
22:37365926:C:T
22:37366987:C:CAGGGGCAA
22:37367308:A:G
22:37367365:G:T
22:37367536:C:T
22:37367723:C:T
22:37367928:C:T
22:37367965:A:C
22:37368015:A:G
22:37368022:G:T
22:37368112:C:T
22:37368251:C:T
22:37368255:A:G
22:37368401:C:CA
22:37368760:C:CAAAA
22:37368768:A:AAAAAAG
22:37368876:C:T
22:37368878:C:T
22:37368970:C:CAAG
22:37369005:C:T
22:37369088:C:G
22:37369205:G:T
22:37369296:C:T
22:37369354:C:T
22:37369377:A:G
22:37369397:G:T
22:37369465:A:C
22:37369732:A:C
22:37369754:A:C
22:37369880:A:G
22:37370062:G:T
22:37370332:C:T
22:37370763:A:AG
22:37370921:C:T
22:37370988:C:T
22:37371109:A:G
22:37371197:C:T
22:37371454:A:AAAATAAAT
22:37371641:A:T
22:37371926:A:G
22:37372129:G:T
22:37372132:C:T
22:37372327:A:G
22:37372361:C:T
22:37372407:A:G
22:37372412:C:T
22:37372581:T:TA
22:37372717:A:G
22:37373520:A:G
22:37374285:C:G
22:37374429:A:G
22:37375536:A:C
22:37375668:A:G
22:37375758:A:G
22:37375910:A:G
22:37376033:A:G
22:37377124:A:G
22:37377436:C:CAG
22:37377692:C:T
22:37377737:C:T
22:37378208:A:G
22:37378451:C:T
22:37378741:G:GAAA
22:37378743:A:G
22:37379539:A:G
22:37379546:C:T
22:37379689:C:T
22:37379763:G:T
22:37380020:C:T
22:37380068:A:G
22:37380081:C:T
22:37380144:A:G
22:37380297:A:C
22:37380939:A:G
22:37381017:A:G
22:37381032:C:T
22:37381343:C:T
22:37381451:A:G
22:37381674:C:T
22:37381889:G:T
22:37382250:A:G
22:37382318:C:T
22:37383047:C:T
22:37383403:C:T
22:37383414:C:T
22:37383477:A:G
22:37383615:A:G
22:37383809:G:T
22:37384103:G:T
22:37384200:A:G
22:37384336:C:T
22:37384413:C:T
22:37384515:C:T
22:37385049:A:C
22:37385567:C:CA
22:37386057:A:G
22:37386534:A:G
22:37386647:A:G
22:37386794:A:G
22:37386920:C:T
22:37387119:C:G
22:37387257:C:T
22:37387461:C:T
22:37387505:A:C
22:37387757:G:T
22:37387877:A:AT
22:37388855:A:G
22:37389040:A:C
22:37389057:C:CT
22:37389527:A:G
22:37389609:C:CA
22:37390334:C:T
22:37390400:A:G
22:37390735:A:G
22:37391555:C:T
22:37391635:C:T
22:37391997:G:T
22:37392178:G:GA
22:37392276:A:AT
22:37392496:C:CTGAG
22:37392535:G:GA
22:37394294:A:G
22:37394323:C:T
22:37394335:C:T
22:37394391:C:T
22:37394501:C:G
22:37394508:A:G
22:37394720:A:G
22:37394731:C:T
22:37394847:C:T
22:37395019:A:G
22:37395334:C:G
22:37395343:C:CA
22:37395471:A:T
22:37395631:G:T
22:37396303:A:G
22:37396417:C:T
22:37397427:C:G
22:37397550:C:T
22:37398195:C:T
22:37398201:A:C
22:37398642:G:T
22:37400144:A:C
22:37400409:C:T
22:37400734:C:CT
22:37400787:A:G
22:37400957:A:G
22:37401038:A:G
22:37401051:C:T
22:37401101:A:G
22:37401259:A:G
22:37401364:A:G
22:37401518:C:T
22:37401532:A:G
22:37401637:A:T
22:37401792:G:T
22:37402211:A:G
22:37402780:G:T
22:37402819:C:T
22:37402910:A:G
22:37403302:C:T
22:37404249:A:G
22:37404837:A:G
22:37405417:A:G
22:37405441:A:G
22:37405630:C:T
22:37405865:C:T
22:37405911:A:C
22:37406257:G:T
22:37406334:C:T
22:37406401:G:T
22:37407527:C:T
22:37407954:A:C
22:37408135:C:T
22:37408230:A:G
22:37408399:C:T
22:37408719:C:T
22:37409087:G:GA
22:37409226:A:G
22:37409319:C:T
22:37409479:A:C
22:37409482:G:GA
22:37409576:A:G
22:37409578:G:T
22:37409795:C:T
22:37409885:C:CTGTTT
22:37410209:C:T
22:37410368:A:G
22:37410429:A:C
22:37410967:C:T
22:37411180:A:T
22:37411190:C:T
22:37411207:C:T
22:37411582:A:G
22:37411703:A:T
22:37412133:C:T
22:37413607:C:T
22:37414983:A:G
22:37416800:A:T
22:37417197:C:T
22:37418261:A:G
22:37420123:C:G
22:37421603:G:T
22:37421604:A:C
22:37424991:A:G
22:37425201:A:G
22:37425202:A:G
22:37427493:C:T
22:37427583:C:T
22:37427593:C:T
22:37432337:C:CT
22:37432421:C:T
22:37432644:C:CT
22:37432836:G:GT
22:37434773:A:G
22:37434892:T:TA
22:37436343:A:G
22:37437831:A:C
22:37438728:C:T
22:37438954:C:T
22:37439701:C:G
22:37441417:T:TG
22:37444960:A:C
22:37447855:A:G
22:37454545:A:AT
22:37459828:C:T
22:37462926:A:G
22:37463858:G:GCAAGGCCCTGTCTGCCATTCTG
22:37469192:A:G
22:37469591:A:G
22:37469821:A:G
22:37470041:A:C
22:37470536:C:T
22:37470604:A:G
22:37471385:A:G
22:37474219:C:CT
22:37474892:A:AGGAGAAGAAGGAGAAGAGGAAG
22:37475001:A:G
22:37476143:C:T
22:37477582:C:T
22:37477732:C:T
22:37477970:C:T
22:37478775:A:G
22:37480155:C:T
22:37480181:A:G
22:37480269:A:G
22:37480797:C:T
22:37481637:C:T
22:37483481:A:G
22:37483691:A:G
22:37484374:G:T
22:37484944:A:G
22:37485193:C:T
22:37485595:C:T
22:37485724:C:T
22:37486205:C:T
22:37486265:A:G
22:37486866:A:G
22:37487529:C:T
22:37487659:A:G
22:37487687:A:C
22:37487810:A:G
22:37488131:C:CT
22:37488574:C:T
22:37488850:A:T
22:37488981:A:G
22:37489274:C:G
22:37489730:C:T
22:37489773:G:T
22:37489880:C:T
22:37490005:A:G
22:37490033:A:G
22:37490396:A:G
22:37490691:A:G
22:37490692:C:T
22:37491140:A:G
22:37491150:C:T
22:37491545:C:T
22:37491822:A:G
22:37491839:A:G
22:37492201:G:T
22:37492585:C:T
22:37493178:A:G
22:37493698:C:T
22:37493748:A:G
22:37493800:C:T
22:37493818:C:G
22:37493824:A:T
22:37494201:C:T
22:37494318:C:T
22:37494420:C:T
22:37494721:C:T
22:37494814:A:G
22:37494915:A:G
22:37495370:A:G
22:37495550:C:T
22:37495635:A:G
22:37495822:A:G
22:37495917:G:GTAGGGCTTTCCAGGCCTGGGAG
22:37496127:C:T
22:37496283:A:G
22:37496410:A:G
22:37496460:A:T
22:37496847:C:T
22:37497593:A:G
22:37498026:C:T
22:37498078:G:GA
22:37498731:A:G
22:37499019:A:G
22:37499046:C:T
22:37499386:C:T
22:37499692:A:G
22:37499699:C:T
22:37500643:A:G
22:37501002:G:GAAA
22:37501901:C:T
22:37502195:A:AAGGCACAGAG
22:37502423:C:T
22:37503165:C:T
22:37504512:A:C
22:37505552:C:T
22:37506410:C:T
22:37506680:C:T
22:37506713:G:T
22:37506847:C:T
22:37506862:C:T
22:37506872:A:G
22:37506876:A:G
22:37506992:C:T
22:37507019:A:G
22:37507250:A:G
22:37507428:C:CTG
22:37507642:A:T
22:37508424:C:G
22:37508507:A:G
22:37508630:C:T
22:37508779:C:T
22:37508863:A:T
22:37509087:C:T
22:37509124:C:T
22:37509179:C:T
22:37509186:A:C
22:37509844:C:T
22:37509965:A:C
22:37510072:C:T
22:37511033:A:G
22:37511076:C:G
22:37511156:C:G
22:37511442:C:T
22:37511618:A:G
22:37511637:A:G
22:37511851:C:G
22:37512435:C:T
22:37512544:A:G
22:37512611:C:T
22:37512646:A:G
22:37512871:A:G
22:37513067:A:G
22:37513316:A:G
22:37514024:C:T
22:37514076:C:T
22:37514339:A:G
22:37516015:A:G
22:37516370:C:T
22:37516568:C:G
22:37516746:A:G
22:37516986:A:T
22:37517026:A:G
22:37517697:C:T
22:37518632:C:T
22:37518741:A:ACTC
22:37519667:A:G
22:37520172:G:T
22:37520225:A:G
22:37520971:G:T
22:37521211:C:T
22:37523721:C:G
22:37524619:G:T
22:37525208:C:T
22:37525320:C:T
22:37525370:C:T
22:37525731:A:G
22:37525880:C:T
22:37526359:A:G
22:37526529:A:G
22:37527408:A:C
22:37529348:C:T
22:37529724:A:G
22:37530083:C:T
22:37530262:G:T
22:37531117:C:T
22:37531257:A:AGT
22:37531436:A:G
22:37531521:C:G
22:37532090:G:T
22:37532172:A:G
22:37532207:C:T
22:37532441:A:G
22:37532514:C:T
22:37532665:C:T
22:37532699:C:T
22:37533068:C:T
22:37533286:C:G
22:37533786:C:G
22:37534034:A:G
22:37534976:C:T
22:37535328:C:G
22:37535471:C:T
22:37535948:A:G
22:37537514:C:T
22:37539128:C:T
22:37539197:C:G
22:37541128:C:CT
22:37541812:A:G
22:37541998:A:G
22:37542201:A:G
22:37542762:A:G
22:37544245:A:G
22:37544345:C:T
22:37544486:A:G
22:37544602:A:G
22:37544810:A:G
22:37544917:C:T
22:37544931:G:T
22:37545505:A:T
22:37547987:C:T
22:37551310:G:T
22:37551487:C:T
22:37551751:C:T
22:37552237:A:G
22:37552894:A:C
22:37553619:A:G
22:37553725:A:C
22:37554699:A:G
22:37554839:C:G
22:37555046:C:T
22:37555585:G:T
22:37555766:A:G
22:37556719:C:CAAA
22:37557011:A:G
22:37557916:A:G
22:37557962:C:T
22:37558279:C:T
22:37561746:A:AATTTT
22:37562146:C:T
22:37562467:A:G
22:37563405:A:G
22:37563514:A:G
22:37565957:A:G
22:37567490:A:G
22:37568670:C:T
22:37570784:C:T
22:37570845:C:T
22:37571014:A:G
22:37571497:A:G
22:37572999:A:ATGT
22:37573429:A:G
22:37573509:C:T
22:37573636:A:G
22:37573712:A:C
22:37573794:G:T
22:37573847:C:T
22:37574018:C:G
22:37574264:C:T
22:37574634:A:G
22:37575056:C:G
22:37575398:C:T
22:37575469:A:G
22:37575977:A:G
22:37576072:C:T
22:37576486:A:G
22:37577872:A:G
22:37577983:C:T
22:37578214:C:T
22:37578579:C:T
22:37578652:A:G
22:37578852:C:T
22:37578960:A:G
22:37579058:C:T
22:37579803:C:T
22:37580138:C:T
22:37580442:A:T
22:37581422:C:G
22:37581485:A:C
22:37583613:T:TAA
22:37584584:C:T
22:37585096:C:T
22:37585922:C:T
22:37586000:A:G
22:37586738:G:GAAGA
22:37587371:C:G
22:37588493:T:TC
22:37588820:A:G
22:37589068:A:C
22:37589428:C:T
22:37589518:A:G
22:37589805:C:T
22:37590176:T:TA
22:37590549:A:C
22:37591661:C:T
22:37593091:A:G
22:37593156:C:T
22:37594920:A:C
22:37595156:C:T
22:37596292:C:CT
22:37596333:A:G
22:37596396:C:T
22:37598400:C:G
22:37598627:A:G
22:37599572:A:G
22:37599802:A:C
22:37602131:A:G
22:37604567:A:C
22:37605797:C:T
22:37607378:C:T
22:37607457:C:G
22:37607981:A:C
22:37608711:C:T
22:37609189:G:T
22:37609294:A:G
22:37609342:C:T
22:37611220:C:T
22:37611392:C:G
22:37611396:A:G
22:37611471:A:G
22:37611512:A:G
22:37611807:C:T
22:37611862:G:T
22:37611951:C:G
22:37611987:C:T
22:37612042:A:C
22:37612052:A:AT
22:37612055:C:T
22:37612103:C:T
22:37612833:T:TTTTG
22:37612910:A:G
22:37613159:C:T
22:37613309:C:T
22:37613364:T:TTA
22:37613711:G:GT
22:37613760:C:CAG
22:37613996:A:G
22:37614208:A:G
22:37614703:G:GACA
22:37614705:C:T
22:37614738:A:C
22:37615211:C:T
22:37615356:A:G
22:37616637:A:G
22:37617776:G:T
22:37618078:A:G
22:37618136:C:T
22:37618354:A:T
22:37618489:C:G
22:37618637:C:T
22:37618834:A:G
22:37618933:C:T
22:37618938:C:T
22:37619000:A:G
22:37619052:G:T
22:37619057:G:T
22:37619170:A:G
22:37619285:C:T
22:37619290:A:G
22:37619295:A:G
22:37619333:G:T
22:37619424:A:C
22:37619455:C:T
22:37619477:A:G
22:37619488:C:T
22:37619543:A:G
22:37619577:A:G
22:37619750:A:G
22:37620050:G:T
22:37620229:T:TTGTC
22:37620432:C:G
22:37620789:G:T
22:37620868:A:G
22:37620917:A:G
22:37620935:A:G
22:37621129:G:GCCCTGAACTTGAACTTGGAAGG
22:37621157:A:G
22:37621269:A:C
22:37621358:C:G
22:37622475:A:G
22:37622486:A:G
22:37622890:C:G
22:37622999:C:T
22:37623072:C:T
22:37624395:A:AC
22:37624999:A:G
22:37625277:A:G
22:37625419:A:G
22:37626102:A:G
22:37627234:C:T
22:37627246:C:G
22:37627845:A:G
22:37628053:A:AG
22:37628993:G:T
22:37629321:T:TG
22:37629938:A:C
22:37630318:A:C
22:37630483:C:T
22:37630788:C:T
22:37630862:C:T
22:37632180:G:T
22:37632770:A:T
22:37632938:G:T
22:37633350:A:G
22:37633775:A:G
22:37633851:C:T
22:37634852:A:G
22:37635055:A:G
22:37635428:A:G
22:37635890:C:T
22:37636351:A:C
22:37636583:T:TC
22:37636949:C:G
22:37637653:C:G
22:37637841:A:C
22:37638289:A:G
22:37638296:A:T
22:37638960:C:T
22:37639048:G:GT
22:37639183:C:T
22:37641241:A:G
22:37641268:A:G
22:37641410:C:T
22:37641624:A:G
22:37642434:A:G
22:37642869:A:G
22:37642976:T:TTTTGTTTG
22:37643000:G:T
22:37643060:A:G
22:37643193:A:G
22:37643233:A:G
22:37643283:A:G
22:37643464:A:G
22:37644115:C:T
22:37644150:C:G
22:37644621:C:T
22:37645783:C:T
22:37645837:A:C
22:37646292:A:C
22:37648682:C:T
22:37649494:C:T
22:37649646:C:T
22:37649706:C:T
22:37650320:A:G
22:37651626:G:GAAGA
22:37652257:A:C
22:37652275:C:G
22:37652762:C:T
22:37653557:C:T
22:37654493:A:G
22:37654519:C:T
22:37654932:C:G
22:37655125:C:T
22:37656374:C:T
22:37656642:C:G
22:37658457:C:T
22:37658699:A:G
22:37658804:A:T
22:37659288:C:T
22:37659412:A:G
22:37659421:C:T
22:37659486:C:T
22:37659560:C:G
22:37659737:C:T
22:37659798:C:G
22:37660178:C:T
22:37660255:A:G
22:37661288:A:C
22:37661619:A:G
22:37663349:C:T
22:37663390:C:T
22:37664393:A:G
22:37665325:C:T
22:37665379:C:T
22:37665517:C:T
22:37665780:G:T
22:37665992:G:GA
22:37666872:A:G
22:37668083:A:G
22:37668734:A:G
22:37669954:C:T
22:37674690:A:G
22:37676667:C:G
22:37677392:G:T
22:37677415:C:CTTCA
22:37677490:C:T
22:37677719:A:G
22:37677949:A:C
22:37678096:A:G
22:37678378:A:G
22:37678565:A:G
22:37678814:C:T
22:37678837:C:T
22:37679227:T:TAG
22:37679390:A:T
22:37679706:G:T
22:37679707:A:T
22:37679763:A:G
22:37679854:C:T
22:37679925:C:G
22:37680127:A:G
22:37682150:G:GT
22:37682365:C:G
22:37682825:A:G
22:37682955:C:T
22:37682964:C:T
22:37683218:A:G
22:37683280:C:G
22:37683296:A:G
22:37683376:C:T
22:37683939:C:T
22:37684072:C:G
22:37684189:C:T
22:37685400:C:T
22:37685739:A:G
22:37685896:A:G
22:37686113:C:G
22:37686710:C:T
22:37691618:A:G
22:37694277:A:G
22:37695256:C:T
22:37696555:A:G
22:37697763:A:G
22:37699168:A:G
22:37699197:C:CG
22:37699377:C:T
22:37699806:A:G
22:37700177:C:T
22:37704230:G:T
22:37704502:T:TAA
22:37704627:A:G
22:37704912:T:TGC
22:37710131:C:T
22:37710177:A:G
22:37710295:A:G
22:37710514:C:T
22:37710569:G:T
22:37711078:C:G
22:37711679:A:G
22:37711794:C:G
22:37712022:A:G
22:37712412:C:T
22:37713231:A:G
22:37713260:A:C
22:37713629:C:T
22:37713682:C:T
22:37713813:A:G
22:37715105:A:G
22:37717313:A:G
22:37717420:A:G
22:37717819:A:T
22:37720268:A:G
22:37721564:A:AG
22:37722654:C:T
22:37722791:A:AAAAG
22:37722890:A:G
22:37723780:A:G
22:37724024:A:G
22:37724891:A:G
22:37725432:C:G
22:37726024:C:G
22:37726566:A:T
22:37726893:C:G
22:37727452:C:G
22:37728491:C:T
22:37728542:C:G
22:37729249:C:G
22:37729400:C:CT
22:37729706:A:T
22:37730433:C:T
22:37730557:A:G
22:37730755:A:G
22:37732085:C:G
22:37732121:C:T
22:37733849:C:T
22:37734100:G:T
22:37734452:G:T
22:37734534:C:T
22:37734924:C:T
22:37735012:C:G
22:37735969:A:G
22:37736406:G:GC
22:37736850:A:G
22:37738071:G:GA
22:37738394:C:T
22:37738951:A:G
22:37739029:C:T
22:37739324:A:G
22:37740187:A:C
22:37740691:A:T
22:37740853:C:T
22:37740990:C:T
22:37741052:C:G
22:37741175:G:GC
22:37741458:A:G
22:37741615:A:G
22:37743032:A:T
22:37743310:A:G
22:37744226:A:G
22:37744232:A:T
22:37744548:A:G
22:37744848:C:T
22:37745101:C:T
22:37745559:C:T
22:37746000:C:T
22:37746404:T:TA
22:37746783:A:G
22:37747024:A:C
22:37747990:C:T
22:37750293:C:T
22:37750347:C:T
22:37750349:C:T
22:37751638:C:CA
22:37751645:C:T
22:37751646:C:T
22:37751667:A:G
22:37751698:A:G
22:37751775:C:T
22:37751812:G:T
22:37751847:A:G
22:37751945:A:C
22:37752160:A:G
22:37752652:C:T
22:37752697:C:T
22:37752981:C:T
22:37753169:A:AG
22:37753256:C:T
22:37753323:C:T
22:37753380:C:G
22:37753385:A:G
22:37754175:A:G
22:37755083:C:T
22:37755214:G:T
22:37755223:C:T
22:37755417:C:CT
22:37755691:A:G
22:37755712:C:T
22:37755976:A:C
22:37756273:C:G
22:37757099:A:G
22:37757184:C:G
22:37757356:A:G
22:37757798:A:G
22:37757888:A:G
22:37758310:C:T
22:37758336:A:G
22:37758364:A:G
22:37758414:C:T
22:37758618:G:T
22:37758730:C:G
22:37759022:A:C
22:37759697:C:T
22:37759732:A:C
22:37759746:C:T
22:37759937:A:G
22:37760162:A:G
22:37761250:T:TC
22:37761388:C:T
22:37761453:A:C
22:37761813:C:T
22:37761945:T:TGAGCAC
22:37761994:A:G
22:37763020:C:T
22:37763862:A:G
22:37764253:C:T
22:37764894:C:T
22:37766067:A:G
22:37766196:C:T
22:37766693:A:G
22:37766809:C:T
22:37770066:G:T
22:37770357:A:G
22:37770630:A:G
22:37771158:A:G
22:37772869:G:T
22:37773095:C:G
22:37773648:A:G
22:37773723:A:G
22:37774044:A:G
22:37774085:C:T
22:37774358:A:G
22:37774389:A:C
22:37774540:C:T
22:37774901:C:T
22:37775063:C:T
22:37775228:G:T
22:37775890:C:T
22:37775974:C:G
22:37776376:T:TCA
22:37777031:A:G
22:37777360:C:CT
22:37777613:G:T
22:37778062:C:G
22:37778095:C:T
22:37778473:C:T
22:37778476:G:T
22:37778574:C:T
22:37778656:C:G
22:37779219:A:G
22:37779381:A:G
22:37779713:G:T
22:37779829:C:G
22:37780522:C:G
22:37780655:A:C
22:37781124:G:T
22:37781369:A:G
22:37781874:G:T
22:37784161:C:T
22:37784510:C:G
22:37788206:A:T
22:37788365:T:TC
22:37790100:C:T
22:37790294:A:C
22:37790963:C:T
22:37792513:C:T
22:37792577:C:T
22:37792590:A:G
22:37792639:A:G
22:37793080:C:G
22:37793166:C:T
22:37793280:C:T
22:37793330:A:G
22:37793408:A:G
22:37793515:C:T
22:37793550:A:T
22:37793827:G:GGA
22:37794359:C:G
22:37794622:C:T
22:37795172:C:G
22:37795229:A:G
22:37797032:A:G
22:37797462:T:TC
22:37797697:G:T
22:37797727:C:G
22:37797728:C:G
22:37797971:C:T
22:37798644:G:T
22:37798664:G:GT
22:37798955:A:G
22:37799449:G:GCGAGGGGC
22:37799664:C:T
22:37799857:A:G
22:37800169:A:G
22:37800496:G:T
22:37801760:C:G
22:37802082:A:G
22:37802346:A:G
22:37805874:A:G
22:37806962:A:G
22:37808316:C:CA
22:37808331:A:G
22:37809238:A:G
22:37809435:A:G
22:37809478:A:G
22:37809602:A:C
22:37809771:A:G
22:37810707:A:C
22:37811829:A:G
22:37811872:A:G
22:37812025:A:G
22:37812170:A:G
22:37812380:C:T
22:37813019:C:T
22:37814923:A:G
22:37815039:A:G
22:37815947:C:G
22:37816747:A:AG
22:37816937:A:G
22:37818239:C:G
22:37818330:G:T
22:37818417:C:T
22:37818473:A:G
22:37820718:C:CG
22:37820813:C:T
22:37826396:C:CTATT
22:37826634:A:G
22:37830814:C:T
22:37831918:A:T
22:37835576:A:G
22:37840047:C:T
22:37842933:C:T
22:37843239:C:T
22:37843990:G:T
22:37844850:C:T
22:37845116:C:T
22:37846010:C:G
22:37847465:A:G
22:37849448:A:AGTT
22:37852430:C:T
22:37852703:C:T
22:37853699:A:T
22:37856275:C:T
22:37857619:C:T
22:37865057:A:G
22:37869131:A:G
22:37869421:C:T
22:37870771:A:G
22:37871864:C:T
22:37876526:C:G
22:37878467:T:TCACACACACA
22:37879472:A:C
22:37880668:C:G
22:37881118:A:G
22:37881842:A:G
22:37882559:C:T
22:37882731:C:T
22:37883858:C:T
22:37886528:C:T
22:37887510:C:G
22:37888994:C:T
22:37889346:G:T
22:37891710:A:C
22:37892090:A:T
22:37892370:A:G
22:37892955:C:CA
22:37893642:A:G
22:37894420:A:G
22:37894645:A:G
22:37895540:C:T
22:37895915:G:T
22:37895954:A:G
22:37896809:A:G
22:37897208:C:T
22:37897444:C:CA
22:37897718:C:T
22:37898411:A:G
22:37898829:C:T
22:37898896:A:G
22:37899101:A:G
22:37899434:A:G
22:37899925:C:T
22:37899996:A:G
22:37900006:C:T
22:37900243:A:G
22:37900276:A:G
22:37900607:A:G
22:37900762:A:G
22:37900771:A:G
22:37900983:C:G
22:37902500:C:T
22:37902926:A:G
22:37903578:A:G
22:37905632:A:G
22:37905645:C:G
22:37905708:C:T
22:37905710:A:AAC
22:37905713:C:G
22:37905717:A:G
22:37905720:C:G
22:37906154:C:T
22:37906155:A:G
22:37906262:C:T
22:37906493:A:G
22:37906943:C:G
22:37907428:A:G
22:37907449:G:GAGA
22:37908462:A:AC
22:37908610:C:G
22:37908865:A:G
22:37909206:C:T
22:37909274:C:T
22:37909539:A:G
22:37909951:C:CA
22:37910715:A:G
22:37910804:G:T
22:37914526:A:G
22:37919267:A:G
22:37919374:G:T
22:37920097:C:T
22:37920386:C:T
22:37920458:C:T
22:37920862:A:T
22:37920863:A:T
22:37920864:A:T
22:37920865:A:T
22:37920993:C:T
22:37921675:C:T
22:37921791:C:T
22:37922029:G:T
22:37922484:C:T
22:37922553:G:T
22:37922720:A:G
22:37923425:C:T
22:37923437:C:T
22:37924542:C:T
22:37925295:C:T
22:37925332:A:T
22:37925334:A:T
22:37925340:G:T
22:37925420:C:G
22:37926129:C:T
22:37926570:A:G
22:37927668:A:G
22:37929464:A:G
22:37930130:A:G
22:37933558:A:T
22:37933562:A:T
22:37933646:A:G
22:37933668:C:T
22:37934082:A:G
22:37937829:C:G
22:37938805:C:T
22:37939252:A:G
22:37939510:G:T
22:37939759:A:T
22:37943636:C:G
22:37944642:G:GT
22:37948293:A:T
22:37949320:A:G
22:37950124:A:G
22:37950530:A:G
22:37952493:A:G
22:37952779:C:T
22:37953050:A:G
22:37953067:A:G
22:37953424:A:G
22:37955197:A:G
22:37956214:A:G
22:37958163:C:G
22:37958268:A:G
22:37958312:A:G
22:37960725:G:T
22:37960825:A:G
22:37961192:C:CT
22:37961847:A:G
22:37961949:C:T
22:37962042:G:T
22:37963319:A:C
22:37965689:A:G
22:37965880:A:G
22:37966314:C:T
22:37970472:A:G
22:37971847:C:G
22:37972327:C:T
22:37972328:A:G
22:37972997:T:TG
22:37973359:C:CT
22:37973506:A:G
22:37973530:C:T
22:37973545:C:T
22:37973676:C:G
22:37973933:A:G
22:37974295:C:G
22:37974617:C:G
22:37976238:C:T
22:37976239:A:T
22:37976422:C:T
22:37977690:A:G
22:37978750:A:G
22:37979150:A:G
22:37979264:C:T
22:37979852:A:G
22:37979998:A:G
22:37980494:C:T
22:37980738:A:G
22:37981729:C:T
22:37981863:C:T
22:37981913:A:G
22:37982057:A:G
22:37982182:G:GCACAGTGGCT
22:37982263:G:T
22:37982397:C:T
22:37982479:G:T
22:37982782:C:CAAA
22:37983297:C:G
22:37983412:A:G
22:37984294:C:T
22:37984523:C:T
22:37984657:G:T
22:37984864:A:G
22:37985340:C:G
22:37985584:C:T
22:37985727:C:T
22:37986464:A:C
22:37986483:C:G
22:37986910:A:G
22:37987140:A:G
22:37987390:A:AT
22:37987816:C:T
22:37988644:A:G
22:37989213:C:T
22:37989601:C:T
22:37989951:A:G
22:37990658:C:T
22:37991412:T:TTTTG
22:37991635:C:G
22:37992014:A:C
22:37992016:A:C
22:37992038:A:G
22:37992699:A:G
22:37992704:A:G
22:37992850:C:G
22:37992855:C:T
22:37994775:G:T
22:37994825:C:T
22:37994872:G:T
22:37995102:C:T
22:37995452:A:G
22:37995678:A:G
22:37995783:A:G
22:37995831:C:T
22:37995953:A:G
22:37996080:A:G
22:37996081:C:T
22:37996158:C:T
22:37996204:A:T
22:37996205:T:TTTG
22:37996421:A:G
22:37996484:C:T
22:37996619:A:G
22:37996780:C:T
22:37996889:G:T
22:37996939:C:G
22:37996978:A:G
22:37997014:C:G
22:37997177:C:G
22:37997243:C:CA
22:37997451:C:T
22:37998231:A:G
22:37998333:C:CT
22:37998565:A:T
22:37999042:A:G
22:37999266:C:T
22:38000468:C:T
22:38001504:C:T
22:38001708:C:G
22:38001748:C:T
22:38001828:C:T
22:38002282:A:G
22:38002865:A:T
22:38003070:C:T
22:38003235:C:G
22:38003498:A:G
22:38003624:C:T
22:38003993:A:ACCTCCCCTGACACGACC
22:38004644:A:G
22:38005058:C:G
22:38005247:A:G
22:38005266:C:T
22:38005441:C:T
22:38005877:C:T
22:38005937:A:G
22:38006356:C:CT
22:38006381:A:G
22:38006520:A:G
22:38007791:A:G
22:38008395:C:T
22:38008504:C:T
22:38008574:G:T
22:38010035:A:C
22:38010068:C:G
22:38011439:A:G
22:38012466:G:T
22:38012873:C:T
22:38013172:C:T
22:38015671:C:T
22:38017204:A:G
22:38025375:C:T
22:38029141:C:G
22:38032088:C:T
22:38033376:C:T
22:38033851:C:G
22:38034542:C:CCAGTCTGCACCGGCACA
22:38034753:A:C
22:38036485:C:G
22:38036546:A:G
22:38037240:A:G
22:38038153:A:G
22:38039128:A:G
22:38039359:A:G
22:38039433:A:G
22:38039634:C:G
22:38039708:C:T
22:38040124:C:T
22:38040842:C:T
22:38041227:C:T
22:38042982:A:G
22:38043062:A:T
22:38043579:A:G
22:38044497:C:T
22:38045090:C:T
22:38045645:C:T
22:38045707:C:T
22:38046695:A:C
22:38046718:A:G
22:38047046:G:T
22:38047655:A:G
22:38048249:A:G
22:38048553:A:G
22:38048844:A:G
22:38050534:C:T
22:38051999:C:T
22:38052291:A:G
22:38052839:A:T
22:38052840:A:T
22:38052841:A:T
22:38053258:A:G
22:38053476:A:T
22:38053665:G:T
22:38053671:A:G
22:38053908:C:T
22:38053909:C:T
22:38054038:A:G
22:38054262:A:C
22:38054325:C:T
22:38054403:A:G
22:38054478:A:G
22:38057337:C:CAGTGTGGTGTGGTGTGGTGTGT
22:38057338:A:G
22:38057610:A:G
22:38058732:C:T
22:38059043:C:G
22:38059138:C:T
22:38059224:C:T
22:38059310:C:CA
22:38059427:C:T
22:38059847:A:C
22:38059925:A:C
22:38060068:G:T
22:38060277:A:ATATT
22:38060691:C:G
22:38060850:A:G
22:38061520:C:G
22:38062112:C:G
22:38063054:T:TGA
22:38063087:C:CAA
22:38063118:A:C
22:38063870:A:G
22:38063897:A:G
22:38064526:A:G
22:38064541:A:G
22:38064650:C:T
22:38065337:C:T
22:38065590:G:GTCC
22:38065655:A:G
22:38066109:A:T
22:38066135:A:G
22:38066556:A:C
22:38067011:C:G
22:38067921:C:T
22:38068412:A:G
22:38069068:A:C
22:38069305:A:G
22:38069622:A:G
22:38070559:C:T
22:38070921:A:G
22:38071043:A:G
22:38071420:A:C
22:38071511:C:T
22:38071707:A:G
22:38072230:G:GGC
22:38072685:C:G
22:38073763:T:TTTTA
22:38074142:C:T
22:38074343:C:T
22:38074434:A:G
22:38075188:C:T
22:38076063:A:G
22:38077718:A:G
22:38079890:T:TG
22:38080589:C:T
22:38080856:A:T
22:38081157:G:GA
22:38081571:C:G
22:38081747:A:C
22:38083077:C:T
22:38083101:C:T
22:38084716:C:G
22:38085475:A:G
22:38085523:A:G
22:38085872:C:T
22:38086046:C:G
22:38086354:A:C
22:38086370:A:C
22:38087484:C:CCAGCTGCCTTTGCCTGGGGT
22:38087624:C:CACTCATCAGATTTGTGGA
22:38089682:A:G
22:38089987:A:G
22:38090072:C:G
22:38091063:A:G
22:38091066:C:T
22:38091481:A:G
22:38091899:A:C
22:38092729:C:G
22:38092851:C:T
22:38092892:A:G
22:38093252:C:G
22:38094408:A:G
22:38094770:G:T
22:38094815:C:CTCCA
22:38095151:C:G
22:38095180:A:G
22:38096053:C:T
22:38096152:A:G
22:38096178:C:T
22:38096334:C:G
22:38096470:C:T
22:38096476:A:G
22:38096697:A:G
22:38097205:T:TAA
22:38097359:C:G
22:38097738:A:T
22:38098718:C:T
22:38100040:A:G
22:38100911:C:CA
22:38101153:A:G
22:38104705:A:T
22:38105810:C:T
22:38105981:C:T
22:38106259:A:T
22:38106743:G:GC
22:38106920:C:T
22:38107155:C:G
22:38108964:A:AAAATAAAT
22:38109115:G:T
22:38110285:A:G
22:38110450:C:T
22:38110502:A:T
22:38110679:A:G
22:38112225:C:T
22:38113067:C:T
22:38114219:C:T
22:38114503:C:T
22:38117031:A:AT
22:38117943:C:T
22:38118434:C:CA
22:38118805:A:C
22:38119213:A:G
22:38120303:A:C
22:38121013:C:G
22:38122919:G:GT
22:38123259:G:GT
22:38123800:A:T
22:38126953:C:CA
22:38130385:A:C
22:38132651:C:T
22:38133909:A:G
22:38135789:C:T
22:38136587:A:C
22:38138379:C:G
22:38139618:A:T
22:38140535:A:G
22:38142106:C:G
22:38142199:G:T
22:38148262:A:C
22:38151000:A:G
22:38154413:C:G
22:38156733:A:G
22:38158273:A:G
22:38158521:A:G
22:38169184:G:GTGGTTGGT
22:38170026:A:G
22:38173113:C:T
22:38175477:G:T
22:38176670:C:T
22:38176979:G:T
22:38180407:C:CAA
22:38182998:C:G
22:38182999:C:G
22:38183382:C:T
22:38183470:A:G
22:38183847:C:T
22:38183997:A:G
22:38184685:A:G
22:38184851:C:T
22:38185971:A:G
22:38185994:G:T
22:38187301:C:T
22:38187778:A:C
22:38188195:A:C
22:38191342:C:CT
22:38192452:C:T
22:38193920:C:T
22:38195796:A:G
22:38195819:A:C
22:38196474:C:T
22:38196573:G:T
22:38196760:A:G
22:38196837:C:T
22:38199054:A:G
22:38199364:A:G
22:38199470:A:C
22:38199950:C:T
22:38200124:C:T
22:38202399:C:T
22:38202403:C:CG
22:38202734:C:G
22:38203789:G:T
22:38203796:C:T
22:38204089:C:T
22:38204259:C:T
22:38204540:A:C
22:38204640:A:G
22:38204763:C:G
22:38205060:A:G
22:38205784:A:C
22:38205894:C:T
22:38205989:C:T
22:38206839:A:G
22:38207419:G:T
22:38207556:A:G
22:38208260:C:G
22:38211954:A:G
22:38212068:C:T
22:38212762:A:G
22:38213102:C:T
22:38213383:A:G
22:38214016:A:ACCT
22:38215597:A:G
22:38215818:A:AAT
22:38216029:C:CT
22:38216758:A:C
22:38217061:C:G
22:38217391:C:CTTTTTTTTTTTT
22:38217935:C:T
22:38218637:C:T
22:38218701:A:G
22:38219252:C:T
22:38219943:C:T
22:38220964:C:T
22:38221658:A:G
22:38222517:C:CTATTAT
22:38222626:A:G
22:38223861:C:CA
22:38225089:A:G
22:38226287:C:T
22:38227821:C:G
22:38229904:C:T
22:38230825:C:T
22:38235162:A:G
22:38237564:A:C
22:38241028:C:CA
22:38241432:A:G
22:38242123:A:G
22:38242813:A:G
22:38242889:C:CTCGCTCTG
22:38243675:A:T
22:38244216:C:T
22:38244676:T:TACAGGCGTGAGCC
22:38247790:A:G
22:38250693:C:G
22:38250728:C:T
22:38251629:C:G
22:38251686:C:T
22:38252055:A:AT
22:38252578:A:G
22:38255199:A:G
22:38255325:A:G
22:38258429:A:G
22:38258810:C:T
22:38260547:C:CT
22:38261591:A:T
22:38263198:C:T
22:38263663:C:CA
22:38266376:C:G
22:38269310:G:GT
22:38269441:G:GA
22:38269928:A:C
22:38272696:T:TTGA
22:38272929:C:T
22:38274424:T:TA
22:38277288:C:G
22:38278741:A:G
22:38278812:A:G
22:38279587:C:CA
22:38279932:A:AGAAT
22:38280043:A:T
22:38280311:C:G
22:38282897:C:T
22:38283605:A:G
22:38285300:C:T
22:38286144:C:T
22:38291074:A:G
22:38291665:A:G
22:38291874:C:T
22:38292974:C:T
22:38293623:A:C
22:38295517:A:G
22:38296168:C:T
22:38296983:A:G
22:38297263:A:G
22:38300474:C:T
22:38300967:A:T
22:38302920:T:TG
22:38304858:G:T
22:38306706:A:G
22:38306771:C:T
22:38307060:C:T
22:38307568:A:G
22:38307909:C:T
22:38308291:C:T
22:38308994:A:G
22:38309938:A:G
22:38310238:C:CT
22:38312420:C:T
22:38312727:G:T
22:38314178:A:G
22:38315469:C:T
22:38318897:A:G
22:38323202:C:T
22:38323507:G:T
22:38323700:C:T
22:38324323:C:T
22:38329285:A:G
22:38329524:A:G
22:38330749:A:G
22:38330923:A:T
22:38331234:A:C
22:38332015:A:C
22:38334534:C:T
22:38335753:C:T
22:38336203:G:T
22:38341134:C:T
22:38343143:C:T
22:38343941:C:T
22:38351685:A:C
22:38351986:C:T
22:38352481:C:T
22:38353539:A:G
22:38353932:C:G
22:38354684:C:T
22:38355977:A:ATTG
22:38356025:A:G
22:38357128:G:T
22:38358854:A:C
22:38359667:A:C
22:38360024:A:G
22:38360051:C:G
22:38360118:A:T
22:38361123:A:G
22:38361289:C:G
22:38361559:C:T
22:38364205:A:G
22:38364339:C:T
22:38364552:C:T
22:38366300:C:CA
22:38369027:C:T
22:38369976:A:G
22:38371039:C:T
22:38371328:C:T
22:38371396:C:G
22:38375839:C:G
22:38379774:A:G
22:38381825:A:AACACAC
22:38386787:A:C
22:38387914:G:T
22:38388203:A:G
22:38389922:A:G
22:38390128:G:T
22:38393423:A:C
22:38393608:A:G
22:38397034:A:G
22:38397797:C:T
22:38399098:A:G
22:38399979:A:G
22:38400185:T:TG
22:38405417:C:T
22:38406147:C:T
22:38406782:A:C
22:38409080:A:ACTTCCTTCCCTTCCTTCC
22:38409596:A:G
22:38410813:A:AT
22:38415542:C:T
22:38417510:C:T
22:38419738:A:G
22:38423264:G:T
22:38424302:C:T
22:38426043:A:G
22:38426471:G:GC
22:38426774:C:T
22:38427551:C:G
22:38427963:A:G
22:38431917:A:G
22:38432277:C:T
22:38432725:C:G
22:38433383:C:T
22:38433603:C:CT
22:38438782:C:T
22:38441587:A:G
22:38444000:A:G
22:38445214:A:C
22:38445274:C:CAT
22:38445400:A:C
22:38447266:A:C
22:38447365:C:T
22:38447444:A:G
22:38448295:C:G
22:38449394:A:G
22:38449708:A:G
22:38449820:C:CT
22:38450136:A:C
22:38450291:C:T
22:38450620:A:G
22:38450733:A:G
22:38450881:C:G
22:38450971:A:G
22:38451080:A:C
22:38451389:C:T
22:38451465:C:T
22:38451553:A:G
22:38452254:C:G
22:38452365:C:G
22:38452482:A:G
22:38453135:A:G
22:38453205:A:AG
22:38454827:A:C
22:38455469:A:T
22:38456178:A:G
22:38456222:A:G
22:38456598:A:G
22:38456680:A:G
22:38457302:C:T
22:38457329:C:T
22:38457350:A:AAATAAT
22:38457709:G:T
22:38458681:A:G
22:38458690:A:ATCC
22:38458969:C:G
22:38460285:C:G
22:38460484:C:T
22:38460649:C:T
22:38460760:A:G
22:38462680:C:T
22:38463141:A:C
22:38463535:C:T
22:38463652:G:T
22:38463968:A:G
22:38464287:A:G
22:38467784:C:G
22:38472286:A:G
22:38473398:C:T
22:38473706:A:G
22:38473812:G:T
22:38474696:A:G
22:38474952:C:T
22:38474965:C:T
22:38476276:C:T
22:38476725:A:T
22:38477342:A:T
22:38477930:A:G
22:38479774:C:CACCAGGAGCCGGGGGCTGGGGA
22:38480007:C:T
22:38485540:A:G
22:38487002:A:G
22:38487029:A:G
22:38487715:A:G
22:38488788:A:AGGTGGTG
22:38491765:G:T
22:38494991:C:G
22:38497719:A:G
22:38497785:C:T
22:38499523:A:G
22:38499586:A:C
22:38499869:C:CA
22:38500627:C:T
22:38501350:T:TTG
22:38501407:C:T
22:38503847:C:T
22:38503972:C:T
22:38505347:A:G
22:38505356:A:G
22:38505746:C:T
22:38506688:C:T
22:38507047:A:G
22:38507980:A:AGGCGG
22:38509439:C:T
22:38510139:A:G
22:38510258:A:G
22:38510459:C:T
22:38512244:A:G
22:38512402:A:G
22:38512562:A:G
22:38512765:A:G
22:38513115:A:AAGTC
22:38513135:C:CA
22:38513138:A:G
22:38513415:C:T
22:38513427:A:C
22:38513493:C:T
22:38513735:C:T
22:38513840:C:T
22:38513998:A:G
22:38514000:A:G
22:38514042:C:CA
22:38514423:C:G
22:38514554:G:T
22:38514745:A:G
22:38514839:C:T
22:38514906:A:G
22:38515596:A:G
22:38515651:C:G
22:38515986:T:TG
22:38517202:C:T
22:38517405:C:T
22:38517880:G:T
22:38518083:A:G
22:38518177:C:T
22:38518229:G:T
22:38518538:A:G
22:38518622:A:G
22:38518731:C:T
22:38518961:C:CCCCGCCCCTG
22:38519335:A:G
22:38519513:C:T
22:38519689:A:G
22:38519841:C:T
22:38520832:A:G
22:38521088:C:G
22:38522887:A:G
22:38523065:C:T
22:38523211:A:G
22:38523246:C:G
22:38524149:C:G
22:38527353:A:T
22:38529876:C:CCAT
22:38530251:C:T
22:38530462:A:G
22:38530555:C:T
22:38530956:A:G
22:38532288:C:T
22:38533321:A:G
22:38533661:C:T
22:38533732:C:T
22:38533971:A:T
22:38534045:C:T
22:38534209:C:T
22:38534507:C:T
22:38534956:C:T
22:38535222:C:T
22:38535946:A:G
22:38536468:C:T
22:38536861:C:G
22:38537112:A:G
22:38537159:C:G
22:38538121:C:G
22:38538246:C:G
22:38538822:C:T
22:38538856:C:T
22:38539041:C:T
22:38539604:A:G
22:38539998:A:G
22:38540626:C:T
22:38541037:A:AC
22:38541266:C:T
22:38541936:A:G
22:38542046:A:AT
22:38542074:A:G
22:38542346:A:G
22:38542356:A:AT
22:38542499:C:T
22:38542515:C:T
22:38542613:C:T
22:38543287:C:T
22:38543453:C:T
22:38544221:A:G
22:38544298:A:G
22:38545062:C:T
22:38545363:C:T
22:38545619:A:G
22:38545731:A:C
22:38545808:A:G
22:38545891:A:G
22:38545942:C:T
22:38546118:C:T
22:38546700:A:G
22:38546993:C:T
22:38547016:A:C
22:38547172:C:T
22:38547279:A:G
22:38547395:A:C
22:38548432:C:CA
22:38548516:G:T
22:38548552:A:T
22:38548589:A:G
22:38548845:A:C
22:38548964:A:C
22:38548972:A:G
22:38548973:C:G
22:38549373:C:T
22:38549599:C:T
22:38549948:A:G
22:38549969:C:T
22:38550173:A:G
22:38551166:A:G
22:38552530:A:G
22:38552855:C:T
22:38553154:C:T
22:38553411:C:T
22:38555049:T:TA
22:38555193:A:C
22:38556260:G:T
22:38556448:T:TAACTAA
22:38557326:C:T
22:38557513:A:T
22:38557821:A:G
22:38558141:C:T
22:38558459:A:G
22:38558842:C:T
22:38559079:C:G
22:38559448:A:C
22:38560745:C:T
22:38560911:C:T
22:38560963:C:CTGA
22:38561307:C:T
22:38561523:C:T
22:38561562:C:T
22:38561759:C:T
22:38561804:A:G
22:38561835:C:T
22:38561911:G:T
22:38562056:C:T
22:38562098:A:G
22:38562127:G:T
22:38562258:C:T
22:38562279:C:T
22:38562321:A:C
22:38562425:A:G
22:38562485:C:T
22:38562729:T:TAA
22:38562924:C:T
22:38563183:C:T
22:38563190:A:G
22:38563222:A:G
22:38563234:C:CA
22:38563297:C:G
22:38563471:C:T
22:38563534:G:GC
22:38563541:A:G
22:38563548:A:G
22:38563572:A:G
22:38563972:C:T
22:38564041:C:G
22:38564457:C:T
22:38565530:C:T
22:38565704:C:T
22:38566202:C:CAAAAAA
22:38566331:C:T
22:38566668:A:G
22:38566949:A:G
22:38566952:C:T
22:38567040:A:G
22:38567078:C:T
22:38567136:A:G
22:38567179:C:CA
22:38567332:C:T
22:38567340:A:G
22:38567671:C:T
22:38567790:C:T
22:38567796:C:G
22:38567799:A:G
22:38567897:A:G
22:38568094:G:T
22:38568465:A:C
22:38568695:A:G
22:38568703:A:G
22:38568715:G:T
22:38568833:C:G
22:38568944:A:T
22:38569006:A:G
22:38569171:C:T
22:38569527:C:T
22:38569529:C:T
22:38569557:A:G
22:38569653:C:G
22:38570219:C:T
22:38570313:A:G
22:38570585:A:G
22:38570698:A:C
22:38570700:A:C
22:38570721:A:G
22:38570775:C:G
22:38570791:C:T
22:38570842:C:T
22:38570912:C:T
22:38570927:C:G
22:38571087:G:T
22:38571563:A:G
22:38572057:C:T
22:38572440:C:G
22:38572484:G:T
22:38572526:C:G
22:38572582:C:T
22:38572637:A:C
22:38572672:G:T
22:38572761:A:G
22:38572977:A:G
22:38573049:C:CA
22:38573229:C:T
22:38573230:A:G
22:38573531:A:G
22:38573589:C:T
22:38573629:C:T
22:38573639:G:T
22:38573659:C:T
22:38573705:C:T
22:38574066:A:G
22:38575412:C:T
22:38575498:C:CT
22:38575634:A:G
22:38576147:G:GACAC
22:38576315:C:T
22:38576826:A:G
22:38577119:G:T
22:38577515:A:G
22:38578467:G:T
22:38579026:A:G
22:38579394:A:G
22:38579434:A:G
22:38579569:A:T
22:38580371:A:G
22:38580917:G:T
22:38581503:A:G
22:38581862:T:TC
22:38582497:A:G
22:38583511:C:G
22:38586157:A:C
22:38587738:A:G
22:38588102:A:G
22:38588159:C:G
22:38590299:A:T
22:38590897:A:AGG
22:38591026:C:T
22:38591190:C:T
22:38591539:A:T
22:38591825:A:G
22:38593128:C:T
22:38593428:A:G
22:38593461:A:AT
22:38593902:A:G
22:38594083:C:T
22:38594126:C:CAAAAA
22:38594499:C:CT
22:38594569:A:G
22:38594668:A:G
22:38595240:C:T
22:38595260:A:T
22:38595411:A:G
22:38595483:A:G
22:38595615:C:T
22:38597312:T:TATCTATC
22:38597377:C:G
22:38597378:G:T
22:38598041:C:T
22:38598234:A:G
22:38599364:A:G
22:38599767:C:G
22:38599857:C:G
22:38599978:A:G
22:38600542:C:T
22:38600955:A:G
22:38601231:G:T
22:38601430:C:CCT
22:38602140:C:T
22:38602347:C:CTTT
22:38603186:C:G
22:38603571:C:CCAGTAGCTGGGACTA
22:38604251:A:G
22:38604803:A:C
22:38605067:G:T
22:38606780:A:G
22:38607394:C:T
22:38607534:T:TG
22:38607706:C:T
22:38608020:A:G
22:38608227:C:T
22:38608241:C:G
22:38611045:A:C
22:38612211:A:G
22:38612372:A:C
22:38612518:A:AT
22:38612556:T:TAAA
22:38612988:C:G
22:38613198:A:C
22:38613423:A:G
22:38614090:C:T
22:38614472:C:T
22:38614515:C:CTATGGCTGGGT
22:38615536:A:T
22:38617333:C:T
22:38617723:A:G
22:38618465:C:G
22:38620057:A:G
22:38620132:C:CT
22:38622598:A:C
22:38623313:A:G
22:38625033:A:C
22:38626278:A:G
22:38626556:G:T
22:38628144:A:T
22:38628584:A:G
22:38628739:A:G
22:38629753:A:AT
22:38629899:C:T
22:38630034:C:CA
22:38630287:C:T
22:38633425:A:G
22:38634266:C:T
22:38635359:C:T
22:38635925:A:T
22:38636795:A:G
22:38638071:C:T
22:38638234:A:G
22:38638897:A:G
22:38639314:C:T
22:38642343:C:T
22:38643317:A:G
22:38643420:C:T
22:38644195:C:T
22:38646460:C:T
22:38647215:C:T
22:38647902:G:GT
22:38649142:A:C
22:38649153:C:T
22:38649783:C:T
22:38650488:C:T
22:38650644:A:T
22:38650731:A:C
22:38650857:C:CT
22:38652222:C:CT
22:38652339:C:G
22:38652566:C:T
22:38653575:A:G
22:38653689:C:T
22:38655571:C:G
22:38655597:C:T
22:38655906:A:G
22:38656243:G:T
22:38656685:A:G
22:38658055:A:G
22:38658577:C:G
22:38658628:A:G
22:38658633:C:T
22:38659000:C:T
22:38659835:C:G
22:38659842:A:G
22:38659896:C:T
22:38660411:C:T
22:38660566:A:G
22:38660871:C:T
22:38662163:A:G
22:38662284:A:C
22:38662396:C:T
22:38662856:A:G
22:38663089:C:CA
22:38663856:A:G
22:38664380:C:CAA
22:38665815:A:T
22:38666186:C:G
22:38666373:A:G
22:38668821:C:G
22:38669888:A:T
22:38670326:C:T
22:38671111:C:CT
22:38671152:C:T
22:38673234:A:G
22:38673790:A:G
22:38674172:A:G
22:38674460:A:T
22:38674546:C:T
22:38674757:G:GCT
22:38674839:C:T
22:38675000:C:G
22:38675386:C:CT
22:38675414:A:G
22:38675476:C:T
22:38675738:A:C
22:38676016:C:T
22:38676837:C:T
22:38677449:C:T
22:38677821:C:T
22:38677967:C:T
22:38678387:G:T
22:38678451:A:G
22:38678564:G:T
22:38678746:A:C
22:38678925:C:CT
22:38678975:A:G
22:38679069:C:T
22:38679073:C:T
22:38679405:G:T
22:38679641:A:G
22:38680361:C:T
22:38680451:C:T
22:38680554:C:T
22:38680870:A:T
22:38680871:G:T
22:38681644:C:T
22:38681840:A:G
22:38682132:C:T
22:38682361:C:T
22:38682684:C:CCT
22:38682854:A:G
22:38682898:C:T
22:38684067:C:T
22:38684729:C:G
22:38685131:C:T
22:38685416:C:CA
22:38685423:A:C
22:38685519:A:G
22:38686864:T:TA
22:38687900:C:CTTT
22:38689984:A:T
22:38692380:A:G
22:38693220:C:T
22:38694373:A:C
22:38695099:C:T
22:38695370:A:G
22:38695406:C:T
22:38698254:G:GT
22:38699050:G:GAGGC
22:38699672:A:G
22:38701094:G:T
22:38701437:T:TA
22:38701472:A:AAAAAAAG
22:38701874:C:G
22:38702612:C:T
22:38702734:C:CAA
22:38702747:A:T
22:38702748:A:T
22:38703106:A:G
22:38703302:C:T
22:38703589:C:G
22:38703883:C:T
22:38704284:G:T
22:38705729:A:G
22:38706472:C:T
22:38707471:C:T
22:38707486:C:CCTCT
22:38708266:A:G
22:38708606:C:T
22:38710412:A:G
22:38713352:T:TCGC
22:38714816:T:TG
22:38715222:A:G
22:38716638:C:G
22:38717440:C:T
22:38717975:A:G
22:38718368:A:G
22:38718539:G:T
22:38718640:A:G
22:38718667:C:T
22:38719189:A:G
22:38719488:C:T
22:38719702:G:T
22:38719726:C:T
22:38719962:C:T
22:38720077:T:TTTTGTG
22:38720115:C:T
22:38723050:C:T
22:38724132:A:T
22:38724682:A:C
22:38724955:C:T
22:38725141:C:T
22:38726055:C:CA
22:38729433:A:G
22:38734069:C:T
22:38734157:C:T
22:38735364:A:G
22:38735568:G:T
22:38737202:G:T
22:38740868:A:AC
22:38741696:A:G
22:38742033:A:C
22:38745774:C:T
22:38745815:A:AT
22:38745840:C:T
22:38746369:C:T
22:38746745:A:C
22:38748940:C:T
22:38749074:A:C
22:38749429:C:T
22:38749925:A:T
22:38750302:A:AAC
22:38751020:C:T
22:38752404:C:T
22:38752520:C:T
22:38752908:A:ACT
22:38753084:A:T
22:38753579:A:C
22:38753956:C:G
22:38754272:C:T
22:38758521:C:T
22:38758989:A:G
22:38759046:A:G
22:38760918:G:T
22:38761000:A:G
22:38761636:A:G
22:38762610:A:C
22:38763792:A:G
22:38763915:C:T
22:38764388:A:G
22:38764732:A:C
22:38764988:C:G
22:38765338:A:C
22:38765660:A:G
22:38766229:A:C
22:38766627:A:G
22:38766682:C:T
22:38766856:G:GTTT
22:38768436:A:G
22:38769021:C:T
22:38769211:C:T
22:38769292:A:G
22:38769828:C:T
22:38771840:C:G
22:38774403:A:G
22:38774680:G:GTGTGTCTA
22:38774740:C:T
22:38774752:A:G
22:38775970:C:G
22:38777305:C:T
22:38777309:C:T
22:38777370:C:T
22:38777396:C:T
22:38777877:C:G
22:38778135:G:GT
22:38778390:A:T
22:38778957:A:G
22:38779054:C:T
22:38779609:C:T
22:38781784:C:T
22:38781997:A:G
22:38782639:A:AAT
22:38783057:C:T
22:38785063:A:C
22:38785507:C:G
22:38785698:A:G
22:38787689:A:G
22:38787703:C:T
22:38787955:C:CA
22:38788764:T:TTTAA
22:38789676:C:T
22:38789936:A:G
22:38790131:A:T
22:38790528:C:T
22:38790760:A:G
22:38791832:C:T
22:38793267:A:G
22:38794039:C:T
22:38794136:C:CCCCCGCTCCCGGCGGAGATTCA
22:38794660:A:G
22:38794932:G:GCCCCA
22:38795270:C:G
22:38795300:C:T
22:38795937:A:C
22:38796159:A:G
22:38796420:C:G
22:38796629:A:G
22:38796786:C:T
22:38797018:A:T
22:38798187:C:T
22:38799163:C:T
22:38799301:A:C
22:38799861:C:T
22:38800418:G:GTT
22:38800590:A:G
22:38800842:A:G
22:38801059:C:T
22:38801610:A:G
22:38802957:A:G
22:38802979:C:CT
22:38803063:C:T
22:38803165:A:G
22:38803256:A:G
22:38804294:C:T
22:38804536:A:G
22:38804843:A:C
22:38804862:C:CA
22:38804877:A:G
22:38805402:A:T
22:38805405:A:T
22:38806058:A:G
22:38806709:A:G
22:38807182:C:T
22:38808081:C:CTT
22:38808369:A:G
22:38808767:C:G
22:38809485:C:T
22:38811111:C:T
22:38811282:C:T
22:38812584:A:G
22:38813000:G:T
22:38813069:C:T
22:38813175:C:T
22:38813808:A:G
22:38814244:C:G
22:38814311:C:CTTTTT
22:38815543:G:T
22:38815767:C:T
22:38816059:C:T
22:38816351:A:G
22:38817047:A:G
22:38817105:C:T
22:38817206:C:T
22:38817459:A:G
22:38818243:A:G
22:38818676:C:G
22:38819194:C:G
22:38819613:A:G
22:38819944:T:TG
22:38822521:C:T
22:38822522:A:G
22:38822698:C:T
22:38822905:C:T
22:38823895:A:G
22:38824304:C:T
22:38824612:A:G
22:38825165:C:T
22:38826423:A:G
22:38826799:C:T
22:38827084:A:G
22:38827503:C:G
22:38827956:G:GT
22:38829774:C:G
22:38830279:G:GC
22:38830625:C:T
22:38831204:A:C
22:38831419:C:T
22:38831812:C:T
22:38832758:A:T
22:38833780:A:G
22:38834840:C:G
22:38835792:A:G
22:38836089:C:T
22:38837179:C:T
22:38838959:A:G
22:38839238:A:T
22:38839461:C:T
22:38839874:A:G
22:38840221:C:T
22:38841611:C:T
22:38841703:C:T
22:38842155:C:T
22:38843107:C:T
22:38843762:C:G
22:38843941:C:T
22:38844064:C:CA
22:38844724:C:T
22:38844997:T:TG
22:38845634:C:T
22:38848523:A:G
22:38849420:C:T
22:38849787:C:T
22:38849993:C:T
22:38851392:C:T
22:38851675:C:G
22:38852072:A:G
22:38852208:C:CAA
22:38852396:A:G
22:38852575:A:C
22:38852600:A:C
22:38853677:C:T
22:38854317:C:T
22:38854971:C:T
22:38857362:C:T
22:38857624:C:CCCT
22:38858204:A:C
22:38858326:C:T
22:38858902:C:T
22:38858910:A:G
22:38859011:A:T
22:38859041:C:CG
22:38859060:C:T
22:38860008:A:G
22:38860071:C:T
22:38860503:C:T
22:38862628:C:T
22:38863006:C:T
22:38865968:C:G
22:38868143:C:T
22:38868221:A:G
22:38871422:A:G
22:38873079:C:CTT
22:38874396:C:T
22:38875549:C:T
22:38877461:G:T
22:38877756:A:C
22:38878758:A:C
22:38879010:A:T
22:38879688:A:G
22:38879940:A:G
22:38880097:G:GA
22:38884775:C:T
22:38889657:C:T
22:38891251:A:ATT
22:38891435:A:G
22:38892645:A:G
22:38893143:A:C
22:38893201:C:T
22:38894949:A:G
22:38895521:A:AAAG
22:38896180:C:CAA
22:38896713:C:T
22:38896951:C:T
22:38898051:C:T
22:38898548:C:CTTAT
22:38898815:C:T
22:38898971:C:T
22:38899701:A:G
22:38899863:A:G
22:38901094:A:G
22:38903814:G:GA
22:38905446:A:G
22:38905564:A:G
22:38909231:C:T
22:38910810:C:T
22:38911014:A:G
22:38911260:A:G
22:38911481:C:CA
22:38912771:A:G
22:38914708:C:T
22:38914717:G:T
22:38919774:G:GA
22:38920478:C:T
22:38921084:A:T
22:38922460:A:C
22:38923675:C:T
22:38925719:A:C
22:38931415:C:CCA
22:38931415:C:CCACA
22:38931537:A:G
22:38931892:A:G
22:38932575:G:T
22:38934515:C:G
22:38935927:C:G
22:38936551:C:T
22:38936604:A:G
22:38937794:A:G
22:38938023:T:TA
22:38938936:G:T
22:38942298:C:G
22:38942406:A:C
22:38944645:A:G
22:38949073:A:G
22:38949451:C:T
22:38951844:A:T
22:38954703:C:G
22:38956166:C:T
22:38956464:C:G
22:38957013:C:T
22:38957483:A:G
22:38958260:A:G
22:38961058:C:G
22:38964877:A:G
22:38966410:A:T
22:38966487:A:G
22:38970439:A:G
22:38971950:C:T
22:38972640:C:T
22:38972808:G:GTA
22:38973167:T:TTC
22:38974154:A:C
22:38974680:C:T
22:38976101:T:TTTTA
22:38977073:C:T
22:38977890:C:G
22:38979235:C:T
22:38981010:C:T
22:38982031:A:C
22:38982321:C:T
22:38982358:C:G
22:38982442:A:T
22:38982743:A:G
22:38984769:C:CA
22:38985065:C:T
22:38985818:A:C
22:38986091:C:CACAAA
22:38986248:A:G
22:38987752:C:T
22:38988115:A:G
22:38989007:C:G
22:38989646:C:T
22:38989813:A:G
22:38990662:A:G
22:38990738:C:T
22:38991355:C:T
22:38991393:G:T
22:38993370:C:T
22:38993467:A:G
22:38993963:A:G
22:38993976:A:C
22:38994577:C:T
22:38994962:C:CT
22:38995385:G:T
22:38997269:C:G
22:38998065:C:G
22:38998519:A:C
22:38998782:C:T
22:38999121:C:T
22:38999235:C:T
22:38999492:C:CA
22:39000397:A:G
22:39000660:A:T
22:39003081:C:T
22:39003495:A:G
22:39003519:A:G
22:39005026:A:G
22:39005062:A:T
22:39006188:A:T
22:39006532:C:CCT
22:39006934:A:G
22:39007174:A:C
22:39007401:A:G
22:39007515:C:T
22:39009135:A:T
22:39009411:T:TATATA
22:39012024:A:G
22:39013070:C:G
22:39013425:C:G
22:39013522:A:G
22:39013830:C:T
22:39015302:C:T
22:39015318:C:CTTAT
22:39016182:C:T
22:39016683:A:G
22:39017354:C:CA
22:39017671:C:T
22:39018334:C:T
22:39019853:C:T
22:39020266:A:C
22:39021165:C:T
22:39021326:G:T
22:39021522:A:G
22:39021717:A:G
22:39021835:G:GC
22:39021935:A:G
22:39025277:C:T
22:39026011:C:T
22:39026739:C:T
22:39026796:C:G
22:39027286:C:CAG
22:39028183:A:C
22:39029695:C:T
22:39031186:A:G
22:39032127:A:AAG
22:39032131:A:G
22:39032348:C:T
22:39032775:C:CT
22:39034786:C:T
22:39034867:A:G
22:39036280:C:T
22:39036329:C:T
22:39036769:C:T
22:39037130:G:GGA
22:39037564:A:C
22:39037704:T:TGTTG
22:39037954:A:G
22:39037979:C:T
22:39037984:A:G
22:39038790:A:C
22:39038796:C:T
22:39038998:C:T
22:39039041:A:T
22:39039334:T:TAGTG
22:39039855:C:G
22:39040024:C:T
22:39040279:A:G
22:39040342:A:G
22:39040525:A:G
22:39040598:T:TACA
22:39040602:A:C
22:39040617:G:T
22:39040733:A:G
22:39040825:A:G
22:39040845:C:G
22:39040890:C:T
22:39041041:A:G
22:39042214:C:G
22:39042219:C:G
22:39042221:G:T
22:39042325:C:T
22:39042431:A:ATTT
22:39042818:A:C
22:39043021:A:G
22:39043137:A:G
22:39043491:G:T
22:39044083:A:G
22:39044152:C:G
22:39044310:T:TA
22:39044427:A:C
22:39044536:C:T
22:39044560:C:T
22:39044806:C:T
22:39045099:C:T
22:39046327:C:T
22:39046700:A:C
22:39047435:G:T
22:39047443:A:G
22:39047800:G:GCT
22:39047994:C:T
22:39048191:A:AAAAT
22:39048316:A:G
22:39048755:G:T
22:39048881:C:CAA
22:39049230:A:C
22:39049317:A:G
22:39050231:C:T
22:39051124:A:G
22:39051311:C:G
22:39051344:A:G
22:39051428:C:T
22:39051705:C:T
22:39052116:C:T
22:39052155:A:G
22:39053049:C:T
22:39053382:A:G
22:39053757:C:G
22:39053888:C:T
22:39054216:C:T
22:39054450:A:T
22:39054497:A:G
22:39054771:A:G
22:39055049:G:T
22:39055204:A:G
22:39055303:C:T
22:39055418:C:T
22:39055613:A:G
22:39055684:A:G
22:39056325:A:G
22:39056356:C:T
22:39057661:A:G
22:39057763:C:T
22:39058239:C:T
22:39058306:C:CAA
22:39058757:G:T
22:39058946:A:G
22:39059054:A:G
22:39059404:A:C
22:39059649:C:T
22:39059702:C:CA
22:39059919:C:T
22:39060473:C:T
22:39060917:C:T
22:39061030:A:G
22:39061901:A:G
22:39062194:C:T
22:39062708:T:TTTA
22:39063011:A:C
22:39063015:A:C
22:39063022:T:TA
22:39064209:A:G
22:39064230:A:G
22:39064378:A:T
22:39064406:A:G
22:39064667:C:T
22:39064681:C:T
22:39064806:A:C
22:39064966:C:T
22:39065172:A:G
22:39065582:A:G
22:39065739:A:G
22:39065743:C:G
22:39066001:C:T
22:39066210:A:G
22:39066820:C:T
22:39066851:A:G
22:39067331:A:G
22:39067524:A:G
22:39068789:C:T
22:39069045:A:G
22:39069181:C:T
22:39069510:C:T
22:39070089:A:G
22:39070550:C:T
22:39070620:A:G
22:39070735:A:G
22:39070811:C:T
22:39071658:A:G
22:39071677:C:T
22:39072098:C:G
22:39072454:C:T
22:39072472:A:G
22:39072686:C:T
22:39072769:C:T
22:39073061:C:T
22:39073075:C:G
22:39073811:C:T
22:39073824:C:T
22:39073835:C:G
22:39073896:A:G
22:39074452:C:T
22:39074716:A:G
22:39074737:A:G
22:39075060:C:T
22:39075145:C:T
22:39075235:C:G
22:39075434:C:G
22:39075592:C:T
22:39076273:A:C
22:39076849:A:ATG
22:39077058:C:T
22:39079149:G:GGGC
22:39079155:G:GC
22:39079413:A:G
22:39079964:C:T
22:39080078:C:T
22:39080638:A:T
22:39082174:A:G
22:39082949:C:G
22:39088764:C:T
22:39090868:C:CAA
22:39091151:C:T
22:39091450:A:T
22:39092524:C:T
22:39094619:A:C
22:39095158:C:T
22:39095698:C:G
22:39098543:A:G
22:39098787:C:T
22:39098860:C:T
22:39099602:C:T
22:39100239:C:T
22:39100264:A:T
22:39100291:G:T
22:39101619:C:G
22:39101633:C:T
22:39104168:A:G
22:39104320:C:T
22:39105707:A:G
22:39105948:C:T
22:39107001:A:G
22:39107338:A:G
22:39110124:A:G
22:39110437:C:T
22:39113134:A:G
22:39113903:C:T
22:39116082:C:T
22:39116391:A:AT
22:39116795:A:C
22:39117995:A:G
22:39118222:C:T
22:39121252:A:G
22:39124467:C:T
22:39125074:C:G
22:39126508:A:G
22:39129708:A:G
22:39129999:A:G
22:39130843:C:G
22:39130971:A:G
22:39132601:A:T
22:39133410:A:G
22:39133589:C:T
22:39133659:A:G
22:39134207:C:T
22:39134715:C:T
22:39137834:C:G
22:39139216:C:G
22:39139343:A:G
22:39141600:A:G
22:39142615:C:T
22:39143336:C:CA
22:39147715:C:T
22:39148483:A:G
22:39149155:C:T
22:39150450:A:G
22:39150543:G:T
22:39151057:C:CG
22:39157315:A:G
22:39157394:C:G
22:39157728:A:T
22:39157755:A:G
22:39157887:A:G
22:39158098:C:G
22:39159412:A:AT
22:39160271:C:CT
22:39163856:A:G
22:39164781:A:G
22:39165962:C:T
22:39166039:C:T
22:39170066:G:T
22:39171389:C:G
22:39172062:A:G
22:39172111:C:T
22:39176125:C:T
22:39178375:A:G
22:39179288:C:T
22:39179410:A:G
22:39179413:C:T
22:39179969:G:GT
22:39180641:A:G
22:39183103:C:G
22:39185188:A:C
22:39185405:C:CAG
22:39186358:A:G
22:39186414:C:T
22:39187956:C:T
22:39190096:G:T
22:39190465:C:T
22:39190476:A:G
22:39190824:C:T
22:39192995:A:G
22:39193066:C:T
22:39193506:A:AT
22:39193911:T:TG
22:39193928:A:C
22:39196937:C:T
22:39197091:A:G
22:39199148:C:T
22:39199615:C:T
22:39200643:A:G
22:39200963:C:T
22:39201056:T:TA
22:39202017:C:T
22:39202996:C:T
22:39204561:A:T
22:39204750:C:T
22:39205717:C:T
22:39207409:G:GTGTA
22:39209958:C:T
22:39210006:C:T
22:39210452:T:TA
22:39210816:C:G
22:39211328:C:CA
22:39211789:C:T
22:39211834:A:AAAAAC
22:39212470:A:T
22:39213112:T:TA
22:39213196:C:T
22:39213517:A:C
22:39214146:A:T
22:39214774:G:T
22:39216667:C:T
22:39218001:A:G
22:39219953:A:C
22:39220360:C:G
22:39224123:A:G
22:39224211:C:CG
22:39225382:A:G
22:39225695:C:CA
22:39226589:C:T
22:39226888:A:ACC
22:39226996:A:G
22:39227793:A:G
22:39227834:A:G
22:39227875:A:G
22:39228255:C:T
22:39228774:C:G
22:39229593:A:G
22:39230064:A:G
22:39230121:C:G
22:39230132:A:C
22:39230707:A:G
22:39230884:C:T
22:39231168:C:T
22:39231393:C:T
22:39232459:C:T
22:39232736:C:CTGTT
22:39232763:A:C
22:39232908:A:C
22:39233120:C:T
22:39233555:G:T
22:39233584:C:G
22:39235582:A:G
22:39235832:A:G
22:39236170:A:T
22:39236278:A:G
22:39236642:A:G
22:39237158:C:G
22:39237910:C:G
22:39238385:C:G
22:39238455:A:G
22:39238700:C:T
22:39239086:C:T
22:39240113:C:T
22:39240134:C:T
22:39240720:A:G
22:39241262:A:G
22:39241294:G:T
22:39241509:A:G
22:39241656:A:T
22:39242523:A:T
22:39243330:C:G
22:39244118:A:C
22:39245556:A:G
22:39245618:G:T
22:39245640:C:G
22:39245673:C:T
22:39246355:C:T
22:39246716:A:G
22:39247482:C:G
22:39248549:A:G
22:39248667:C:T
22:39255893:C:G
22:39260001:A:G
22:39261135:C:G
22:39264425:A:G
22:39267312:C:T
22:39268785:G:T
22:39271194:A:G
22:39271521:C:CT
22:39276000:A:G
22:39279064:C:G
22:39279515:C:T
22:39282191:A:G
22:39283094:C:T
22:39285198:C:CT
22:39285543:A:G
22:39286399:C:T
22:39287119:A:G
22:39287159:A:G
22:39289186:A:G
22:39289651:A:T
22:39294959:A:G
22:39302783:C:T
22:39309228:A:G
22:39314195:G:T
22:39314326:C:T
22:39317056:A:T
22:39317104:C:T
22:39319860:C:T
22:39321323:A:G
22:39322264:C:T
22:39322760:A:G
22:39323164:A:G
22:39323255:A:G
22:39324201:A:C
22:39324344:A:C
22:39329780:C:T
22:39329878:C:T
22:39330073:C:T
22:39330242:C:CTCTTT
22:39330451:G:GT
22:39331346:A:G
22:39332123:A:G
22:39332623:C:T
22:39332809:A:G
22:39332920:C:T
22:39333655:C:T
22:39333674:A:G
22:39333742:A:G
22:39333796:T:TG
22:39333920:C:T
22:39333935:G:T
22:39333937:G:T
22:39334111:C:G
22:39335475:C:G
22:39335960:A:C
22:39336349:C:T
22:39336938:A:C
22:39337389:A:G
22:39337500:A:G
22:39338337:C:T
22:39338731:C:T
22:39339780:C:T
22:39340088:C:T
22:39340210:A:G
22:39340670:G:T
22:39340752:C:G
22:39341155:C:G
22:39341548:A:G
22:39341957:C:T
22:39342141:C:T
22:39342326:A:G
22:39342409:C:T
22:39342543:A:AT
22:39343083:C:T
22:39343188:C:T
22:39343292:A:G
22:39343473:C:T
22:39343916:A:T
22:39343945:A:T
22:39344499:A:G
22:39344514:C:T
22:39344649:G:GA
22:39344716:A:G
22:39344919:C:G
22:39345199:C:T
22:39345203:A:G
22:39345540:C:T
22:39345966:C:G
22:39346066:C:G
22:39346168:G:T
22:39346679:A:G
22:39346801:A:G
22:39347112:A:G
22:39347778:A:G
22:39348245:A:G
22:39348279:T:TAA
22:39349617:A:G
22:39349776:C:T
22:39350222:A:G
22:39350684:A:G
22:39350950:C:T
22:39351037:C:T
22:39354742:C:T
22:39355109:C:T
22:39357088:C:G
22:39369272:C:CA
22:39372746:C:CA
22:39375174:C:CT
22:39384640:C:T
22:39388827:C:T
22:39388993:C:T
22:39389420:A:G
22:39389444:C:T
22:39389445:A:G
22:39389663:G:T
22:39389763:G:GT
22:39389952:A:G
22:39390231:A:G
22:39390661:A:G
22:39390876:A:G
22:39390968:C:T
22:39392250:A:G
22:39392296:A:G
22:39392480:C:T
22:39392808:C:T
22:39393332:A:C
22:39394223:T:TCCGTGATG
22:39394421:A:G
22:39394655:A:G
22:39395144:A:G
22:39395197:C:CCCTT
22:39395386:A:T
22:39395418:C:T
22:39395612:A:G
22:39395707:G:T
22:39396546:C:CT
22:39397193:C:G
22:39397847:C:CA
22:39398437:C:CA
22:39399079:A:G
22:39399438:C:T
22:39399738:C:T
22:39399941:C:T
22:39400343:A:G
22:39400527:A:G
22:39400698:C:CA
22:39400832:A:G
22:39402450:C:T
22:39402505:A:G
22:39403305:C:T
22:39403794:C:T
22:39404068:G:T
22:39404155:A:G
22:39404249:A:G
22:39404635:A:G
22:39404822:A:G
22:39405179:A:C
22:39405426:A:AAAAAAC
22:39405511:A:G
22:39405707:A:G
22:39405942:C:T
22:39406143:A:T
22:39406306:A:AT
22:39406322:A:G
22:39406711:A:G
22:39406881:A:T
22:39406937:C:T
22:39407116:A:G
22:39407399:C:T
22:39407685:G:T
22:39408307:A:G
22:39408841:A:G
22:39408940:A:G
22:39411865:C:T
22:39411981:C:T
22:39412195:A:T
22:39412929:A:C
22:39413365:C:T
22:39413566:A:G
22:39414166:A:G
22:39414224:A:G
22:39414240:A:G
22:39414699:C:G
22:39414766:C:T
22:39414904:G:T
22:39415780:A:G
22:39417111:C:CT
22:39418613:C:T
22:39418736:A:G
22:39419265:C:T
22:39419454:C:CT
22:39419483:A:G
22:39419608:C:T
22:39420093:A:G
22:39420601:C:T
22:39420612:C:T
22:39420941:C:G
22:39421962:C:T
22:39422762:G:T
22:39422766:G:T
22:39422770:G:T
22:39423302:A:C
22:39424157:G:T
22:39426281:C:T
22:39426325:A:AT
22:39428396:C:G
22:39428594:C:CTTT
22:39429054:C:CA
22:39429209:A:G
22:39429663:A:G
22:39430267:A:G
22:39431682:A:G
22:39432125:C:T
22:39433839:G:GA
22:39436046:A:T
22:39437410:C:G
22:39437591:G:T
22:39438512:G:T
22:39438659:A:G
22:39439302:T:TG
22:39439472:A:ATT
22:39440541:C:G
22:39441096:G:T
22:39441203:C:T
22:39442381:C:G
22:39443167:A:C
22:39444530:C:T
22:39445011:A:AAAC
22:39445161:C:T
22:39445945:C:T
22:39446417:A:AT
22:39447786:C:G
22:39449503:G:T
22:39451082:C:CT
22:39458503:A:G
22:39464562:C:G
22:39466203:A:G
22:39467200:T:TCTCAG
22:39467322:C:T
22:39468915:A:G
22:39468947:A:AG
22:39468949:A:C
22:39470327:C:T
22:39471551:A:T
22:39472177:A:C
22:39472565:C:G
22:39473847:A:G
22:39473992:C:T
22:39475759:C:G
22:39477711:G:GC
22:39479105:C:G
22:39479352:A:G
22:39479353:A:T
22:39480259:C:T
22:39480260:A:G
22:39480261:C:T
22:39480697:A:G
22:39481393:C:G
22:39481662:C:T
22:39481860:C:G
22:39481895:A:G
22:39482023:A:C
22:39482028:A:G
22:39482267:C:T
22:39482371:C:G
22:39482627:A:G
22:39483920:C:CCCCACCCTCACTCACAGAGCCC
22:39483967:C:T
22:39484325:G:T
22:39484568:T:TAC
22:39484638:A:AAC
22:39485103:G:T
22:39485212:C:T
22:39485461:A:G
22:39486593:C:T
22:39487348:C:CGT
22:39487722:C:T
22:39488481:A:G
22:39490921:A:G
22:39491379:C:T
22:39492651:C:T
22:39492763:C:T
22:39493555:A:G
22:39493597:A:G
22:39493802:A:G
22:39493898:A:G
22:39493934:G:GT
22:39494084:C:G
22:39494087:C:T
22:39494311:A:G
22:39494881:A:G
22:39494920:A:G
22:39495501:C:G
22:39495563:C:T
22:39495670:C:T
22:39495800:C:T
22:39495870:A:C
22:39496016:A:G
22:39496085:A:G
22:39496134:C:G
22:39496199:C:T
22:39496322:T:TAAC
22:39496336:G:T
22:39496899:A:C
22:39497006:A:G
22:39497181:A:T
22:39497617:G:T
22:39498325:C:T
22:39498955:A:G
22:39499604:C:T
22:39500264:C:G
22:39501044:C:T
22:39503849:A:C
22:39503968:A:G
22:39504405:A:G
22:39505472:C:G
22:39507583:C:T
22:39507654:A:C
22:39507685:A:G
22:39507887:A:G
22:39507896:C:T
22:39508085:A:AG
22:39508087:G:GA
22:39508092:A:C
22:39508150:C:T
22:39508208:C:T
22:39508327:C:T
22:39508460:A:G
22:39508461:C:CGCCTGG
22:39508531:G:GGAAGAAAAA
22:39509936:G:GA
22:39513530:C:T
22:39514688:C:T
22:39516183:A:C
22:39516515:C:T
22:39517124:T:TTAGATAGA
22:39517738:A:AAAGG
22:39517825:T:TGAGA
22:39518013:A:C
22:39518239:T:TA
22:39519780:C:T
22:39522488:C:T
22:39522665:A:G
22:39522940:C:T
22:39525791:A:T
22:39526070:C:T
22:39526174:C:T
22:39526296:C:T
22:39529029:A:G
22:39529429:A:G
22:39530132:A:C
22:39530859:C:T
22:39531732:C:G
22:39532420:C:G
22:39532518:A:G
22:39532554:A:C
22:39535595:C:T
22:39535741:G:GA
22:39535792:A:G
22:39537872:A:G
22:39538433:C:T
22:39538485:G:T
22:39539268:G:T
22:39539299:T:TA
22:39539373:C:T
22:39539840:G:GT
22:39540527:A:C
22:39541014:C:T
22:39542292:A:G
22:39542392:G:T
22:39543000:C:T
22:39544970:C:G
22:39545396:C:T
22:39546074:C:G
22:39546145:C:T
22:39547021:A:G
22:39547201:A:G
22:39547687:C:G
22:39547962:C:T
22:39548027:A:G
22:39548764:A:G
22:39549426:G:T
22:39549526:A:C
22:39551628:C:T
22:39551798:C:T
22:39552075:A:G
22:39552397:C:CA
22:39552561:C:CA
22:39552597:A:G
22:39553772:A:G
22:39553819:A:G
22:39554512:C:CA
22:39554749:C:T
22:39557414:C:T
22:39557612:A:G
22:39558761:A:ATTC
22:39560340:C:G
22:39560666:A:G
22:39560753:A:G
22:39560871:T:TA
22:39561479:C:G
22:39561707:A:T
22:39561902:A:G
22:39562682:T:TAA
22:39563912:G:GA
22:39563930:G:GTA
22:39565241:A:G
22:39565817:T:TA
22:39566243:A:T
22:39566468:C:T
22:39566728:A:G
22:39566831:A:G
22:39566929:A:C
22:39567789:C:G
22:39567910:A:G
22:39568286:A:G
22:39568672:C:G
22:39568771:C:T
22:39568995:C:T
22:39570230:A:G
22:39570404:A:C
22:39570442:C:G
22:39570914:A:G
22:39572567:C:T
22:39572598:A:G
22:39572889:C:T
22:39572958:G:T
22:39573196:C:T
22:39575692:A:C
22:39575873:A:G
22:39577089:A:G
22:39577120:A:G
22:39577809:C:T
22:39579449:C:T
22:39579777:G:GTTA
22:39581215:C:T
22:39582441:T:TA
22:39583867:G:GTA
22:39583948:A:C
22:39584446:A:G
22:39584865:A:G
22:39585526:C:CTG
22:39585922:C:T
22:39586097:C:T
22:39586248:G:T
22:39586332:G:T
22:39586508:C:T
22:39586561:C:T
22:39586579:A:G
22:39586580:A:G
22:39587043:A:AT
22:39587640:A:T
22:39588090:A:C
22:39588462:C:T
22:39589976:A:G
22:39590080:C:T
22:39590100:A:G
22:39590317:C:T
22:39590330:G:T
22:39590385:A:G
22:39590531:C:T
22:39590621:A:G
22:39590653:G:T
22:39590754:A:G
22:39590886:C:T
22:39591241:C:T
22:39591402:C:T
22:39591780:T:TGGAAGGAAGGAAGGAAGGAAGG
22:39591922:A:G
22:39591998:C:T
22:39592069:A:G
22:39592109:A:G
22:39592254:A:G
22:39592281:C:T
22:39592304:A:T
22:39592832:A:G
22:39592880:C:T
22:39592881:A:G
22:39592974:A:G
22:39593095:C:T
22:39594580:A:G
22:39594740:C:T
22:39595018:C:T
22:39595062:A:G
22:39595152:A:G
22:39595160:A:G
22:39595213:C:G
22:39595289:C:CA
22:39595868:A:C
22:39596026:C:T
22:39596349:C:T
22:39596485:C:CTTTT
22:39596634:A:G
22:39596704:A:G
22:39596721:C:T
22:39597239:A:G
22:39597338:A:G
22:39597381:C:G
22:39597438:G:T
22:39597465:G:T
22:39597488:C:T
22:39597642:A:G
22:39599219:A:G
22:39599301:A:G
22:39599745:C:T
22:39599944:A:T
22:39600651:C:T
22:39601219:C:T
22:39601404:A:G
22:39601575:C:G
22:39601697:A:C
22:39601811:C:T
22:39601990:C:TT
22:39602015:T:TC
22:39602038:A:G
22:39602134:C:T
22:39602187:G:T
22:39602218:A:C
22:39602321:C:T
22:39602383:C:CT
22:39602436:C:T
22:39602518:A:G
22:39602968:C:T
22:39603384:C:T
22:39604438:A:G
22:39604442:A:G
22:39604499:A:G
22:39604799:G:T
22:39604847:A:G
22:39604906:A:G
22:39605007:C:T
22:39605400:A:T
22:39607034:A:G
22:39607639:G:GA
22:39609009:A:G
22:39609131:A:G
22:39609532:C:T
22:39609751:C:T
22:39610647:A:C
22:39611453:A:T
22:39612084:A:G
22:39612130:G:GCCC
22:39612699:C:T
22:39613683:A:G
22:39614586:G:GA
22:39615317:C:G
22:39616614:A:AGATG
22:39616800:A:G
22:39616865:C:T
22:39617702:A:C
22:39617876:A:G
22:39622058:C:T
22:39622334:C:T
22:39622390:C:T
22:39622541:A:G
22:39622560:C:T
22:39622711:C:T
22:39622712:A:G
22:39622836:A:G
22:39622837:C:T
22:39622939:A:C
22:39622940:C:T
22:39622986:C:T
22:39622991:G:T
22:39623113:A:G
22:39623389:A:G
22:39623779:A:G
22:39623812:A:G
22:39624052:A:G
22:39624105:G:T
22:39624212:A:G
22:39624248:G:T
22:39624498:C:G
22:39624722:C:T
22:39624768:C:T
22:39624866:A:C
22:39625068:G:T
22:39625221:G:T
22:39625676:C:T
22:39626024:C:T
22:39626375:A:C
22:39626419:C:T
22:39626823:A:G
22:39626926:C:G
22:39631547:C:T
22:39633749:C:T
22:39634434:A:C
22:39639853:G:T
22:39642740:A:T
22:39644273:A:G
22:39645316:A:G
22:39645786:A:G
22:39646201:C:T
22:39646737:G:T
22:39647168:C:T
22:39647580:C:G
22:39648713:A:G
22:39650796:C:G
22:39651532:A:G
22:39654278:A:G
22:39654282:C:T
22:39654638:A:G
22:39654863:A:G
22:39655047:A:G
22:39655124:C:T
22:39655208:G:GTC
22:39655299:A:G
22:39655340:C:T
22:39655870:C:T
22:39656064:G:GGCAGGTCCTTCCCTTCCCAA
22:39656084:A:G
22:39656146:A:AT
22:39656281:C:CA
22:39656316:G:T
22:39657004:C:T
22:39658958:A:G
22:39659487:A:G
22:39659727:A:G
22:39659773:C:T
22:39660190:A:G
22:39662480:C:T
22:39663066:A:G
22:39663270:A:AT
22:39663576:A:G
22:39665060:C:T
22:39665395:A:G
22:39665523:A:G
22:39666004:C:G
22:39666287:C:CA
22:39667490:C:T
22:39667794:A:AT
22:39668258:A:G
22:39668922:C:T
22:39670854:A:G
22:39671459:A:G
22:39673013:A:G
22:39673421:A:G
22:39677838:A:G
22:39681123:A:G
22:39681436:A:G
22:39681903:T:TCTTTTCCTTTTCTTTC
22:39682445:C:T
22:39683444:A:G
22:39683700:A:G
22:39684024:T:TA
22:39684281:C:T
22:39685043:C:G
22:39685077:C:T
22:39685450:A:G
22:39685832:A:G
22:39686715:A:G
22:39686806:A:G
22:39687484:A:G
22:39688635:C:T
22:39689368:A:T
22:39690151:A:G
22:39690695:G:T
22:39690791:C:T
22:39691836:C:T
22:39691893:A:C
22:39692092:A:C
22:39692200:G:T
22:39692309:A:G
22:39693116:G:GC
22:39693408:A:G
22:39693609:T:TCAGGGGAGGG
22:39694125:A:G
22:39694622:A:G
22:39694939:A:G
22:39695132:C:T
22:39696482:A:G
22:39696638:A:C
22:39696924:A:G
22:39696992:C:T
22:39697012:C:G
22:39697341:C:T
22:39697855:C:T
22:39698033:C:CT
22:39698324:A:T
22:39698458:A:G
22:39699048:C:T
22:39700758:C:T
22:39701009:A:G
22:39706360:A:C
22:39707549:A:G
22:39707781:T:TCAGA
22:39708017:C:T
22:39708279:A:G
22:39708333:C:T
22:39708799:A:G
22:39709605:A:G
22:39709776:C:T
22:39710284:C:CTT
22:39712245:T:TAA
22:39712314:C:T
22:39712334:C:T
22:39712368:C:T
22:39712936:A:G
22:39712981:A:G
22:39713105:C:T
22:39714490:C:T
22:39714908:A:G
22:39715140:C:T
22:39715219:A:T
22:39716271:A:G
22:39716341:A:G
22:39716680:C:CGTT
22:39717065:C:T
22:39717066:C:T
22:39717068:C:T
22:39717074:C:CTGGGAA
22:39717079:G:T
22:39717082:A:G
22:39717088:C:T
22:39717766:A:G
22:39718038:C:G
22:39718120:G:T
22:39718255:C:G
22:39718284:C:G
22:39718379:A:G
22:39718406:C:T
22:39718416:C:T
22:39718564:C:T
22:39719148:C:G
22:39719565:C:T
22:39719628:A:G
22:39720072:A:G
22:39720656:C:G
22:39720821:A:T
22:39721299:A:G
22:39722477:A:C
22:39723335:C:T
22:39725322:C:CT
22:39725847:A:T
22:39725850:C:T
22:39726067:G:T
22:39726559:A:G
22:39726809:A:G
22:39728139:A:G
22:39728228:G:T
22:39728230:C:T
22:39728234:G:T
22:39728236:C:T
22:39728309:C:T
22:39728575:A:C
22:39728714:C:T
22:39729410:A:G
22:39729557:C:T
22:39729619:A:G
22:39729666:A:G
22:39729777:C:T
22:39729961:C:T
22:39730032:C:T
22:39730130:C:T
22:39730131:A:G
22:39730700:C:T
22:39730917:A:G
22:39731385:C:T
22:39731536:C:T
22:39731570:A:G
22:39731687:G:T
22:39731724:A:G
22:39731742:C:T
22:39732249:A:T
22:39732413:C:T
22:39732776:C:T
22:39732863:A:AG
22:39733242:G:T
22:39733257:A:G
22:39733316:A:C
22:39733487:A:G
22:39733594:C:CTT
22:39733655:C:T
22:39734647:C:T
22:39735047:A:T
22:39735087:A:G
22:39735210:G:T
22:39736814:T:TC
22:39737090:C:T
22:39737094:C:T
22:39737631:C:T
22:39737810:A:ATTACT
22:39737877:C:T
22:39737883:C:T
22:39739628:C:T
22:39739638:C:G
22:39740078:A:G
22:39741091:A:G
22:39742406:C:T
22:39742825:C:G
22:39743170:G:T
22:39744223:A:G
22:39745343:A:C
22:39749072:A:G
22:39750146:C:T
22:39750158:C:T
22:39751400:G:T
22:39751401:C:T
22:39751774:A:G
22:39752203:A:ATGGGATTACAGG
22:39754085:G:T
22:39755689:C:T
22:39756431:C:T
22:39756985:C:T
22:39758509:A:G
22:39758541:A:G
22:39762311:A:G
22:39762506:C:T
22:39762656:A:T
22:39762730:C:T
22:39762971:A:G
22:39762987:C:T
22:39762990:A:C
22:39763064:A:G
22:39763194:C:T
22:39763340:A:G
22:39763547:A:G
22:39763550:A:G
22:39763913:A:G
22:39764466:C:T
22:39764824:C:T
22:39767994:C:T
22:39768080:G:T
22:39769330:C:T
22:39771687:C:T
22:39774448:A:G
22:39774525:A:G
22:39775010:C:G
22:39775322:G:T
22:39775786:A:G
22:39777492:C:T
22:39784136:A:G
22:39784845:C:G
22:39785242:C:T
22:39785381:C:T
22:39785407:C:CA
22:39786916:A:AAAT
22:39787081:C:CA
22:39790527:C:CAAAA
22:39792320:C:T
22:39793079:A:G
22:39793734:C:T
22:39793766:C:T
22:39794124:A:G
22:39794241:A:G
22:39794434:A:G
22:39795228:C:G
22:39797178:C:G
22:39797987:C:T
22:39798429:G:T
22:39800563:A:AC
22:39800704:C:G
22:39806131:C:G
22:39808489:T:TCA
22:39812986:A:C
22:39819969:A:G
22:39820885:A:G
22:39821536:A:G
22:39822116:A:G
22:39823015:A:G
22:39825322:G:T
22:39825492:A:T
22:39827553:A:G
22:39829460:G:GA
22:39829736:A:G
22:39837074:C:CA
22:39837920:C:T
22:39838003:A:G
22:39840828:A:C
22:39841700:C:T
22:39842165:C:T
22:39843537:C:T
22:39844350:G:T
22:39844793:C:T
22:39845547:A:G
22:39845898:A:C
22:39848259:G:T
22:39852648:C:T
22:39852720:A:G
22:39853740:A:G
22:39854421:C:G
22:39855540:C:G
22:39855728:C:G
22:39855883:C:T
22:39856356:C:G
22:39858196:A:G
22:39872073:A:G
22:39873937:A:G
22:39878152:A:ATTTTTT
22:39878998:C:T
22:39879507:T:TA
22:39881140:G:T
22:39883736:C:G
22:39886217:C:G
22:39888861:C:T
22:39891343:C:G
22:39892838:C:CTT
22:39892859:C:T
22:39893150:C:CT
22:39893932:C:T
22:39897849:G:T
22:39899945:A:G
22:39901199:C:CA
22:39902525:C:T
22:39903457:A:G
22:39906610:C:T
22:39913282:G:T
22:39913420:C:T
22:39913557:A:G
22:39916626:T:TC
22:39917515:A:C
22:39919781:A:G
22:39919998:C:CTTTTTTTTTTTTTT
22:39920657:A:G
22:39921384:C:T
22:39921669:A:T
22:39922739:A:G
22:39923688:A:G
22:39924443:C:G
22:39926929:A:G
22:39929946:C:T
22:39932516:A:G
22:39933268:A:AT
22:39933978:G:T
22:39934521:G:T
22:39934836:A:G
22:39936220:C:T
22:39937088:C:T
22:39937093:A:G
22:39937112:C:T
22:39937223:A:C
22:39937269:A:G
22:39937468:G:T
22:39937485:A:AT
22:39938749:C:T
22:39939754:G:GC
22:39939913:A:G
22:39939952:C:CT
22:39940135:C:T
22:39940227:A:G
22:39940262:C:CT
22:39940872:C:T
22:39941211:C:G
22:39941406:C:T
22:39941632:C:T
22:39941935:C:T
22:39942234:C:T
22:39943947:A:G
22:39945791:C:T
22:39947259:C:T
22:39947574:C:T
22:39949757:C:T
22:39949758:A:G
22:39950172:G:T
22:39950349:A:T
22:39950805:C:T
22:39950845:C:T
22:39951106:C:T
22:39951182:C:T
22:39951409:A:G
22:39951658:C:T
22:39952098:A:G
22:39952633:C:G
22:39953234:C:T
22:39955728:C:CCAGGGCT
22:39962380:G:T
22:39963092:C:T
22:39963173:A:G
22:39964098:C:CCTTTA
22:39964503:C:T
22:39965699:A:G
22:39966094:A:G
22:39966418:C:CA
22:39968140:G:T
22:39968269:A:G
22:39969895:C:T
22:39972949:G:GCTT
22:39973113:A:C
22:39978039:G:T
22:39979370:T:TATCCATCC
22:39979511:A:G
22:39980975:G:T
22:39983944:A:C
22:39984086:A:T
22:39984873:C:T
22:39985590:A:G
22:39987163:C:CT
22:39988277:C:T
22:39989137:C:G
22:39992634:A:G
22:39992786:C:T
22:39993834:C:T
22:39994105:A:G
22:39995249:A:G
22:39997880:T:TTC
22:39998141:A:G
22:40000442:A:G
22:40005089:G:GCCT
22:40008826:C:T
22:40011697:A:C
22:40013216:A:G
22:40014423:C:T
22:40014584:A:G
22:40014783:C:G
22:40016280:A:C
22:40018278:C:T
22:40020876:A:G
22:40020913:C:CT
22:40021614:G:T
22:40023636:C:T
22:40024657:G:T
22:40025044:C:T
22:40026034:C:T
22:40031632:G:T
22:40033247:C:T
22:40034609:C:T
22:40038402:C:T
22:40039553:C:T
22:40042054:C:T
22:40042115:A:G
22:40043556:A:G
22:40046176:C:T
22:40046282:C:T
22:40049090:C:T
22:40049100:A:G
22:40049138:G:T
22:40049139:C:T
22:40071230:C:T
22:40071545:C:T
22:40071747:C:T
22:40075400:A:G
22:40075473:C:T
22:40083730:G:T
22:40089308:C:T
22:40092866:G:T
22:40103159:A:G
22:40103934:A:G
22:40103986:T:TA
22:40105781:C:T
22:40106498:A:G
22:40106982:C:T
22:40107841:A:C
22:40108088:A:AGTGG
22:40111623:C:T
22:40112941:A:G
22:40116817:A:G
22:40117397:A:G
22:40118473:A:G
22:40119357:A:ACC
22:40119795:C:G
22:40120144:A:T
22:40120286:C:G
22:40121409:C:G
22:40121441:C:T
22:40125756:C:T
22:40126767:C:T
22:40129368:C:T
22:40130573:C:T
22:40130915:C:G
22:40131030:C:T
22:40134425:C:T
22:40135558:A:G
22:40138283:A:T
22:40139439:A:G
22:40140444:A:C
22:40140532:T:TTCATCTTGAC
22:40141799:A:G
22:40141899:A:G
22:40143577:A:G
22:40144432:C:CT
22:40144591:A:AT
22:40145703:C:T
22:40145841:A:G
22:40152332:C:G
22:40157251:A:C
22:40157585:G:GAC
22:40161181:T:TTGTGTGTG
22:40165159:A:G
22:40165336:A:G
22:40165573:C:G
22:40165574:A:G
22:40165692:A:G
22:40167082:C:G
22:40169926:G:T
22:40170634:C:T
22:40172198:A:G
22:40175254:A:G
22:40176254:C:T
22:40177230:A:T
22:40177992:A:G
22:40178043:G:T
22:40178225:A:C
22:40178988:A:G
22:40179640:G:GA
22:40180587:A:T
22:40180591:A:G
22:40181137:A:AAGAT
22:40181588:C:T
22:40184471:C:T
22:40184920:A:G
22:40185881:C:G
22:40188728:C:G
22:40188800:C:T
22:40188926:C:T
22:40189010:C:T
22:40189917:C:T
22:40190187:A:G
22:40190618:C:T
22:40193582:A:C
22:40194580:C:G
22:40194598:A:G
22:40194650:C:G
22:40195235:A:G
22:40196754:A:G
22:40196951:A:G
22:40197635:A:G
22:40199291:C:T
22:40201634:C:T
22:40203918:A:G
22:40204201:A:AC
22:40204431:A:G
22:40205498:A:G
22:40205733:C:T
22:40206541:C:T
22:40207301:C:CA
22:40207890:A:G
22:40208030:A:AC
22:40209077:C:T
22:40209175:A:G
22:40210057:C:T
22:40210140:C:T
22:40212014:A:G
22:40212046:A:G
22:40212359:C:T
22:40212671:C:T
22:40213243:A:C
22:40215728:A:G
22:40215996:G:T
22:40216609:C:T
22:40217936:C:T
22:40218016:C:T
22:40218636:C:T
22:40219383:G:T
22:40219410:C:T
22:40220744:C:T
22:40221371:C:T
22:40224167:A:G
22:40225795:C:CAATA
22:40226702:C:T
22:40226791:C:T
22:40227860:C:T
22:40228851:A:G
22:40229235:A:C
22:40229774:A:T
22:40231062:A:C
22:40234096:C:T
22:40235836:G:T
22:40236764:C:CT
22:40236782:C:T
22:40237139:C:T
22:40237198:A:G
22:40238399:A:C
22:40240499:A:G
22:40240526:A:G
22:40240533:C:T
22:40240803:A:G
22:40240916:C:G
22:40241662:A:G
22:40242551:C:T
22:40243895:C:G
22:40245423:C:T
22:40247116:C:T
22:40248342:A:G
22:40250870:C:G
22:40252870:A:G
22:40256486:A:G
22:40259861:C:T
22:40262482:A:G
22:40263359:C:T
22:40263997:C:T
22:40264584:C:G
22:40268817:A:G
22:40278098:A:G
22:40279092:A:C
22:40280033:A:G
22:40280376:A:G
22:40281675:C:T
22:40284539:A:C
22:40284726:A:G
22:40286755:C:T
22:40287625:A:T
22:40288830:A:G
22:40291139:A:C
22:40291807:C:T
22:40292691:A:G
22:40293463:C:T
22:40299158:A:C
22:40301480:A:G
22:40304581:C:T
22:40305643:A:C
22:40306193:C:T
22:40307387:A:C
22:40308428:A:G
22:40308918:C:T
22:40309510:C:T
22:40309856:A:G
22:40310486:A:ATT
22:40311099:A:G
22:40311879:A:G
22:40313356:C:T
22:40314052:A:T
22:40317126:A:C
22:40317627:C:T
22:40318198:A:G
22:40320361:A:C
22:40320758:A:C
22:40322684:A:G
22:40327206:A:G
22:40333129:A:G
22:40334927:A:G
22:40344043:A:G
22:40344529:G:GA
22:40347906:C:T
22:40348030:G:T
22:40351418:G:GA
22:40353634:C:T
22:40358148:C:T
22:40358183:C:T
22:40364394:C:G
22:40364415:A:G
22:40373297:G:T
22:40374669:A:ATAT
22:40378718:A:G
22:40378849:C:T
22:40382151:A:G
22:40384712:T:TG
22:40386240:A:T
22:40388308:A:G
22:40389058:C:T
22:40389343:A:G
22:40389638:A:T
22:40390238:A:G
22:40390770:C:T
22:40392723:C:T
22:40395530:C:G
22:40396409:A:T
22:40396612:C:CA
22:40399550:A:AG
22:40399827:C:T
22:40400735:A:C
22:40400912:A:G
22:40401895:A:C
22:40402759:A:G
22:40402817:G:T
22:40404293:C:G
22:40405763:A:G
22:40405898:A:G
22:40405931:C:T
22:40407574:C:T
22:40408805:C:T
22:40409139:C:T
22:40412203:T:TTG
22:40414530:C:T
22:40415140:C:T
22:40415617:C:T
22:40415709:A:G
22:40417820:A:G
22:40419123:C:T
22:40419154:C:G
22:40419617:C:T
22:40419816:A:G
22:40420786:C:G
22:40421488:A:G
22:40423596:C:G
22:40424075:A:T
22:40425974:A:G
22:40428433:A:G
22:40428787:A:T
22:40428794:C:T
22:40429096:G:GT
22:40436973:C:G
22:40450877:C:CA
22:40461508:C:T
22:40464452:A:G
22:40471188:C:T
22:40473769:T:TTG
22:40495139:A:C
22:40496394:A:AT
22:40496656:C:T
22:40497122:A:G
22:40498493:C:G
22:40499103:A:T
22:40500261:G:GA
22:40516339:C:CA
22:40528220:C:T
22:40528493:C:CGAGGCG
22:40528572:A:C
22:40528781:A:AC
22:40528904:C:T
22:40529415:G:T
22:40530922:A:G
22:40531506:A:T
22:40531645:A:G
22:40532444:C:G
22:40532484:C:T
22:40533074:A:AGT
22:40533986:C:CAAAAA
22:40534211:A:T
22:40535329:A:AT
22:40537763:T:TTTTTTG
22:40538602:C:T
22:40538717:C:G
22:40539200:A:G
22:40543608:C:T
22:40560392:T:TA
22:40560764:C:CAA
22:40561759:G:T
22:40562898:C:CA
22:40563815:A:G
22:40565542:A:G
22:40567673:A:C
22:40576872:G:T
22:40577952:G:GA
22:40586069:C:G
22:40588620:C:CA
22:40589869:A:AAAAG
22:40593320:A:G
22:40596624:A:T
22:40607387:C:CT
22:40607629:A:G
22:40611012:A:G
22:40612156:C:T
22:40616703:C:T
22:40618063:A:G
22:40621877:G:T
22:40629445:G:T
22:40635276:A:G
22:40636799:A:G
22:40643466:A:G
22:40643795:C:CTGGTG
22:40646937:C:CT
22:40648198:A:G
22:40658525:G:GA
22:40659043:T:TA
22:40663874:C:CA
22:40666922:C:G
22:40668635:A:G
22:40671498:A:G
22:40683501:A:C
22:40683840:A:G
22:40684967:A:G
22:40689260:C:T
22:40690834:A:G
22:40691478:C:CA
22:40691706:A:G
22:40691733:C:CA
22:40695167:A:C
22:40695172:A:C
22:40695755:A:G
22:40698636:C:CAAAAAAAAA
22:40699093:A:G
22:40701837:A:G
22:40707828:C:T
22:40711227:A:AT
22:40713805:A:G
22:40715028:C:T
22:40723779:C:G
22:40728545:A:ATTC
22:40733777:A:G
22:40733951:C:T
22:40734241:C:G
22:40734249:C:T
22:40734790:C:T
22:40735363:A:AT
22:40735798:C:G
22:40736472:A:G
22:40736713:C:T
22:40736900:A:T
22:40736938:A:C
22:40736988:A:G
22:40737027:A:G
22:40737036:A:G
22:40738486:A:G
22:40739116:A:G
22:40739177:A:G
22:40739414:C:G
22:40739786:A:T
22:40740581:C:CT
22:40741344:C:T
22:40741502:T:TA
22:40741640:C:T
22:40742417:C:T
22:40742831:A:G
22:40742921:C:T
22:40742989:C:T
22:40744053:A:G
22:40745379:C:CT
22:40746211:C:T
22:40746212:C:T
22:40749624:C:CCTT
22:40759308:A:G
22:40771670:A:AT
22:40772716:G:GGTGGA
22:40779197:C:T
22:40779470:C:CA
22:40782490:A:G
22:40785920:G:GA
22:40789216:A:G
22:40790101:A:G
22:40792038:G:T
22:40794210:<CN0>:A
22:40800071:A:G
22:40806095:G:GTGTC
22:40809638:A:G
22:40810392:C:G
22:40810951:C:T
22:40811227:C:G
22:40816841:A:G
22:40819013:C:T
22:40819154:A:G
22:40821818:A:C
22:40824009:C:T
22:40824087:C:G
22:40825193:A:G
22:40825814:A:G
22:40826534:C:T
22:40826733:A:G
22:40827319:A:G
22:40827788:C:CA
22:40828361:C:T
22:40828691:G:GA
22:40829953:A:T
22:40831888:A:G
22:40832375:A:G
22:40832501:C:G
22:40833146:A:G
22:40834346:C:T
22:40836155:C:CAAAA
22:40836753:A:C
22:40837253:C:T
22:40837833:T:TAC
22:40837835:C:T
22:40837964:G:T
22:40839696:C:T
22:40840610:A:G
22:40840614:A:G
22:40842405:C:T
22:40842466:G:T
22:40842923:C:T
22:40845131:C:T
22:40847848:A:T
22:40849062:A:G
22:40849495:C:T
22:40850066:C:T
22:40851728:A:G
22:40852671:A:G
22:40854456:G:T
22:40854814:A:G
22:40855011:A:G
22:40855276:A:T
22:40855293:C:T
22:40855788:C:T
22:40856837:C:T
22:40857793:A:C
22:40861738:A:AT
22:40862120:A:G
22:40862613:A:G
22:40862974:C:T
22:40864848:C:G
22:40866656:A:G
22:40866763:A:G
22:40868239:G:T
22:40868580:A:T
22:40870488:C:T
22:40870655:A:ACT
22:40870699:A:G
22:40870794:C:T
22:40871104:A:ACGT
22:40871251:C:T
22:40871465:C:T
22:40872147:C:CA
22:40873718:C:T
22:40874008:C:CA
22:40875199:C:G
22:40875270:A:C
22:40876234:C:T
22:40877004:C:T
22:40877384:C:T
22:40877514:A:G
22:40877635:A:C
22:40878253:A:G
22:40879105:A:G
22:40879408:A:G
22:40879843:C:T
22:40880213:A:G
22:40881402:C:T
22:40881403:A:G
22:40882975:A:C
22:40883088:C:T
22:40883599:C:T
22:40884662:C:T
22:40885498:C:G
22:40885499:C:T
22:40885600:A:G
22:40885710:C:T
22:40886602:A:C
22:40886993:C:T
22:40887074:C:T
22:40887085:A:G
22:40887648:C:T
22:40888067:C:CG
22:40888136:G:T
22:40888363:A:G
22:40889908:A:G
22:40891048:A:T
22:40892127:C:T
22:40892708:C:T
22:40893789:C:T
22:40893866:A:G
22:40893900:A:G
22:40894463:C:T
22:40895706:A:T
22:40895810:A:C
22:40895993:T:TCGGCTCAC
22:40899836:C:G
22:40899954:C:T
22:40900077:A:G
22:40900818:G:T
22:40900856:C:T
22:40901345:C:T
22:40903421:A:G
22:40904486:A:G
22:40904707:C:CT
22:40905072:A:G
22:40906635:C:G
22:40907951:A:G
22:40916196:C:T
22:40917540:T:TCA
22:40918712:C:T
22:40919559:C:G
22:40920722:T:TTCCA
22:40921680:G:T
22:40921816:A:G
22:40922187:T:TTTG
22:40922332:A:G
22:40923135:T:TAC
22:40924662:A:T
22:40924741:C:CA
22:40927135:C:T
22:40930212:C:T
22:40931352:C:T
22:40931370:C:T
22:40932003:A:C
22:40932041:A:C
22:40932066:C:G
22:40932398:C:G
22:40932533:A:G
22:40934315:G:T
22:40935293:C:T
22:40935593:A:G
22:40935623:C:T
22:40936288:C:G
22:40936828:C:CTG
22:40939910:A:G
22:40944362:C:CAAA
22:40944385:C:T
22:40945070:C:T
22:40946307:A:C
22:40948661:A:G
22:40948875:G:T
22:40949210:A:G
22:40952125:T:TTTTC
22:40952534:A:T
22:40953763:C:T
22:40954094:C:T
22:40954801:G:GT
22:40956816:A:G
22:40957013:A:T
22:40958220:C:CA
22:40960692:C:T
22:40960867:A:C
22:40962808:A:G
22:40963402:C:T
22:40965336:C:T
22:40965443:C:T
22:40965771:A:C
22:40965775:A:C
22:40965779:A:C
22:40967688:C:T
22:40967695:A:G
22:40968152:C:T
22:40968491:T:TA
22:40968616:A:G
22:40969989:A:G
22:40970444:A:T
22:40970711:A:T
22:40972056:A:G
22:40972176:A:G
22:40973436:C:CA
22:40973610:C:T
22:40973612:A:G
22:40974252:C:T
22:40974864:C:CTGCAGTGAGCCAAGA
22:40975268:C:T
22:40977121:C:T
22:40977346:C:T
22:40977556:C:T
22:40978118:C:G
22:40979164:A:G
22:40979648:C:T
22:40980079:C:CCTT
22:40982581:C:T
22:40984571:C:T
22:40984798:A:C
22:40986258:A:G
22:40987113:C:T
22:40987730:G:T
22:40989374:C:T
22:40990950:C:T
22:40992235:A:C
22:40994744:C:T
22:40994908:C:T
22:40994998:A:G
22:40995290:A:G
22:40995907:T:TA
22:40996367:G:T
22:40997111:A:G
22:40999766:A:T
22:41000964:C:T
22:41003507:C:CA
22:41004384:C:T
22:41005749:C:T
22:41006612:A:C
22:41006628:T:TA
22:41006826:T:TA
22:41011279:A:C
22:41012819:A:T
22:41014084:G:GT
22:41014253:C:T
22:41014472:C:T
22:41015883:A:G
22:41016681:C:T
22:41017425:C:T
22:41018451:C:T
22:41018507:A:G
22:41019767:C:G
22:41019948:A:C
22:41022503:C:T
22:41022805:A:G
22:41023061:G:GC
22:41023304:C:G
22:41024064:C:T
22:41024650:C:T
22:41024846:G:T
22:41024854:C:T
22:41025380:A:G
22:41025460:T:TA
22:41025882:G:GT
22:41026018:G:T
22:41026775:C:G
22:41027354:C:T
22:41027716:A:G
22:41027870:C:T
22:41029065:T:TC
22:41031027:C:T
22:41032863:A:G
22:41033721:A:G
22:41033801:A:G
22:41033961:A:G
22:41034185:A:G
22:41037453:T:TG
22:41039493:A:G
22:41040840:C:CTG
22:41041220:T:TA
22:41042091:A:C
22:41042764:C:T
22:41042873:A:C
22:41044593:C:T
22:41046757:C:T
22:41047556:G:T
22:41047751:G:T
22:41047764:C:T
22:41048430:T:TG
22:41048941:A:G
22:41049101:A:G
22:41049315:C:T
22:41049318:G:GT
22:41049402:G:T
22:41049460:A:G
22:41049514:A:G
22:41049685:A:T
22:41049928:C:T
22:41050306:C:G
22:41050335:C:G
22:41050451:T:TA
22:41050986:C:G
22:41051109:A:G
22:41051302:C:G
22:41051935:A:G
22:41052756:G:T
22:41052794:A:G
22:41053340:T:TA
22:41053352:A:G
22:41053837:C:CA
22:41054459:A:G
22:41057670:C:T
22:41057977:C:T
22:41059171:A:G
22:41059547:C:CA
22:41060853:A:T
22:41062014:C:T
22:41062415:C:CA
22:41072333:A:G
22:41079720:C:T
22:41081165:A:G
22:41081227:G:T
22:41082022:A:G
22:41082065:A:ATATT
22:41082478:A:G
22:41083133:C:G
22:41083239:A:G
22:41084124:A:T
22:41084530:C:T
22:41087264:C:T
22:41088872:A:G
22:41089858:G:T
22:41089899:A:G
22:41091757:C:T
22:41091926:A:G
22:41092091:A:G
22:41092269:G:T
22:41093473:A:T
22:41093746:A:G
22:41094006:A:G
22:41097432:A:C
22:41097445:A:G
22:41097490:C:T
22:41098001:C:T
22:41098358:A:G
22:41098469:C:T
22:41099004:C:T
22:41099751:T:TCCTGGGTCTCA
22:41099827:C:T
22:41100230:T:TGAGACA
22:41100568:A:T
22:41101501:G:T
22:41102525:A:G
22:41102779:C:CTTTTTT
22:41103162:A:C
22:41103515:A:G
22:41103613:C:T
22:41103771:C:T
22:41103776:A:G
22:41103833:C:T
22:41103909:A:T
22:41103961:A:G
22:41103991:A:G
22:41104106:C:T
22:41104224:A:G
22:41104275:C:T
22:41104309:A:T
22:41104323:A:G
22:41104511:C:CG
22:41105298:A:G
22:41105468:C:T
22:41105561:A:G
22:41107718:A:G
22:41108135:A:G
22:41108208:G:GT
22:41108270:C:T
22:41108455:A:C
22:41108647:C:T
22:41108741:A:G
22:41109275:A:C
22:41109562:C:G
22:41109596:A:G
22:41109957:A:C
22:41110013:A:G
22:41110084:G:GTTTTTTTTTTTT
22:41110136:C:T
22:41110137:C:T
22:41110311:A:G
22:41110356:A:G
22:41110485:C:G
22:41110837:G:T
22:41111597:A:G
22:41111848:C:CT
22:41111915:A:ATC
22:41111943:C:T
22:41111961:C:G
22:41112062:C:G
22:41112102:A:C
22:41112204:A:C
22:41112575:A:G
22:41112625:A:G
22:41112682:C:T
22:41113054:A:G
22:41113120:C:T
22:41113585:A:G
22:41113606:C:T
22:41113709:C:T
22:41113792:T:TTTTA
22:41114112:A:AT
22:41114144:T:TA
22:41114372:C:CAGA
22:41114968:C:T
22:41114987:A:C
22:41115231:C:G
22:41115366:C:G
22:41115440:T:TTTC
22:41115446:T:TC
22:41115623:A:G
22:41115726:A:G
22:41116289:C:G
22:41116313:A:G
22:41116646:C:T
22:41117369:C:T
22:41117441:C:T
22:41118125:G:T
22:41118423:A:G
22:41118435:C:T
22:41118557:C:CT
22:41118799:C:T
22:41118989:C:T
22:41119033:G:T
22:41119274:C:T
22:41119551:C:T
22:41119582:A:AG
22:41119729:A:G
22:41119911:C:T
22:41120141:C:T
22:41120212:T:TA
22:41120214:A:T
22:41120243:T:TA
22:41120313:A:G
22:41120396:A:G
22:41120402:C:T
22:41120830:G:T
22:41120830:T:TG
22:41120832:G:T
22:41120838:G:T
22:41120922:C:G
22:41120996:A:G
22:41121184:A:C
22:41121429:A:T
22:41121965:A:AT
22:41122130:A:G
22:41122341:C:T
22:41122977:A:G
22:41123045:A:G
22:41123126:A:G
22:41123276:A:C
22:41123467:A:G
22:41123533:T:TC
22:41123646:A:G
22:41123826:G:T
22:41124133:C:T
22:41124277:A:G
22:41124468:C:T
22:41124486:C:T
22:41124992:C:T
22:41125069:A:T
22:41125381:C:T
22:41125716:C:T
22:41125911:A:T
22:41125959:A:G
22:41126726:G:T
22:41127184:C:CTTT
22:41127409:C:T
22:41127484:A:C
22:41127914:A:G
22:41128030:A:G
22:41128103:C:T
22:41128104:C:T
22:41128309:C:CAAA
22:41128420:G:GA
22:41128750:C:G
22:41128787:C:T
22:41128876:A:G
22:41128896:C:T
22:41128960:A:G
22:41129293:G:T
22:41130162:C:T
22:41130480:C:T
22:41131212:A:G
22:41131295:G:T
22:41131366:A:T
22:41131587:G:GA
22:41131871:A:C
22:41131881:A:T
22:41131965:A:G
22:41132320:A:G
22:41132402:A:C
22:41132751:A:G
22:41132780:C:T
22:41132793:A:G
22:41132887:C:G
22:41133653:C:T
22:41134088:A:G
22:41134096:C:T
22:41134242:A:G
22:41134504:C:T
22:41134587:G:T
22:41134724:A:G
22:41134728:A:G
22:41134941:C:T
22:41135000:A:AG
22:41135329:A:G
22:41135516:A:G
22:41135715:A:G
22:41135804:G:GT
22:41136330:T:TAAC
22:41136529:A:G
22:41136532:A:T
22:41136545:A:G
22:41136554:C:G
22:41136705:A:G
22:41137558:C:T
22:41137585:T:TA
22:41137637:A:G
22:41137645:A:G
22:41137705:C:T
22:41137750:C:T
22:41137922:C:G
22:41138018:A:G
22:41138312:C:T
22:41138466:A:AC
22:41138467:A:T
22:41138713:C:G
22:41138917:A:G
22:41139834:C:CAG
22:41142824:A:AT
22:41143019:G:T
22:41143058:A:G
22:41143526:C:G
22:41143752:A:G
22:41143874:A:G
22:41143908:G:T
22:41143920:A:G
22:41144159:C:T
22:41144275:A:G
22:41144474:C:T
22:41144629:C:G
22:41144669:C:T
22:41144875:A:G
22:41144905:C:T
22:41144917:C:T
22:41144948:A:C
22:41145142:C:T
22:41145604:C:T
22:41146400:C:T
22:41146564:C:T
22:41146690:A:T
22:41146748:C:T
22:41146933:A:G
22:41147067:C:T
22:41147117:A:C
22:41147290:C:T
22:41147432:A:G
22:41147756:A:T
22:41147860:G:T
22:41147973:C:T
22:41149047:A:G
22:41149865:C:T
22:41150278:C:T
22:41150750:C:T
22:41150870:A:G
22:41151084:C:T
22:41152028:A:G
22:41152643:A:G
22:41153796:C:CAAAAT
22:41153994:C:T
22:41154065:G:T
22:41154631:C:T
22:41154880:A:C
22:41156988:C:T
22:41157330:A:G
22:41158135:C:T
22:41159173:A:G
22:41159231:C:T
22:41179901:C:G
22:41182828:A:G
22:41183221:G:GT
22:41201574:A:C
22:41204323:A:G
22:41207263:G:GT
22:41215421:G:GGC
22:41216028:A:G
22:41216037:A:C
22:41216746:A:T
22:41217310:C:T
22:41217819:C:T
22:41218848:T:TA
22:41219139:A:ATTT
22:41219687:C:T
22:41232298:A:C
22:41233479:C:T
22:41234915:T:TA
22:41235639:C:T
22:41237765:C:CT
22:41240835:A:G
22:41245457:C:G
22:41246211:A:G
22:41250439:G:T
22:41262852:C:T
22:41264432:C:CGT
22:41306960:C:T
22:41314787:G:GT
22:41347813:A:G
22:41350274:C:CA
22:41366057:T:TA
22:41372696:C:T
22:41376444:C:CT
22:41379949:C:T
22:41393850:C:CT
22:41397999:C:CT
22:41399391:C:CA
22:41401548:C:T
22:41402086:C:CTA
22:41403793:C:G
22:41406919:A:G
22:41407165:A:G
22:41408697:G:T
22:41408991:A:G
22:41410267:A:G
22:41410472:T:TC
22:41410666:A:G
22:41410915:A:T
22:41410927:A:G
22:41411804:C:G
22:41411949:A:G
22:41412425:C:T
22:41412723:C:T
22:41412928:A:G
22:41413635:C:G
22:41413640:C:T
22:41413736:C:CAAA
22:41413850:C:T
22:41414067:C:CA
22:41415282:C:CAA
22:41415311:C:T
22:41415327:A:C
22:41415479:C:G
22:41415644:G:T
22:41415798:G:GACC
22:41415802:A:G
22:41415803:G:T
22:41415805:A:C
22:41415808:A:AC
22:41415939:A:G
22:41415950:A:T
22:41416097:C:T
22:41416181:C:T
22:41416557:C:T
22:41416607:A:G
22:41417328:C:G
22:41420441:A:G
22:41420781:C:T
22:41420948:C:T
22:41421293:A:G
22:41424481:A:G
22:41426763:C:CA
22:41428281:C:CT
22:41429823:C:T
22:41431101:C:T
22:41431490:C:T
22:41432389:C:G
22:41434071:C:CTTTCT
22:41434333:A:G
22:41434420:C:G
22:41435784:A:G
22:41436442:C:T
22:41436975:A:T
22:41437126:C:T
22:41438806:G:GTA
22:41439003:C:CT
22:41439093:C:G
22:41439185:A:G
22:41439441:C:T
22:41439604:A:G
22:41440061:C:T
22:41440318:C:CA
22:41440375:A:G
22:41441787:C:T
22:41442424:G:T
22:41442566:A:G
22:41442653:A:G
22:41442831:C:T
22:41443075:C:T
22:41443295:C:T
22:41443877:C:G
22:41444350:C:T
22:41444363:A:G
22:41444445:C:T
22:41446147:A:G
22:41447570:A:G
22:41447640:C:CA
22:41447675:A:T
22:41448392:C:T
22:41448734:A:G
22:41449830:T:TA
22:41450447:A:T
22:41450646:C:T
22:41451218:C:T
22:41451412:A:T
22:41451953:C:T
22:41452549:G:T
22:41452876:C:G
22:41453670:A:G
22:41453684:C:G
22:41454766:A:T
22:41456552:A:T
22:41456559:A:T
22:41456560:A:T
22:41456874:A:G
22:41457498:C:G
22:41458997:A:C
22:41461125:A:G
22:41461176:C:T
22:41461348:C:CA
22:41461975:C:CT
22:41462072:A:G
22:41463281:C:CA
22:41466800:A:AT
22:41467210:C:CT
22:41470001:A:G
22:41471066:C:T
22:41471447:C:T
22:41473061:A:G
22:41474787:A:G
22:41476337:C:T
22:41476799:A:C
22:41477916:A:G
22:41481585:G:T
22:41486657:C:T
22:41490680:C:G
22:41491276:C:T
22:41501358:C:CA
22:41503426:T:TA
22:41506963:C:CT
22:41507958:C:G
22:41508224:C:T
22:41510360:A:G
22:41510828:G:GA
22:41511171:C:T
22:41511176:A:G
22:41515179:A:T
22:41521432:G:T
22:41521433:G:T
22:41521557:A:G
22:41521717:C:T
22:41526258:T:TA
22:41529724:G:T
22:41530966:C:T
22:41532534:A:G
22:41534316:C:T
22:41535722:C:G
22:41541188:C:T
22:41541658:C:T
22:41541929:C:T
22:41543307:C:CA
22:41544167:C:T
22:41549507:C:T
22:41549921:A:C
22:41554690:C:T
22:41556423:C:CA
22:41556976:G:GT
22:41559215:A:G
22:41561275:A:G
22:41563819:G:T
22:41564708:A:C
22:41569043:A:G
22:41570261:A:G
22:41570631:A:G
22:41571276:G:GAC
22:41577964:A:G
22:41578065:A:G
22:41578739:T:TA
22:41582684:T:TA
22:41583155:A:G
22:41596010:A:C
22:41598053:C:T
22:41598933:A:G
22:41607065:C:G
22:41607561:C:CT
22:41609443:C:T
22:41609461:C:CT
22:41609690:C:T
22:41610172:C:G
22:41614020:C:G
22:41614113:C:T
22:41615376:C:T
22:41616284:G:T
22:41616516:C:T
22:41617897:A:G
22:41618880:G:T
22:41618927:C:CA
22:41618971:C:G
22:41619226:C:G
22:41619350:A:T
22:41621714:A:G
22:41622419:A:T
22:41623996:C:T
22:41624761:A:G
22:41624852:G:GCA
22:41627073:C:T
22:41627386:C:T
22:41627475:C:CTG
22:41627543:G:T
22:41627654:C:G
22:41627775:C:G
22:41628132:C:G
22:41628205:A:G
22:41628207:G:T
22:41628335:C:CA
22:41632032:C:T
22:41636918:A:G
22:41638177:C:T
22:41638261:A:ATG
22:41639338:A:T
22:41640209:A:G
22:41641570:C:T
22:41641984:C:T
22:41644234:C:G
22:41645500:T:TG
22:41645757:C:G
22:41646738:A:G
22:41647491:A:T
22:41648091:C:T
22:41649941:A:G
22:41651026:C:T
22:41651034:A:G
22:41651440:A:G
22:41651467:C:T
22:41652345:C:G
22:41652733:A:G
22:41653540:G:T
22:41654568:A:G
22:41654569:A:G
22:41654955:A:G
22:41655058:A:G
22:41656016:A:AT
22:41656133:A:G
22:41657705:A:G
22:41658601:A:G
22:41660410:C:G
22:41660645:A:G
22:41660964:A:G
22:41661977:C:T
22:41662205:C:CA
22:41662256:T:TAGCCCTGAAGCAACCAC
22:41663099:A:T
22:41664513:C:T
22:41664539:A:G
22:41664942:A:G
22:41667727:A:G
22:41671732:A:G
22:41671785:G:GA
22:41673592:A:T
22:41674042:G:GT
22:41676559:C:CAGCT
22:41677241:G:GA
22:41679228:T:TGGG
22:41680898:C:T
22:41682014:G:T
22:41683144:C:G
22:41684003:A:T
22:41684426:A:G
22:41684808:C:G
22:41686162:A:G
22:41700361:A:G
22:41700657:C:G
22:41701064:A:G
22:41703804:A:G
22:41704872:C:T
22:41705039:A:G
22:41709235:A:G
22:41711356:G:GT
22:41714912:A:G
22:41718094:C:T
22:41725262:C:CT
22:41739370:C:T
22:41745355:A:G
22:41750622:C:T
22:41760163:A:C
22:41777100:G:T
22:41777461:C:T
22:41783987:C:CTTT
22:41793032:A:C
22:41795971:T:TA
22:41796415:T:TG
22:41797824:A:G
22:41799568:C:CA
22:41802074:C:CT
22:41802792:A:T
22:41805389:G:GAA
22:41806768:C:G
22:41809903:C:G
22:41815116:C:T
22:41815290:C:CA
22:41819800:C:T
22:41819980:A:ATT
22:41826790:A:G
22:41839625:A:ATT
22:41863681:G:GGGGAAATATACTAGTCTCCT
22:41863690:C:T
22:41865739:A:G
22:41869268:G:T
22:41875804:C:T
22:41895409:A:G
22:41905278:C:T
22:41909618:T:TC
22:41916847:G:GA
22:41925767:G:GT
22:41944587:A:T
22:41944759:C:T
22:41954940:C:CA
22:41958410:C:CA
22:41962147:T:TA
22:41962470:A:C
22:41962651:A:G
22:41964199:A:G
22:41966986:C:CA
22:41970272:A:AT
22:41970301:A:G
22:41970909:C:T
22:41971222:A:G
22:41971458:C:T
22:41972622:A:AC
22:41974904:A:G
22:41975218:A:G
22:41975532:C:T
22:41976472:C:T
22:41976688:A:C
22:41978903:C:T
22:41979486:C:T
22:41982966:T:TA
22:41983445:C:CA
22:41983855:A:G
22:41984292:C:T
22:41984779:A:AGGAG
22:41986426:A:G
22:41987914:A:T
22:41988234:G:GA
22:41990127:C:G
22:41991017:A:G
22:41992279:A:G
22:41995718:C:T
22:41995845:A:G
22:41997399:A:T
22:41997949:C:T
22:42000484:C:T
22:42000723:C:T
22:42000791:A:G
22:42006084:T:TA
22:42006382:C:T
22:42007535:C:T
22:42007595:C:CTTT
22:42008363:A:G
22:42011200:A:G
22:42011870:A:ATC
22:42012495:T:TAAAC
22:42014403:C:T
22:42015172:C:T
22:42015371:C:T
22:42017280:A:C
22:42019484:C:T
22:42020387:A:G
22:42020723:C:T
22:42021210:A:G
22:42021680:A:G
22:42021957:C:T
22:42025656:G:GTATT
22:42026493:C:CT
22:42026555:G:T
22:42027114:G:T
22:42028405:A:T
22:42030291:A:G
22:42031751:G:T
22:42031830:G:T
22:42032103:A:AT
22:42036087:A:G
22:42036496:C:T
22:42037346:A:G
22:42037612:A:C
22:42038257:A:C
22:42040398:A:G
22:42041310:A:C
22:42043585:C:CA
22:42044179:C:T
22:42044459:A:G
22:42045327:C:T
22:42045784:C:T
22:42047525:A:T
22:42047810:A:AT
22:42050774:C:G
22:42051845:G:T
22:42052795:A:C
22:42056163:A:G
22:42056234:A:C
22:42057597:A:G
22:42058592:G:T
22:42059768:G:T
22:42062146:A:G
22:42064863:G:T
22:42070793:C:T
22:42075682:C:CTT
22:42088099:C:CT
22:42096753:A:ATTTTTTTTT
22:42101712:C:CT
22:42117322:C:T
22:42119222:G:GT
22:42125168:C:CAAA
22:42130843:A:G
22:42131447:A:G
22:42134539:C:T
22:42141871:C:CA
22:42147179:A:G
22:42159947:C:CT
22:42164394:C:CA
22:42165480:A:AT
22:42166416:A:G
22:42169269:G:T
22:42171617:A:T
22:42173162:A:AT
22:42173879:C:T
22:42176871:A:G
22:42179662:A:G
22:42183409:C:T
22:42183440:A:C
22:42183468:C:T
22:42186266:G:T
22:42188891:C:G
22:42189090:C:G
22:42189135:A:G
22:42189384:C:T
22:42190309:A:G
22:42194580:C:T
22:42194724:C:T
22:42196911:C:G
22:42197077:A:AAAAG
22:42197270:C:T
22:42198537:A:G
22:42201111:A:G
22:42210119:A:G
22:42225018:G:T
22:42225917:A:G
22:42226395:C:T
22:42226950:C:T
22:42232588:A:G
22:42233862:C:CA
22:42235219:C:G
22:42235352:C:T
22:42236153:A:G
22:42238027:A:C
22:42239348:C:G
22:42239938:C:T
22:42241372:A:G
22:42243618:C:T
22:42243841:C:T
22:42243924:A:AT
22:42245722:G:T
22:42245948:A:C
22:42245949:T:TCGA
22:42246754:C:CTTTTTG
22:42247360:A:G
22:42247507:G:T
22:42247695:C:T
22:42248860:A:G
22:42249995:C:T
22:42251190:A:T
22:42251759:C:CT
22:42252589:C:G
22:42253727:A:G
22:42253763:C:T
22:42255705:A:G
22:42256814:C:T
22:42263817:G:GA
22:42265300:G:GGTTTTACT
22:42265430:A:G
22:42265866:C:CT
22:42266168:G:T
22:42269628:C:T
22:42270844:A:G
22:42278566:C:T
22:42282012:C:T
22:42283550:G:T
22:42283551:A:T
22:42285705:T:TA
22:42287454:A:G
22:42287966:C:T
22:42288545:A:G
22:42289797:C:T
22:42291679:A:G
22:42292885:C:T
22:42292923:A:G
22:42293140:C:G
22:42295653:A:G
22:42298165:C:T
22:42298601:C:T
22:42299817:C:T
22:42300248:C:G
22:42300948:A:C
22:42301014:A:G
22:42301943:C:T
22:42303724:C:G
22:42303839:A:G
22:42303987:A:G
22:42307226:C:T
22:42307239:A:G
22:42307810:C:T
22:42309650:A:G
22:42310988:A:C
22:42312807:A:G
22:42312933:C:CA
22:42312938:A:C
22:42313324:A:C
22:42314124:C:T
22:42315371:C:T
22:42316496:C:G
22:42317478:A:T
22:42317592:A:AC
22:42317895:C:CA
22:42320547:C:G
22:42322016:C:G
22:42324700:C:T
22:42326017:C:T
22:42326166:C:T
22:42326606:C:T
22:42327562:G:GC
22:42327659:C:T
22:42327739:A:G
22:42329597:C:T
22:42330336:A:G
22:42332436:A:G
22:42334063:A:G
22:42334588:C:T
22:42335411:C:T
22:42335621:A:G
22:42338351:A:G
22:42338754:C:CA
22:42339516:A:G
22:42340569:C:T
22:42341363:A:G
22:42341934:A:G
22:42342870:C:G
22:42344872:A:G
22:42348094:C:G
22:42351805:A:G
22:42353408:A:G
22:42354642:A:T
22:42355997:C:G
22:42356321:G:T
22:42356430:C:T
22:42357852:C:T
22:42358413:C:T
22:42359229:G:T
22:42359793:A:G
22:42360407:A:G
22:42362334:C:CAA
22:42362457:C:G
22:42362560:A:G
22:42365073:G:T
22:42369095:C:G
22:42369228:A:T
22:42369507:C:CAA
22:42371333:C:T
22:42375228:A:G
22:42376614:C:T
22:42376964:A:G
22:42378070:A:G
22:42378507:C:T
22:42379813:C:T
22:42384125:A:G
22:42384171:C:T
22:42385352:A:G
22:42386057:G:T
22:42386269:C:T
22:42386949:G:T
22:42387115:A:AC
22:42388075:C:G
22:42388826:A:G
22:42388841:A:G
22:42389431:C:T
22:42389500:C:T
22:42389698:A:G
22:42389948:A:G
22:42390209:A:G
22:42390225:C:G
22:42391176:C:T
22:42392560:C:G
22:42392811:A:G
22:42394612:C:G
22:42395686:C:T
22:42396371:A:G
22:42397026:A:G
22:42397469:A:G
22:42398195:C:T
22:42398266:C:G
22:42398375:C:T
22:42399162:C:CA
22:42399216:A:AGG
22:42399547:A:T
22:42400120:C:T
22:42401514:C:T
22:42402005:A:G
22:42402399:A:T
22:42403446:C:T
22:42403980:C:T
22:42405657:C:G
22:42406788:C:T
22:42408680:C:T
22:42409977:G:T
22:42410419:C:T
22:42410695:A:G
22:42410993:C:T
22:42411603:C:T
22:42411664:C:T
22:42412365:A:G
22:42412711:A:G
22:42414181:A:G
22:42414198:C:T
22:42414919:G:GAA
22:42416695:G:T
22:42416805:A:G
22:42418110:A:T
22:42418185:C:T
22:42418910:C:G
22:42419433:A:C
22:42420807:C:CT
22:42429049:A:G
22:42433801:C:T
22:42435359:C:CTT
22:42441091:G:T
22:42441412:C:T
22:42448238:C:G
22:42451603:A:G
22:42453772:C:T
22:42458481:A:G
22:42463814:C:T
22:42464824:G:GCTGGAATTAGCAAAACTAACAC
22:42466950:C:T
22:42466980:A:T
22:42468250:G:T
22:42468535:A:G
22:42470317:C:T
22:42470589:C:G
22:42470608:C:G
22:42471774:C:T
22:42472237:A:C
22:42473860:C:G
22:42474676:A:ATTCTGC
22:42475703:G:T
22:42476754:A:C
22:42477650:C:G
22:42481412:A:T
22:42482502:C:G
22:42484466:A:G
22:42485292:C:T
22:42485671:C:T
22:42486028:C:CA
22:42486038:A:T
22:42486723:A:G
22:42487613:C:CA
22:42487900:A:G
22:42488160:A:C
22:42488345:A:G
22:42488906:A:G
22:42489058:A:T
22:42490600:C:T
22:42490967:C:T
22:42491734:G:T
22:42492063:A:G
22:42492104:C:T
22:42492225:A:G
22:42492362:C:G
22:42492863:A:G
22:42493081:A:T
22:42493098:A:G
22:42493767:A:G
22:42493902:C:T
22:42494335:A:G
22:42494773:C:T
22:42496179:C:CTT
22:42496829:A:C
22:42496979:C:T
22:42497543:G:GT
22:42498204:C:T
22:42498578:C:T
22:42498675:A:G
22:42499217:G:GA
22:42500375:C:CAA
22:42500483:A:G
22:42500745:A:G
22:42501217:C:T
22:42501630:C:G
22:42501802:A:G
22:42503601:T:TG
22:42503608:A:G
22:42504679:A:G
22:42504918:A:G
22:42505841:A:G
22:42506081:C:G
22:42506193:A:C
22:42506370:C:T
22:42507748:A:C
22:42507859:C:G
22:42508937:G:T
22:42509666:A:G
22:42510783:A:C
22:42510801:A:G
22:42510802:C:T
22:42510819:A:G
22:42510983:C:G
22:42511002:A:C
22:42511529:A:G
22:42511550:C:T
22:42511822:C:G
22:42511825:A:G
22:42512297:C:G
22:42512613:A:G
22:42513261:C:T
22:42513761:A:G
22:42513824:C:G
22:42515637:C:G
22:42515845:T:TGA
22:42516420:C:G
22:42516427:T:TAGTGA
22:42516606:T:TAA
22:42516622:C:T
22:42517492:A:G
22:42517636:C:G
22:42517689:A:G
22:42518382:A:G
22:42518426:A:G
22:42521625:G:GGGGTGGGGAA
22:42523805:C:T
22:42529407:G:T
22:42531064:A:AAAC
22:42531700:C:T
22:42533905:A:G
22:42534051:A:G
22:42534682:C:T
22:42534798:A:G
22:42534864:C:CTG
22:42536064:C:T
22:42537196:C:T
22:42537404:C:G
22:42538103:C:T
22:42538229:A:G
22:42538399:C:T
22:42538618:A:G
22:42538885:G:T
22:42539720:C:G
22:42542870:A:G
22:42543017:A:C
22:42543080:G:GA
22:42543447:C:T
22:42543448:A:G
22:42543451:A:G
22:42544050:A:G
22:42546304:A:G
22:42548107:C:T
22:42549103:C:T
22:42552875:C:T
22:42553353:A:G
22:42553582:G:T
22:42554409:G:T
22:42560218:C:CTT
22:42563308:C:T
22:42563525:A:AT
22:42563532:G:T
22:42563933:C:T
22:42564304:C:T
22:42565200:A:G
22:42566341:T:TAA
22:42566417:A:G
22:42567090:C:T
22:42567451:A:G
22:42569247:A:AT
22:42569249:T:TTA
22:42570727:A:T
22:42570848:C:T
22:42572357:A:C
22:42572363:A:G
22:42572547:C:T
22:42574454:A:AG
22:42578596:C:T
22:42584071:A:G
22:42584299:C:CAAAAAAAA
22:42584466:C:G
22:42586073:C:T
22:42594671:G:GT
22:42595258:C:G
22:42595972:T:TTTTC
22:42597836:C:G
22:42598538:C:T
22:42599647:C:G
22:42603814:C:T
22:42606257:C:T
22:42609148:C:T
22:42610099:C:T
22:42611834:C:G
22:42612408:C:T
22:42614401:C:G
22:42614823:C:CTGT
22:42614904:G:GA
22:42615054:C:G
22:42615361:C:CAAAAAAAA
22:42617177:C:T
22:42617411:C:T
22:42617745:G:GTTTTTTTTTT
22:42618669:A:G
22:42619067:A:G
22:42619308:A:G
22:42620795:A:G
22:42620940:C:T
22:42621006:C:CT
22:42623258:A:G
22:42625509:C:G
22:42627122:C:T
22:42627934:C:CAA
22:42628088:C:T
22:42628335:A:G
22:42628811:G:GA
22:42631147:C:CA
22:42632833:A:G
22:42633054:C:T
22:42633204:A:G
22:42634950:C:T
22:42634964:A:AT
22:42638205:C:T
22:42638233:A:T
22:42639227:A:G
22:42640606:C:G
22:42641458:C:T
22:42642576:C:T
22:42645091:A:G
22:42645202:C:T
22:42648117:A:AT
22:42648353:G:T
22:42649509:C:T
22:42650663:C:T
22:42651967:A:G
22:42653038:C:T
22:42655283:G:T
22:42655377:G:T
22:42656588:A:T
22:42656681:A:G
22:42660414:A:G
22:42661144:A:G
22:42662088:T:TA
22:42662501:C:T
22:42663871:C:G
22:42663874:A:G
22:42664162:T:TAAATA
22:42664883:A:T
22:42664972:G:T
22:42665117:C:T
22:42666069:A:G
22:42667473:A:G
22:42667594:C:G
22:42667962:G:GAGGGTCTC
22:42668295:C:G
22:42668504:C:G
22:42669028:A:T
22:42669029:A:T
22:42669331:A:G
22:42669641:T:TA
22:42670111:C:T
22:42670293:G:T
22:42671066:G:T
22:42671487:C:T
22:42671508:C:G
22:42671567:C:T
22:42672124:A:G
22:42674239:A:G
22:42674281:C:T
22:42675882:C:T
22:42677315:C:G
22:42677913:A:C
22:42678178:C:T
22:42678713:A:G
22:42678862:C:G
22:42678908:C:CT
22:42680973:A:G
22:42681860:C:T
22:42682262:C:G
22:42682557:C:T
22:42684721:C:CAAAAAAAAAAA
22:42684818:C:T
22:42684913:A:C
22:42685537:A:G
22:42688034:C:G
22:42688085:A:T
22:42688532:A:G
22:42688639:A:G
22:42689140:A:T
22:42690311:C:G
22:42691689:A:G
22:42692339:A:G
22:42695148:C:T
22:42696005:A:G
22:42696300:A:G
22:42696872:C:T
22:42697216:A:G
22:42697449:A:G
22:42697966:C:T
22:42698103:C:T
22:42698430:C:T
22:42698574:A:C
22:42698800:C:T
22:42698966:C:T
22:42699606:C:T
22:42700222:A:C
22:42701111:A:C
22:42701419:A:G
22:42701984:G:T
22:42702179:C:T
22:42702182:C:T
22:42702633:A:T
22:42702673:C:G
22:42704386:C:G
22:42705091:C:T
22:42705394:C:T
22:42705672:A:AC
22:42705870:A:C
22:42706448:C:CG
22:42706731:A:G
22:42707584:A:G
22:42707715:A:G
22:42708381:A:G
22:42708731:C:T
22:42709762:C:T
22:42709886:A:G
22:42709900:C:T
22:42710052:A:G
22:42710092:C:G
22:42710606:A:G
22:42710882:C:T
22:42711316:C:T
22:42711636:C:T
22:42712662:C:T
22:42712668:T:TCC
22:42713624:A:AG
22:42714657:C:T
22:42715036:C:G
22:42715375:A:G
22:42716484:C:T
22:42716632:A:G
22:42717108:A:G
22:42717590:A:G
22:42717812:G:T
22:42717884:C:T
22:42718481:A:T
22:42718774:A:G
22:42720463:C:T
22:42720582:C:T
22:42721044:A:G
22:42722518:C:T
22:42722807:A:T
22:42725695:A:C
22:42725745:C:G
22:42726357:G:T
22:42727231:C:T
22:42729040:C:T
22:42729096:C:T
22:42729596:A:G
22:42730837:C:T
22:42730970:C:T
22:42736136:C:G
22:42737789:A:G
22:42738766:C:T
22:42740543:A:C
22:42740665:C:T
22:42742938:A:G
22:42743025:A:G
22:42744362:C:T
22:42744363:A:G
22:42744979:C:G
22:42745236:A:AT
22:42745561:A:T
22:42745807:A:G
22:42745913:C:G
22:42746176:G:T
22:42746877:A:G
22:42747478:A:G
22:42747522:C:T
22:42747628:A:G
22:42747847:A:C
22:42748461:A:G
22:42748678:A:T
22:42750690:G:T
22:42750756:C:T
22:42750849:C:T
22:42751029:A:AAAAT
22:42751085:C:T
22:42751397:C:T
22:42751463:A:G
22:42752280:G:T
22:42753920:A:G
22:42754729:C:G
22:42754796:A:G
22:42755077:C:T
22:42756983:C:CA
22:42760066:A:G
22:42761856:C:T
22:42762024:A:G
22:42764776:C:T
22:42765367:C:G
22:42765368:C:G
22:42766109:C:T
22:42766119:C:CA
22:42766734:A:G
22:42766783:C:CA
22:42769137:A:C
22:42770546:C:T
22:42770659:C:G
22:42771264:C:CT
22:42771322:A:C
22:42771352:C:T
22:42771392:A:G
22:42771571:C:CTTTTTT
22:42771643:C:T
22:42771715:C:T
22:42772172:A:G
22:42772544:C:CAA
22:42772826:C:T
22:42773446:C:T
22:42774547:C:CT
22:42774595:A:G
22:42775808:C:T
22:42775914:A:G
22:42775948:G:T
22:42775949:A:T
22:42776276:C:T
22:42776588:C:T
22:42776609:A:G
22:42777206:A:G
22:42779018:C:T
22:42779900:A:G
22:42780465:C:G
22:42780985:C:T
22:42781071:A:G
22:42782102:C:T
22:42783070:A:G
22:42783130:G:T
22:42783506:C:T
22:42783596:C:G
22:42783830:C:T
22:42783917:C:T
22:42784201:C:T
22:42784219:C:G
22:42785060:C:G
22:42785121:A:G
22:42785379:C:T
22:42785438:C:T
22:42786394:A:G
22:42786451:A:G
22:42786820:C:T
22:42786822:C:CA
22:42787043:C:T
22:42787101:A:T
22:42787278:A:G
22:42787282:C:T
22:42788194:A:AG
22:42788316:G:T
22:42788480:A:G
22:42788919:C:T
22:42789446:A:G
22:42789581:A:AT
22:42790618:C:T
22:42790703:A:C
22:42790873:C:T
22:42791129:A:G
22:42791442:A:G
22:42791664:A:G
22:42791957:T:TA
22:42792015:C:T
22:42792210:C:T
22:42792374:C:T
22:42792900:A:G
22:42792927:A:AGGGGGCGTGCACCTG
22:42792931:G:GGCGTGCACCTGGGGA
22:42792961:A:G
22:42793122:C:T
22:42793563:A:G
22:42793845:C:T
22:42793873:A:G
22:42794230:C:T
22:42794237:A:G
22:42794270:A:G
22:42794326:C:T
22:42794388:T:TTTA
22:42794391:A:T
22:42794614:G:T
22:42794640:A:G
22:42794689:A:G
22:42795201:C:T
22:42795237:G:T
22:42795245:A:G
22:42795464:A:AAAAAAG
22:42796031:C:T
22:42796902:A:G
22:42797785:A:G
22:42798481:C:G
22:42798644:A:AGAGGAT
22:42799098:C:T
22:42799480:A:G
22:42799876:A:G
22:42800081:C:T
22:42803565:C:T
22:42803909:C:CT
22:42804028:A:C
22:42805925:A:G
22:42806731:A:C
22:42807351:C:T
22:42807870:A:G
22:42808536:C:T
22:42809110:A:G
22:42810053:C:T
22:42810088:A:G
22:42810248:A:G
22:42810301:C:T
22:42810988:A:G
22:42811101:C:T
22:42811647:A:C
22:42811648:C:T
22:42811919:A:C
22:42812041:A:G
22:42813042:C:G
22:42813753:C:T
22:42815756:C:G
22:42816019:G:T
22:42816066:A:G
22:42816468:A:G
22:42816542:C:T
22:42816664:C:T
22:42816712:C:T
22:42816727:A:G
22:42817092:C:T
22:42817203:T:TC
22:42817226:A:G
22:42818498:A:G
22:42819753:A:G
22:42820353:A:G
22:42820420:C:CA
22:42821047:A:C
22:42821277:T:TC
22:42822000:A:G
22:42822195:C:G
22:42823916:A:G
22:42824258:C:G
22:42825039:A:G
22:42825642:A:T
22:42827781:T:TC
22:42830576:C:T
22:42832269:C:T
22:42834233:A:G
22:42835727:C:T
22:42836337:A:C
22:42836440:C:G
22:42837007:C:T
22:42837080:C:G
22:42837294:A:G
22:42838304:T:TA
22:42842632:C:G
22:42845289:A:G
22:42845759:G:GT
22:42848354:G:T
22:42853122:C:G
22:42854569:C:G
22:42854646:C:T
22:42855099:A:G
22:42857308:A:G
22:42860486:A:G
22:42861043:G:T
22:42861437:G:T
22:42861727:A:G
22:42866060:A:G
22:42866077:C:G
22:42866614:A:G
22:42866999:G:T
22:42867688:T:TATCC
22:42867855:A:T
22:42867941:C:CT
22:42867957:A:G
22:42868083:C:T
22:42868369:C:G
22:42869453:A:C
22:42873532:C:T
22:42873630:C:G
22:42874412:A:G
22:42874781:A:G
22:42875479:A:G
22:42876386:C:G
22:42876614:A:G
22:42876982:G:T
22:42877916:A:G
22:42878001:C:T
22:42879691:C:T
22:42880003:G:GGCCCTCCCC
22:42880961:A:G
22:42881312:C:T
22:42884691:C:CA
22:42885612:C:CAA
22:42886204:C:T
22:42888260:C:G
22:42888397:C:T
22:42890624:A:C
22:42893672:C:CA
22:42894585:C:T
22:42894834:C:G
22:42895012:A:T
22:42896000:C:G
22:42898955:A:G
22:42898957:C:T
22:42899387:A:G
22:42900200:C:T
22:42901842:T:TTGGGAAGCTGAGG
22:42902064:C:T
22:42902827:A:C
22:42902831:C:T
22:42903671:G:T
22:42903675:C:G
22:42904276:A:G
22:42904388:C:T
22:42904432:T:TAA
22:42904551:C:T
22:42904555:A:T
22:42904778:A:G
22:42904780:G:T
22:42904888:A:G
22:42905165:A:G
22:42905681:C:T
22:42906056:C:T
22:42906304:A:G
22:42906429:C:T
22:42906679:C:G
22:42906838:C:T
22:42906914:A:G
22:42906923:G:T
22:42906950:C:G
22:42907619:C:T
22:42908186:C:G
22:42908297:C:CT
22:42908743:A:G
22:42908870:G:T
22:42908897:C:T
22:42909115:C:T
22:42909143:C:T
22:42909910:A:G
22:42910038:A:T
22:42910376:A:G
22:42910510:A:G
22:42910611:C:T
22:42910769:A:G
22:42911103:A:C
22:42911517:C:G
22:42912029:G:T
22:42912097:C:T
22:42912136:G:T
22:42912722:A:G
22:42912798:C:T
22:42914931:C:T
22:42914937:A:G
22:42914974:C:T
22:42915479:A:G
22:42917154:C:T
22:42917813:C:T
22:42918859:A:G
22:42919010:C:T
22:42919077:C:CTT
22:42919125:C:T
22:42919254:A:G
22:42919674:C:T
22:42919677:A:C
22:42919939:C:T
22:42919991:C:G
22:42920541:A:G
22:42920767:A:G
22:42920944:C:T
22:42921321:C:T
22:42921471:A:G
22:42922221:G:GAC
22:42922420:C:T
22:42922463:A:G
22:42922465:G:T
22:42923262:T:TTTTTC
22:42923339:A:T
22:42923540:C:T
22:42923546:A:C
22:42924478:G:T
22:42924632:A:T
22:42924732:A:C
22:42925131:A:G
22:42925702:A:G
22:42925754:C:G
22:42926858:A:T
22:42928108:C:G
22:42928478:A:G
22:42928654:C:T
22:42928853:A:G
22:42929265:A:G
22:42929962:G:GCGAACC
22:42931538:C:T
22:42931889:A:G
22:42932013:C:G
22:42932133:A:T
22:42932317:A:G
22:42932388:C:G
22:42933078:C:T
22:42933315:C:T
22:42933774:C:T
22:42933776:C:T
22:42933912:A:G
22:42934376:A:AAAAACAAAAC
22:42934395:A:C
22:42934630:A:G
22:42936553:A:C
22:42936675:C:T
22:42937745:C:T
22:42938157:A:G
22:42938430:A:G
22:42938945:C:G
22:42939754:A:AAC
22:42940227:C:CA
22:42940419:C:T
22:42940420:G:T
22:42940527:A:G
22:42940852:A:G
22:42941390:C:T
22:42941490:A:G
22:42943481:A:G
22:42943590:C:CA
22:42945690:C:G
22:42945888:C:T
22:42946036:A:G
22:42946371:C:T
22:42946880:A:C
22:42948236:C:T
22:42949449:A:G
22:42949543:C:G
22:42950361:G:T
22:42952150:A:AC
22:42952728:A:G
22:42958054:A:G
22:42960444:C:T
22:42960975:C:T
22:42960979:C:T
22:42961298:A:T
22:42963393:A:G
22:42963699:A:T
22:42964031:C:T
22:42964159:A:G
22:42964218:A:AG
22:42964331:C:T
22:42965152:C:T
22:42965701:C:T
22:42966103:A:C
22:42967454:C:CG
22:42967774:C:T
22:42969466:C:G
22:42970680:C:T
22:42972735:A:G
22:42972823:A:C
22:42975209:T:TA
22:42977715:C:G
22:42983782:A:C
22:42984908:C:T
22:42985163:A:C
22:42985310:A:G
22:42985849:C:CAA
22:42988679:A:G
22:42993781:A:G
22:42996149:A:G
22:43003307:C:T
22:43003687:A:G
22:43007594:C:G
22:43013785:A:G
22:43014351:A:G
22:43018587:C:G
22:43025942:G:T
22:43025950:C:T
22:43026690:A:G
22:43026792:A:G
22:43027356:A:G
22:43027824:C:T
22:43027869:C:T
22:43030324:A:G
22:43030626:T:TATTG
22:43030870:A:G
22:43031078:G:T
22:43031943:A:G
22:43032182:C:G
22:43032244:A:C
22:43032328:A:G
22:43032742:C:T
22:43034144:A:G
22:43034175:A:G
22:43034260:G:T
22:43034602:C:G
22:43035793:C:G
22:43038122:C:CT
22:43038408:C:T
22:43039693:C:T
22:43040082:A:G
22:43040793:A:G
22:43040807:C:T
22:43040839:C:T
22:43040921:C:T
22:43041391:A:G
22:43041489:A:G
22:43041545:A:G
22:43041593:A:G
22:43041837:A:C
22:43041897:A:T
22:43041902:C:T
22:43041929:A:G
22:43042197:C:G
22:43043087:A:G
22:43043579:C:CCCTGTCTCTACTAAAAGTACAA
22:43043954:A:T
22:43044283:A:ATAGAGG
22:43044765:A:G
22:43045707:G:T
22:43046094:G:T
22:43046277:C:T
22:43046378:T:TC
22:43046466:A:C
22:43046517:A:G
22:43046707:C:T
22:43047285:C:T
22:43047536:G:T
22:43047540:G:T
22:43047544:G:T
22:43048151:C:T
22:43049014:G:T
22:43050330:C:CT
22:43050527:C:T
22:43050788:C:T
22:43052136:G:T
22:43052883:A:G
22:43053336:G:T
22:43054121:A:G
22:43054308:A:G
22:43054490:A:G
22:43054509:A:G
22:43054738:G:T
22:43057833:C:T
22:43058180:T:TCCCGGCG
22:43058496:A:G
22:43058627:A:G
22:43058672:C:G
22:43058804:C:T
22:43058837:A:G
22:43059235:A:G
22:43061482:A:G
22:43061494:C:T
22:43061594:A:C
22:43061610:A:G
22:43061737:A:G
22:43062331:C:T
22:43062434:A:G
22:43063077:C:CA
22:43063246:A:G
22:43063281:C:CT
22:43063468:G:T
22:43063475:C:CT
22:43063525:A:G
22:43063535:A:G
22:43063958:C:T
22:43064840:A:G
22:43065004:A:T
22:43065035:C:CT
22:43066379:C:T
22:43067127:C:G
22:43068239:A:G
22:43068518:C:T
22:43068711:A:G
22:43070805:G:T
22:43070945:C:CT
22:43071608:C:T
22:43074378:C:T
22:43075422:G:T
22:43076809:C:T
22:43077027:A:T
22:43077050:A:T
22:43077143:G:T
22:43077410:A:C
22:43077620:A:AT
22:43077644:C:T
22:43077709:A:C
22:43078207:C:T
22:43078569:A:G
22:43078589:A:G
22:43078974:A:ATT
22:43079037:A:G
22:43079072:G:T
22:43079175:C:G
22:43079214:A:G
22:43079847:G:T
22:43080028:C:T
22:43080358:C:CAGAGGGCCTAGGAT
22:43080792:A:G
22:43080880:C:T
22:43080905:A:G
22:43081079:T:TTC
22:43081101:C:T
22:43081442:G:T
22:43081553:G:T
22:43081681:G:GT
22:43081726:C:T
22:43081796:C:T
22:43082040:A:G
22:43082052:A:G
22:43082265:C:T
22:43082755:C:T
22:43083045:A:C
22:43084104:C:T
22:43084123:A:G
22:43084125:C:T
22:43084157:A:G
22:43084693:A:G
22:43085425:A:G
22:43085610:C:G
22:43085647:A:G
22:43085662:C:CA
22:43085854:C:G
22:43085943:C:T
22:43086044:A:AG
22:43086173:A:T
22:43086450:A:G
22:43086592:A:C
22:43086896:C:T
22:43086993:A:G
22:43087781:C:T
22:43088010:C:T
22:43088078:A:G
22:43088261:C:T
22:43088365:G:GC
22:43088435:C:T
22:43088549:C:T
22:43088971:C:T
22:43089055:C:G
22:43089849:C:T
22:43090249:A:C
22:43090534:A:T
22:43091179:C:T
22:43091196:C:CAG
22:43091341:A:G
22:43092433:G:GAA
22:43092620:A:G
22:43092851:A:C
22:43093457:A:G
22:43094027:C:T
22:43094252:C:CAA
22:43094465:A:G
22:43094877:A:G
22:43094925:A:G
22:43095101:C:CT
22:43095457:C:T
22:43095473:C:T
22:43095928:C:T
22:43095999:C:T
22:43096013:A:T
22:43096042:C:T
22:43096178:A:G
22:43096266:A:G
22:43096364:A:G
22:43096492:A:G
22:43096996:C:G
22:43097551:C:T
22:43098501:C:T
22:43098650:A:G
22:43099055:C:G
22:43100500:T:TA
22:43100786:C:T
22:43100856:C:T
22:43101397:A:G
22:43101604:C:CA
22:43102359:C:T
22:43103399:C:T
22:43103684:A:C
22:43104750:C:T
22:43105188:C:G
22:43105703:C:T
22:43106189:C:G
22:43107046:A:G
22:43109743:A:G
22:43110497:C:T
22:43110736:C:T
22:43110751:G:GA
22:43111733:A:T
22:43111772:A:C
22:43112475:C:T
22:43112818:A:C
22:43112961:C:T
22:43113004:G:T
22:43113673:C:T
22:43114928:C:T
22:43115576:C:T
22:43115776:C:G
22:43116137:C:G
22:43116985:C:T
22:43117375:A:AG
22:43118163:C:CAAAAAAAAAAA
22:43118878:G:T
22:43119239:C:G
22:43120209:C:T
22:43121196:C:T
22:43121968:A:C
22:43122720:A:G
22:43123195:A:G
22:43123288:C:T
22:43123873:C:T
22:43124288:C:CG
22:43124550:C:CAAA
22:43127431:C:T
22:43127465:A:G
22:43127813:C:CTT
22:43127834:C:T
22:43127966:C:CT
22:43128825:A:G
22:43129184:G:GA
22:43129361:A:G
22:43132954:C:T
22:43134011:A:G
22:43134100:A:G
22:43134147:C:T
22:43134525:A:G
22:43134766:C:CT
22:43134801:C:T
22:43135279:A:G
22:43135696:A:C
22:43136212:A:G
22:43136214:C:T
22:43136418:C:CA
22:43136583:A:G
22:43136686:A:G
22:43136808:G:T
22:43136845:G:T
22:43137187:C:T
22:43137216:C:CG
22:43137664:A:AT
22:43137973:G:T
22:43140578:C:T
22:43140720:G:T
22:43140837:G:T
22:43141692:C:T
22:43141848:G:T
22:43142216:G:T
22:43142593:G:T
22:43142778:C:T
22:43142948:C:T
22:43143228:A:G
22:43143233:A:C
22:43143265:C:T
22:43144054:C:G
22:43144159:C:CT
22:43144476:C:CT
22:43144771:C:G
22:43145421:C:G
22:43145466:C:T
22:43145502:A:G
22:43145771:G:GTT
22:43145853:C:G
22:43146158:T:TCC
22:43146160:C:T
22:43147019:A:G
22:43148092:A:G
22:43148259:C:T
22:43148967:C:T
22:43149660:A:C
22:43150453:C:T
22:43150523:G:T
22:43150872:C:G
22:43151011:C:CT
22:43151095:C:T
22:43151116:C:T
22:43151167:A:T
22:43151447:A:G
22:43151763:A:G
22:43151775:A:G
22:43151867:C:T
22:43152893:C:T
22:43153146:A:C
22:43153305:C:G
22:43153437:G:T
22:43153481:G:GA
22:43154261:G:T
22:43154299:A:G
22:43154680:C:T
22:43154705:G:T
22:43155564:C:T
22:43155855:C:G
22:43156223:A:G
22:43156313:C:T
22:43156469:A:G
22:43156616:C:T
22:43157308:C:G
22:43157324:C:T
22:43157555:G:GGCTGCTCCCCCA
22:43157807:A:AT
22:43158468:T:TA
22:43158483:A:G
22:43158555:A:C
22:43158711:A:T
22:43158727:G:T
22:43159090:A:G
22:43159218:A:G
22:43159365:A:G
22:43159368:G:T
22:43160257:C:G
22:43160637:A:G
22:43160656:C:T
22:43160756:C:T
22:43160895:C:T
22:43161113:A:C
22:43161880:C:T
22:43161897:C:CA
22:43161994:A:G
22:43162106:C:G
22:43162320:A:AGAGT
22:43162332:C:T
22:43162411:A:C
22:43162495:C:T
22:43162581:C:T
22:43162952:C:T
22:43162958:C:G
22:43162984:C:T
22:43163061:A:G
22:43163200:A:G
22:43163259:C:CT
22:43163360:C:G
22:43163366:C:G
22:43163640:A:AT
22:43163714:A:T
22:43163718:A:T
22:43163850:G:T
22:43163883:A:T
22:43164183:C:T
22:43164184:T:TA
22:43164304:T:TTA
22:43164369:A:G
22:43164431:A:G
22:43164563:C:T
22:43164644:C:CCCACCAACCA
22:43164768:A:G
22:43164939:A:T
22:43165105:C:T
22:43165739:G:T
22:43165866:C:T
22:43165909:T:TCAGGGCA
22:43165948:C:T
22:43166388:C:T
22:43166512:A:AT
22:43166718:C:T
22:43166822:C:T
22:43166958:C:T
22:43167050:C:T
22:43167775:C:T
22:43167966:A:G
22:43168036:C:G
22:43168173:T:TAGA
22:43168529:C:T
22:43168776:A:G
22:43168852:A:G
22:43168976:C:T
22:43169224:C:G
22:43169539:C:G
22:43169648:A:G
22:43169761:A:ATTGT
22:43169818:C:T
22:43169852:A:G
22:43170109:A:G
22:43170213:A:T
22:43170245:C:CA
22:43170492:A:G
22:43170686:C:T
22:43170699:C:T
22:43170788:C:CT
22:43170793:A:C
22:43170882:C:T
22:43170942:A:G
22:43170994:C:T
22:43171045:A:G
22:43171673:C:T
22:43171685:C:T
22:43171849:C:CA
22:43171857:T:TTCCTGTA
22:43171896:C:T
22:43172267:C:T
22:43172308:C:T
22:43172489:A:G
22:43172646:A:G
22:43172806:A:G
22:43173743:C:T
22:43173922:A:G
22:43174188:C:T
22:43174413:A:G
22:43175057:C:T
22:43175189:C:T
22:43175286:C:T
22:43175426:C:T
22:43175438:C:CTT
22:43175465:C:T
22:43175639:A:G
22:43175821:C:T
22:43175823:A:G
22:43175959:A:G
22:43176250:G:GA
22:43176355:A:T
22:43176357:C:G
22:43176623:C:T
22:43176834:C:G
22:43176847:C:T
22:43177559:A:C
22:43178546:A:G
22:43178851:G:GT
22:43179297:C:T
22:43179680:C:T
22:43180054:A:G
22:43180418:A:C
22:43181751:C:CCTT
22:43181803:A:G
22:43182073:C:CA
22:43182761:C:G
22:43183391:C:T
22:43183762:C:T
22:43184135:A:G
22:43185012:C:T
22:43187900:A:G
22:43188309:C:T
22:43190158:C:T
22:43197034:A:G
22:43198259:G:T
22:43198295:C:T
22:43198836:G:T
22:43198934:C:T
22:43200456:C:T
22:43203137:C:T
22:43206009:T:TAA
22:43212432:A:G
22:43213631:C:CA
22:43214258:C:CTTGAT
22:43214400:C:G
22:43215692:A:G
22:43216550:A:G
22:43219941:A:AT
22:43226599:A:C
22:43228528:A:G
22:43229848:A:G
22:43233626:C:CAA
22:43234281:C:CATATAT
22:43235126:A:G
22:43235129:A:G
22:43235130:A:G
22:43236571:C:T
22:43237276:C:T
22:43237639:A:G
22:43238055:A:G
22:43240806:C:T
22:43241003:C:G
22:43241913:A:G
22:43242044:C:CAAAA
22:43243175:C:CT
22:43243204:C:T
22:43245486:C:CT
22:43245566:C:CTTT
22:43246818:A:G
22:43247415:C:T
22:43248000:C:T
22:43248233:A:AT
22:43248411:G:T
22:43248906:A:G
22:43250614:A:G
22:43255397:A:T
22:43255609:C:T
22:43256165:C:T
22:43257261:A:G
22:43259172:C:T
22:43260427:A:G
22:43261499:A:G
22:43264252:A:G
22:43264770:A:G
22:43265827:G:T
22:43266363:C:T
22:43267336:T:TC
22:43267831:G:T
22:43268009:C:T
22:43268502:A:G
22:43269547:C:T
22:43269804:C:CT
22:43270440:A:C
22:43270819:A:G
22:43270877:A:G
22:43270879:A:C
22:43271158:C:CT
22:43271171:C:T
22:43271547:A:AT
22:43271804:A:AG
22:43272085:C:G
22:43272792:C:T
22:43272830:C:CAG
22:43273891:G:T
22:43274772:A:G
22:43274889:A:G
22:43276030:A:C
22:43276829:T:TG
22:43279282:A:G
22:43279807:C:T
22:43280059:A:G
22:43282457:G:GGTAT
22:43285378:T:TTACACACACACA
22:43286010:C:CT
22:43291095:C:T
22:43299294:A:T
22:43301743:C:T
22:43301900:A:C
22:43304375:C:CTGAA
22:43310229:C:T
22:43311896:C:G
22:43312925:A:G
22:43317746:C:CT
22:43320162:A:G
22:43320216:C:G
22:43323256:C:CT
22:43323582:G:T
22:43323586:G:T
22:43325269:C:T
22:43325575:C:CA
22:43325774:A:G
22:43326110:C:T
22:43327316:C:T
22:43327526:C:T
22:43327579:C:G
22:43327587:A:G
22:43328419:A:G
22:43329819:A:G
22:43332516:C:T
22:43333053:G:T
22:43333427:C:T
22:43334295:C:G
22:43334574:C:G
22:43336231:A:T
22:43336728:C:T
22:43337225:T:TGTCA
22:43338839:A:G
22:43339878:A:G
22:43340279:G:T
22:43340280:C:T
22:43340912:A:G
22:43341102:C:CA
22:43342723:A:G
22:43345463:C:CGT
22:43345469:C:T
22:43346153:C:T
22:43346416:A:AGGGAGGGAAGGAGAGAGGGAGA
22:43348699:C:T
22:43349632:C:T
22:43349699:A:C
22:43353426:G:GT
22:43355167:A:G
22:43355256:C:T
22:43356130:A:C
22:43356311:C:T
22:43356442:G:T
22:43356499:C:T
22:43357379:C:T
22:43358088:A:G
22:43358189:C:CTT
22:43358492:A:G
22:43359130:C:T
22:43359261:A:G
22:43359448:A:G
22:43359852:A:AT
22:43359942:C:CAT
22:43360424:G:GA
22:43361079:A:G
22:43361143:C:G
22:43361804:C:T
22:43361928:A:T
22:43361946:A:AATAATC
22:43363119:G:GA
22:43363122:A:C
22:43363195:C:G
22:43363889:A:G
22:43363923:A:G
22:43364634:C:G
22:43364655:A:G
22:43364795:C:G
22:43365928:G:GA
22:43366296:A:G
22:43366896:C:T
22:43367220:C:T
22:43367316:C:G
22:43367698:C:G
22:43367872:A:G
22:43368050:A:G
22:43368270:G:T
22:43369349:A:T
22:43369766:C:T
22:43370260:C:G
22:43370549:A:G
22:43370791:A:G
22:43371176:C:T
22:43371507:A:T
22:43371628:C:T
22:43371662:T:TA
22:43372799:C:T
22:43373570:A:C
22:43374807:C:G
22:43375439:A:G
22:43375700:A:T
22:43375701:A:G
22:43375950:C:T
22:43379373:C:G
22:43379492:C:T
22:43379505:A:AAAC
22:43379970:C:CTTTT
22:43380548:C:G
22:43381459:A:G
22:43383503:C:T
22:43384892:A:AT
22:43385508:C:CA
22:43385873:A:AATAT
22:43385996:A:T
22:43386003:A:T
22:43386147:A:AT
22:43386691:C:G
22:43387645:C:T
22:43387695:G:T
22:43387711:C:T
22:43387818:C:CAAA
22:43387915:A:C
22:43389028:C:T
22:43389090:C:G
22:43389570:C:T
22:43390083:A:T
22:43391953:A:G
22:43392180:C:T
22:43392252:A:G
22:43392264:A:G
22:43392277:A:C
22:43392537:C:CAA
22:43393042:C:G
22:43393940:C:T
22:43393985:A:T
22:43395093:A:G
22:43396109:C:T
22:43396445:C:T
22:43397966:A:G
22:43398049:A:C
22:43398962:C:T
22:43400329:C:T
22:43400764:A:C
22:43401079:A:G
22:43401772:A:G
22:43403290:C:T
22:43403379:A:G
22:43403506:C:G
22:43403843:A:G
22:43404107:C:T
22:43404429:A:G
22:43404537:G:T
22:43404929:C:G
22:43405016:G:GA
22:43406673:A:G
22:43406680:G:T
22:43406733:A:C
22:43407464:C:T
22:43407957:A:C
22:43408257:A:G
22:43408562:C:T
22:43409058:A:C
22:43409206:G:T
22:43409989:A:G
22:43410235:C:T
22:43410328:A:C
22:43410330:A:T
22:43410333:C:G
22:43410384:C:G
22:43410386:C:T
22:43410447:C:T
22:43410745:C:T
22:43411887:A:C
22:43412376:C:T
22:43414330:A:G
22:43415247:C:CAAAAAAAAA
22:43415581:C:T
22:43415711:A:G
22:43417007:C:T
22:43417027:C:CT
22:43418057:A:G
22:43418059:A:G
22:43419366:C:T
22:43419773:A:G
22:43420326:A:G
22:43420500:A:AT
22:43421280:A:G
22:43421472:A:G
22:43421869:G:T
22:43422319:C:T
22:43422608:C:T
22:43422676:C:G
22:43422944:A:G
22:43422972:A:G
22:43422976:A:G
22:43423123:A:G
22:43423536:C:CA
22:43423903:C:T
22:43424037:G:T
22:43424477:A:C
22:43425158:C:T
22:43425176:A:T
22:43425718:A:G
22:43425966:C:CT
22:43426122:C:T
22:43426872:C:CT
22:43427776:A:G
22:43428353:G:T
22:43431092:A:G
22:43431097:A:G
22:43431936:A:G
22:43432031:G:T
22:43432205:A:G
22:43432826:A:G
22:43432865:C:G
22:43433873:T:TACCC
22:43434284:C:G
22:43434300:C:CAAA
22:43434623:G:T
22:43436055:A:G
22:43437067:A:G
22:43438972:C:G
22:43439074:A:G
22:43439262:A:G
22:43439544:C:T
22:43440761:C:CAG
22:43440972:A:G
22:43441050:A:G
22:43441515:C:T
22:43441628:C:T
22:43443722:A:G
22:43445572:C:T
22:43445826:A:C
22:43447983:A:G
22:43452960:A:G
22:43453003:C:T
22:43453412:A:G
22:43453650:A:T
22:43453958:A:T
22:43454172:A:G
22:43454455:A:G
22:43454722:C:CAG
22:43455246:C:T
22:43455531:C:T
22:43457245:C:CTGAT
22:43457453:C:T
22:43458018:G:T
22:43458448:C:G
22:43458497:T:TA
22:43458806:C:T
22:43459026:C:T
22:43459123:A:G
22:43459241:A:G
22:43459468:C:CT
22:43459540:C:T
22:43459813:A:G
22:43459846:A:G
22:43459864:A:G
22:43460459:C:T
22:43460949:C:T
22:43461015:A:G
22:43461138:A:G
22:43461275:C:T
22:43461356:C:T
22:43461542:C:T
22:43461778:A:G
22:43461968:C:T
22:43461971:C:T
22:43462033:C:T
22:43462041:C:T
22:43462320:A:G
22:43462388:A:G
22:43462451:C:T
22:43462539:A:G
22:43463186:A:G
22:43463333:C:T
22:43463674:A:G
22:43463976:A:AT
22:43464355:A:G
22:43465814:A:G
22:43466217:A:G
22:43466405:A:G
22:43466916:C:T
22:43466931:A:G
22:43467434:C:G
22:43467997:C:CAT
22:43468411:C:T
22:43469083:C:G
22:43469333:A:G
22:43469835:A:T
22:43469839:A:T
22:43470357:C:T
22:43470526:C:T
22:43470919:C:G
22:43472803:A:AT
22:43473662:C:T
22:43474125:A:C
22:43474346:A:G
22:43474522:A:C
22:43475208:C:T
22:43475471:A:G
22:43475563:A:G
22:43476758:A:AGCTCCAGCTCAGCCTTAGCTGG
22:43477077:A:G
22:43478165:A:AT
22:43478448:A:G
22:43478712:A:ACT
22:43479505:A:G
22:43479724:A:AC
22:43480266:C:G
22:43480513:C:T
22:43480787:A:G
22:43480926:A:G
22:43482135:T:TA
22:43485385:G:T
22:43485853:A:T
22:43487965:C:T
22:43488748:G:T
22:43488878:C:CAAAAAA
22:43489629:A:G
22:43489705:C:CA
22:43489706:A:C
22:43491269:A:C
22:43492639:A:C
22:43492962:C:T
22:43493350:A:G
22:43493430:C:T
22:43493830:A:G
22:43494731:A:G
22:43494953:C:T
22:43495939:C:CT
22:43496836:C:CA
22:43496923:A:G
22:43497898:A:G
22:43498196:C:CT
22:43498870:C:T
22:43498884:C:T
22:43499032:C:T
22:43499144:A:G
22:43500212:G:T
22:43501620:C:T
22:43501819:G:T
22:43502707:C:T
22:43503336:A:C
22:43503341:A:C
22:43503354:C:G
22:43503547:C:T
22:43503973:A:G
22:43504244:C:CT
22:43504326:A:T
22:43504327:A:C
22:43504328:C:G
22:43504556:C:T
22:43505071:C:T
22:43505157:A:G
22:43505444:A:C
22:43506635:C:T
22:43509617:A:C
22:43509632:C:T
22:43511825:C:T
22:43513156:C:T
22:43513541:A:AT
22:43514861:C:G
22:43517905:G:T
22:43518108:C:G
22:43518275:A:G
22:43518822:A:G
22:43520258:A:C
22:43521950:A:G
22:43523188:C:T
22:43523921:A:ACT
22:43525176:C:T
22:43525477:G:GT
22:43526130:T:TG
22:43530631:A:T
22:43530982:A:G
22:43532156:A:G
22:43534055:C:T
22:43534206:A:G
22:43536193:C:T
22:43540978:T:TACAC
22:43542929:T:TA
22:43543954:C:G
22:43544282:C:T
22:43546013:A:G
22:43550055:C:T
22:43551408:A:G
22:43553417:G:T
22:43558926:A:G
22:43558972:A:G
22:43559137:G:T
22:43560430:A:C
22:43560966:C:T
22:43561385:A:G
22:43561919:A:G
22:43562382:A:G
22:43562434:A:G
22:43563711:A:G
22:43564963:C:G
22:43564978:C:T
22:43565703:C:T
22:43567158:C:CAG
22:43567279:A:C
22:43567545:A:T
22:43568512:C:T
22:43569302:C:T
22:43570463:A:G
22:43570919:A:G
22:43572650:C:T
22:43573389:A:T
22:43573706:A:G
22:43573834:A:C
22:43574090:C:T
22:43574289:A:G
22:43574391:A:G
22:43574517:C:T
22:43574824:C:T
22:43575075:A:G
22:43576474:A:G
22:43576904:A:G
22:43577048:A:C
22:43577214:C:T
22:43577536:C:G
22:43578847:A:C
22:43579832:C:T
22:43580065:C:T
22:43580220:C:T
22:43580960:C:G
22:43582202:C:G
22:43582539:A:G
22:43583825:A:C
22:43584229:G:T
22:43584281:G:T
22:43584631:A:G
22:43585305:C:T
22:43585495:C:G
22:43585499:G:GA
22:43585601:C:T
22:43585924:C:T
22:43587174:C:T
22:43587490:A:C
22:43587743:A:T
22:43587761:T:TA
22:43587956:C:T
22:43588202:C:G
22:43588283:A:T
22:43588293:A:C
22:43589363:A:C
22:43592708:C:G
22:43592711:A:G
22:43593132:C:G
22:43593589:G:T
22:43595087:T:TTGTC
22:43595091:C:T
22:43595630:A:G
22:43596052:A:C
22:43596245:C:T
22:43597075:A:C
22:43597815:A:G
22:43599991:C:T
22:43600337:G:T
22:43600429:C:G
22:43600488:A:G
22:43601962:C:CCA
22:43602685:C:T
22:43604923:C:G
22:43605024:A:G
22:43605769:C:T
22:43606478:T:TG
22:43606576:C:T
22:43606585:A:C
22:43606604:A:G
22:43607040:A:G
22:43607304:C:T
22:43607450:C:T
22:43607504:G:T
22:43607591:C:T
22:43607693:C:T
22:43607733:C:T
22:43607756:C:T
22:43607777:A:C
22:43607813:A:T
22:43607933:A:G
22:43608531:C:T
22:43608673:C:T
22:43608860:A:G
22:43608975:A:G
22:43609197:A:G
22:43609256:A:G
22:43610808:C:T
22:43612426:C:T
22:43612662:C:T
22:43613076:C:T
22:43613433:C:T
22:43613551:A:G
22:43614601:C:T
22:43614643:C:T
22:43614658:G:T
22:43615868:C:T
22:43617039:A:C
22:43619062:C:G
22:43619200:A:G
22:43620619:A:G
22:43621190:A:G
22:43621598:C:T
22:43622234:A:G
22:43622432:T:TG
22:43622819:C:T
22:43624641:C:T
22:43625225:G:T
22:43625910:T:TG
22:43626035:A:G
22:43627155:A:G
22:43627646:A:G
22:43628083:A:G
22:43628550:C:T
22:43629053:C:T
22:43629089:C:G
22:43629383:A:G
22:43629518:A:C
22:43629520:A:G
22:43630917:C:G
22:43631079:A:G
22:43631806:C:T
22:43632100:A:G
22:43632525:C:G
22:43632938:A:G
22:43633512:A:G
22:43633977:A:C
22:43637020:A:G
22:43637078:C:T
22:43637869:C:T
22:43638252:C:T
22:43639138:A:G
22:43639425:C:G
22:43640215:C:T
22:43640512:C:T
22:43641083:C:G
22:43641108:A:G
22:43641287:C:G
22:43641333:A:G
22:43641425:C:T
22:43641458:C:G
22:43641556:A:C
22:43641581:C:G
22:43641737:A:G
22:43642090:A:G
22:43642122:C:G
22:43642153:C:T
22:43642425:C:T
22:43642909:G:T
22:43643287:A:C
22:43644125:C:T
22:43644557:C:G
22:43644977:C:G
22:43645094:C:T
22:43645133:A:G
22:43645280:A:G
22:43645335:C:G
22:43646241:C:T
22:43646534:A:G
22:43646676:A:AG
22:43646709:A:C
22:43646863:A:T
22:43646901:C:T
22:43647954:A:G
22:43649701:C:T
22:43650358:A:G
22:43650439:C:T
22:43650729:C:T
22:43654477:C:T
22:43656702:A:G
22:43656940:C:G
22:43657703:C:T
22:43657778:A:T
22:43658461:A:G
22:43662788:C:T
22:43663734:C:T
22:43664344:C:T
22:43665294:C:T
22:43667458:A:C
22:43667553:C:T
22:43667693:A:C
22:43667935:C:T
22:43668169:A:G
22:43669012:A:G
22:43669785:C:T
22:43669873:C:G
22:43670532:C:T
22:43672001:C:CT
22:43672183:A:G
22:43672629:C:T
22:43672689:A:C
22:43673471:A:C
22:43673800:C:T
22:43674901:A:G
22:43674945:C:T
22:43676233:C:T
22:43677086:A:G
22:43677232:C:T
22:43677235:C:CCCT
22:43677459:C:T
22:43677546:C:T
22:43677595:A:T
22:43679081:C:G
22:43680239:C:T
22:43680929:A:T
22:43680987:C:T
22:43682782:A:AAATG
22:43683017:C:T
22:43683796:C:G
22:43684002:A:G
22:43684130:G:T
22:43684257:G:T
22:43684625:C:T
22:43684833:C:T
22:43685208:A:G
22:43685696:C:T
22:43686154:A:C
22:43687511:G:T
22:43687586:A:G
22:43687678:A:G
22:43689984:C:T
22:43691982:A:G
22:43692750:A:G
22:43693988:C:T
22:43696357:G:GTTTTGA
22:43696688:C:T
22:43698061:C:T
22:43698129:C:T
22:43699978:A:G
22:43700006:C:T
22:43700013:A:G
22:43701218:A:G
22:43703964:G:GA
22:43704081:A:AC
22:43704285:C:G
22:43704364:C:T
22:43705185:C:T
22:43705929:C:T
22:43706773:C:T
22:43706993:C:T
22:43707378:C:G
22:43707393:C:T
22:43707429:C:CT
22:43707860:A:C
22:43708317:A:G
22:43708904:C:T
22:43710608:G:T
22:43711080:C:G
22:43713253:C:G
22:43713668:A:G
22:43714255:C:T
22:43714319:C:G
22:43715288:A:G
22:43715684:G:T
22:43715848:A:G
22:43716641:C:G
22:43718554:G:T
22:43720447:C:G
22:43721296:A:G
22:43721519:A:C
22:43722501:C:T
22:43722625:A:G
22:43723031:C:T
22:43723717:C:T
22:43724279:G:GTC
22:43724281:C:G
22:43724370:C:T
22:43724633:A:G
22:43724686:A:T
22:43726509:G:T
22:43726959:C:G
22:43727154:C:T
22:43728159:C:T
22:43728560:C:T
22:43730300:C:T
22:43731002:A:G
22:43731071:C:G
22:43731557:C:T
22:43733752:A:T
22:43734266:C:T
22:43736392:C:T
22:43737132:C:T
22:43737235:A:G
22:43737284:A:T
22:43737500:A:G
22:43738239:A:ACAGT
22:43738265:A:G
22:43738683:C:T
22:43738923:C:G
22:43739004:A:G
22:43739290:C:T
22:43739504:A:AG
22:43740066:C:T
22:43740581:A:C
22:43741238:C:T
22:43741338:A:T
22:43742510:A:G
22:43743449:G:T
22:43743900:C:G
22:43744499:A:G
22:43744502:A:G
22:43744549:A:G
22:43745031:A:T
22:43745090:C:T
22:43745197:A:C
22:43745603:C:T
22:43745758:C:T
22:43746132:G:T
22:43747271:C:T
22:43747277:C:T
22:43747278:C:T
22:43747657:C:T
22:43747952:C:T
22:43748520:C:G
22:43752423:G:T
22:43754723:C:T
22:43755249:A:G
22:43755354:C:T
22:43755634:C:G
22:43755827:A:G
22:43756369:G:T
22:43757175:C:T
22:43757691:C:T
22:43758329:A:AT
22:43758779:C:T
22:43760031:A:G
22:43761203:A:G
22:43761868:A:G
22:43762255:C:T
22:43762775:G:T
22:43763975:C:T
22:43764943:A:AT
22:43765159:C:T
22:43765164:A:T
22:43765701:A:G
22:43768812:C:G
22:43768842:C:CAAAA
22:43769511:A:G
22:43769529:A:G
22:43769570:C:T
22:43772658:C:T
22:43775134:C:T
22:43776061:C:T
22:43776852:A:G
22:43778182:T:TTTATAAGA
22:43779520:A:G
22:43779867:G:T
22:43780226:C:T
22:43780756:C:T
22:43781001:C:T
22:43781027:C:T
22:43781127:A:G
22:43781128:G:T
22:43781881:C:T
22:43782203:G:GTCTT
22:43782239:C:T
22:43782251:C:G
22:43782937:A:G
22:43783190:C:T
22:43783371:A:G
22:43783726:C:G
22:43783951:C:T
22:43784094:A:T
22:43784102:C:G
22:43784381:C:T
22:43785035:A:G
22:43785168:C:T
22:43785504:A:G
22:43785605:A:C
22:43785611:C:T
22:43786231:A:C
22:43786418:C:T
22:43786553:A:T
22:43787230:C:T
22:43788231:A:G
22:43788936:A:G
22:43789037:C:T
22:43789047:C:CT
22:43789217:A:C
22:43789269:C:G
22:43789279:A:G
22:43791566:G:T
22:43792086:A:C
22:43792394:C:G
22:43793388:C:G
22:43793944:C:T
22:43793952:A:G
22:43793955:C:T
22:43794104:A:T
22:43794359:C:T
22:43796743:A:C
22:43796931:C:T
22:43797045:C:T
22:43797063:A:C
22:43798117:A:T
22:43799007:A:G
22:43799929:A:G
22:43800070:C:T
22:43800799:C:T
22:43800824:A:C
22:43801217:A:G
22:43803414:G:T
22:43803524:G:GT
22:43803887:C:T
22:43806954:G:T
22:43807263:A:G
22:43809399:A:T
22:43810072:A:G
22:43810747:C:T
22:43810984:A:G
22:43811779:A:G
22:43812314:C:G
22:43812831:A:G
22:43813453:C:CT
22:43813892:A:G
22:43813897:A:G
22:43814919:A:G
22:43815425:C:G
22:43815535:C:T
22:43815588:G:GC
22:43816027:A:C
22:43816218:G:T
22:43816253:C:T
22:43816484:C:G
22:43816820:C:T
22:43818115:C:T
22:43818279:C:T
22:43819043:C:T
22:43820286:C:T
22:43820681:G:GT
22:43823014:G:T
22:43824618:G:T
22:43825618:C:G
22:43825784:A:G
22:43825979:C:T
22:43826267:A:G
22:43826750:G:T
22:43826777:A:G
22:43826780:C:T
22:43826783:C:T
22:43826818:A:C
22:43827137:C:G
22:43827170:C:T
22:43828345:A:AAG
22:43828659:C:G
22:43829372:A:ATGAGTGAATGAG
22:43829485:G:GGGATTCTCCCTAGGCCTAGCAA
22:43830353:C:T
22:43830848:C:T
22:43830900:C:T
22:43830910:C:T
22:43830996:C:T
22:43831056:C:T
22:43831373:A:AT
22:43832479:C:G
22:43832593:A:G
22:43832845:C:T
22:43835768:C:T
22:43835942:C:T
22:43836134:A:G
22:43836198:G:T
22:43838083:A:T
22:43840498:A:C
22:43841463:C:CT
22:43841465:G:T
22:43842482:A:G
22:43844885:C:CT
22:43845253:A:G
22:43845599:C:T
22:43845708:A:G
22:43846771:C:G
22:43846924:C:CT
22:43847962:C:G
22:43848036:C:G
22:43848318:C:T
22:43849936:G:T
22:43850623:A:G
22:43851942:C:T
22:43854329:A:G
22:43854941:A:G
22:43854982:A:C
22:43855169:C:T
22:43855473:G:T
22:43856063:A:C
22:43856142:C:CAA
22:43856540:G:T
22:43859225:C:CT
22:43860845:C:T
22:43861011:A:G
22:43862145:G:T
22:43862337:C:G
22:43862974:C:T
22:43865625:A:G
22:43865962:C:CCCAT
22:43866117:C:T
22:43866122:A:G
22:43866242:C:T
22:43866478:A:T
22:43866756:A:G
22:43866931:C:T
22:43867177:C:G
22:43867300:A:G
22:43868315:A:G
22:43869281:G:T
22:43869363:C:T
22:43869607:A:G
22:43869856:A:G
22:43870063:A:G
22:43870482:C:T
22:43871616:T:TGTG
22:43871762:G:GTGA
22:43872243:C:T
22:43872786:C:T
22:43872933:G:T
22:43873671:C:G
22:43874279:C:T
22:43874496:A:AG
22:43874602:C:T
22:43874735:G:T
22:43874737:A:G
22:43875540:C:G
22:43876050:A:G
22:43876153:C:T
22:43876350:C:T
22:43876411:A:G
22:43876541:C:G
22:43877096:C:T
22:43877269:A:G
22:43878346:C:G
22:43879248:A:G
22:43880499:A:G
22:43880506:A:G
22:43881248:A:G
22:43881336:A:G
22:43881816:A:G
22:43882044:G:GC
22:43882873:A:G
22:43883616:C:T
22:43883747:A:G
22:43885006:C:G
22:43885862:A:G
22:43886005:A:G
22:43886032:C:T
22:43886561:A:T
22:43886834:A:G
22:43886876:C:CTG
22:43887645:A:G
22:43888504:C:T
22:43889116:C:T
22:43889842:A:G
22:43889937:A:C
22:43893099:A:G
22:43893811:A:ATG
22:43894121:C:T
22:43894599:C:T
22:43895516:A:AGGT
22:43896107:A:T
22:43896109:A:G
22:43897310:A:G
22:43897508:C:T
22:43897568:A:G
22:43898108:C:T
22:43898650:C:T
22:43904058:A:G
22:43904752:C:G
22:43906077:A:G
22:43906169:C:T
22:43906772:C:T
22:43908169:C:T
22:43913309:A:G
22:43913905:C:T
22:43916531:A:G
22:43916791:A:AT
22:43918457:G:T
22:43918589:G:T
22:43920111:A:G
22:43922542:C:G
22:43922810:A:G
22:43923930:A:G
22:43926364:A:G
22:43927242:C:T
22:43927346:A:T
22:43930825:C:T
22:43931664:C:T
22:43931708:C:T
22:43932421:A:C
22:43933806:C:T
22:43933932:G:GT
22:43933968:G:T
22:43935035:A:AAGCCAG
22:43936219:C:T
22:43936383:C:T
22:43936741:C:T
22:43936857:A:AAATG
22:43937347:A:C
22:43937401:A:G
22:43937438:C:T
22:43937516:A:G
22:43937542:A:G
22:43937760:A:G
22:43937890:C:G
22:43937939:A:G
22:43937946:A:G
22:43938054:A:G
22:43938883:C:G
22:43939139:C:G
22:43939201:C:G
22:43940027:A:T
22:43940365:G:T
22:43940914:A:G
22:43941451:C:T
22:43941674:A:G
22:43943831:C:G
22:43944389:C:T
22:43944523:A:C
22:43944583:C:T
22:43946476:C:T
22:43946640:A:G
22:43946723:C:T
22:43947074:C:T
22:43947103:A:G
22:43947289:A:G
22:43949552:A:G
22:43950283:C:T
22:43951290:C:T
22:43952254:A:G
22:43952776:A:G
22:43953761:A:T
22:43953768:A:G
22:43955316:C:T
22:43955545:C:T
22:43956728:A:G
22:43957005:A:G
22:43958173:A:G
22:43958694:A:G
22:43958853:A:G
22:43959182:A:G
22:43959869:A:G
22:43959928:A:G
22:43960180:C:CA
22:43960363:A:T
22:43961532:C:T
22:43961628:A:C
22:43962321:A:G
22:43962549:C:T
22:43962696:C:T
22:43963329:C:T
22:43964500:A:G
22:43965393:C:G
22:43965439:A:G
22:43965546:C:T
22:43965845:C:T
22:43966487:C:G
22:43966940:C:T
22:43966998:A:G
22:43969830:C:T
22:43970015:G:GA
22:43970057:C:G
22:43970156:C:T
22:43970630:C:T
22:43970733:A:G
22:43970873:A:G
22:43971238:G:GTT
22:43973229:A:G
22:43973706:A:G
22:43973875:A:T
22:43974880:C:G
22:43974966:A:G
22:43975016:C:T
22:43975779:C:T
22:43975786:A:G
22:43976396:A:G
22:43976675:A:G
22:43977285:C:CAAGG
22:43978221:T:TAC
22:43978641:A:G
22:43978963:A:ACT
22:43981546:C:G
22:43981753:A:C
22:43982216:A:G
22:43982418:C:T
22:43982546:C:T
22:43982617:G:T
22:43983762:A:G
22:43984885:C:T
22:43985018:C:T
22:43985576:A:G
22:43986134:C:T
22:43986288:T:TAA
22:43986515:A:G
22:43986781:C:T
22:43986991:G:GT
22:43986999:G:T
22:43987023:A:T
22:43988898:G:T
22:43988946:T:TAA
22:43989165:C:G
22:43989444:C:T
22:43989973:G:T
22:43990174:A:G
22:43990270:A:T
22:43990875:C:T
22:43991163:A:G
22:43991321:A:G
22:43991826:C:T
22:43993607:A:G
22:43993872:A:G
22:43994638:A:T
22:43994875:A:T
22:43995319:A:G
22:43996288:A:C
22:43996350:A:G
22:43997475:A:T
22:43997828:C:T
22:43997981:C:G
22:43998322:A:G
22:43999951:A:C
22:44000083:C:T
22:44001851:A:G
22:44004079:A:G
22:44005202:C:T
22:44006594:A:T
22:44007358:C:T
22:44007377:A:G
22:44008478:C:T
22:44008811:T:TG
22:44010144:A:G
22:44012213:C:T
22:44012475:C:T
22:44013316:C:T
22:44014103:A:G
22:44014234:A:C
22:44014481:G:T
22:44014859:C:T
22:44015291:A:G
22:44015734:A:C
22:44015927:A:G
22:44016347:G:GA
22:44016969:A:ATT
22:44017307:C:T
22:44017318:A:T
22:44017463:C:T
22:44018883:C:T
22:44019011:A:G
22:44019091:A:G
22:44019591:C:T
22:44019592:A:G
22:44019746:A:G
22:44019834:A:G
22:44020176:C:T
22:44022171:A:G
22:44022207:A:G
22:44023695:G:T
22:44024381:A:G
22:44024917:G:T
22:44026125:C:T
22:44026564:A:G
22:44026660:C:T
22:44027094:C:T
22:44027216:C:T
22:44028202:A:G
22:44028320:C:T
22:44029360:C:T
22:44029495:A:T
22:44030358:A:G
22:44031239:A:G
22:44031855:C:T
22:44032937:A:C
22:44033178:C:T
22:44033461:A:G
22:44033480:A:G
22:44033490:A:G
22:44034051:C:T
22:44034349:C:T
22:44034866:C:T
22:44035558:C:T
22:44037549:G:GA
22:44037582:A:G
22:44038518:A:G
22:44039848:C:T
22:44044253:A:T
22:44044386:C:T
22:44044773:C:T
22:44045275:A:G
22:44045728:C:G
22:44045871:A:C
22:44046715:A:G
22:44048160:A:G
22:44050154:C:T
22:44050363:A:G
22:44050364:A:T
22:44050833:T:TC
22:44051400:C:CA
22:44051934:C:G
22:44052076:C:G
22:44052846:A:G
22:44053015:A:C
22:44053066:C:T
22:44053308:T:TA
22:44053981:C:G
22:44054066:C:T
22:44054142:A:G
22:44054817:C:T
22:44055095:C:T
22:44056278:A:G
22:44056370:C:T
22:44056538:C:G
22:44056703:A:G
22:44056983:A:G
22:44057381:A:G
22:44057420:C:G
22:44058648:C:G
22:44058677:C:T
22:44059072:C:T
22:44060396:A:G
22:44060721:C:T
22:44062339:A:G
22:44062415:C:G
22:44062834:C:CA
22:44062938:A:G
22:44063615:C:T
22:44065458:G:T
22:44065526:C:T
22:44065741:A:G
22:44065770:C:T
22:44066547:C:T
22:44066773:A:G
22:44069092:G:GA
22:44069292:C:T
22:44069609:A:G
22:44069981:A:G
22:44070291:A:G
22:44070768:C:T
22:44071094:C:T
22:44071418:G:T
22:44072174:A:G
22:44072361:C:T
22:44072943:A:C
22:44073363:C:T
22:44074183:C:T
22:44074699:C:T
22:44074710:C:T
22:44076134:G:T
22:44076363:G:GA
22:44076415:A:G
22:44076455:A:G
22:44078507:A:C
22:44078872:C:T
22:44079438:A:T
22:44079645:C:T
22:44079680:A:G
22:44081426:A:G
22:44081430:A:G
22:44082490:G:GC
22:44082808:A:T
22:44083442:C:T
22:44084244:C:T
22:44085229:G:GCA
22:44086037:A:T
22:44086397:G:GA
22:44086523:A:C
22:44087274:A:G
22:44087990:C:CAAA
22:44089267:C:T
22:44090003:C:T
22:44091095:A:C
22:44091835:G:T
22:44091898:A:G
22:44092109:A:T
22:44092196:A:G
22:44094954:A:ATG
22:44095137:G:T
22:44095662:A:T
22:44096063:A:G
22:44096192:A:ATC
22:44097341:A:G
22:44097373:C:T
22:44099375:A:G
22:44099459:G:GAATA
22:44100191:C:T
22:44100329:C:T
22:44100712:G:GA
22:44101411:C:T
22:44102016:A:G
22:44102036:C:T
22:44102400:A:T
22:44102659:C:T
22:44103969:T:TAA
22:44104167:A:T
22:44104656:A:AG
22:44104822:A:G
22:44104991:G:T
22:44105776:G:T
22:44106461:C:T
22:44107006:T:TAACTC
22:44107968:C:G
22:44107997:C:T
22:44108077:A:G
22:44108218:A:AT
22:44108595:G:T
22:44108669:C:CT
22:44109072:C:T
22:44110098:A:G
22:44110479:C:T
22:44110516:A:G
22:44111066:A:T
22:44111111:A:G
22:44111240:A:T
22:44112400:A:T
22:44112845:C:T
22:44113813:A:G
22:44113943:C:CCCATCCAT
22:44114342:C:T
22:44116049:G:GA
22:44116164:A:G
22:44116662:C:T
22:44116810:C:G
22:44117134:C:T
22:44117142:C:T
22:44117181:C:T
22:44117221:G:T
22:44117821:C:G
22:44118078:C:T
22:44118243:T:TA
22:44118772:A:T
22:44118787:A:C
22:44119875:C:T
22:44119998:A:G
22:44120121:C:T
22:44120842:C:G
22:44121108:A:G
22:44121327:A:G
22:44121399:A:G
22:44123274:C:T
22:44123517:C:T
22:44124509:A:G
22:44125037:C:T
22:44125830:A:C
22:44126090:A:G
22:44127473:A:G
22:44129110:A:G
22:44129789:A:G
22:44131786:C:T
22:44132114:C:G
22:44132461:A:G
22:44132502:G:T
22:44133054:A:G
22:44133427:A:G
22:44133691:T:TCACA
22:44134260:T:TCA
22:44137349:C:T
22:44137451:C:G
22:44137717:A:G
22:44139585:C:T
22:44139713:A:C
22:44139795:G:GATGA
22:44140774:G:T
22:44140963:C:T
22:44141273:C:T
22:44142288:A:G
22:44143232:C:T
22:44143955:C:T
22:44145416:G:T
22:44146298:A:G
22:44146918:C:T
22:44147470:A:G
22:44147497:A:G
22:44147585:C:T
22:44147931:C:G
22:44147933:A:G
22:44148351:C:T
22:44148575:C:T
22:44148975:A:G
22:44149397:A:G
22:44152874:A:T
22:44153362:A:G
22:44153565:G:T
22:44155333:A:T
22:44155735:C:T
22:44156436:A:G
22:44156689:C:T
22:44156941:A:G
22:44157064:A:T
22:44157237:C:T
22:44157781:C:T
22:44158490:A:G
22:44159120:C:T
22:44159597:C:T
22:44159605:C:T
22:44159960:T:TAAG
22:44161976:C:T
22:44163537:C:T
22:44163705:T:TC
22:44164413:A:C
22:44165351:A:G
22:44165611:A:G
22:44165736:A:AT
22:44166037:A:T
22:44166808:G:GA
22:44167323:A:T
22:44167588:C:T
22:44167981:A:G
22:44168521:C:CA
22:44169695:A:C
22:44170477:C:T
22:44170523:A:G
22:44170865:A:G
22:44170918:C:G
22:44171204:C:T
22:44172229:C:G
22:44172557:A:G
22:44173322:A:G
22:44174770:C:CT
22:44176028:C:T
22:44177826:C:T
22:44178103:C:T
22:44178710:C:G
22:44178720:A:C
22:44178721:C:T
22:44178821:T:TC
22:44179105:C:T
22:44180165:C:T
22:44180478:T:TAC
22:44180489:A:ATG
22:44180531:A:ATG
22:44180613:C:T
22:44181258:C:T
22:44181298:C:CA
22:44181482:A:AG
22:44182482:A:G
22:44182580:C:T
22:44182912:C:T
22:44183102:A:G
22:44183172:A:C
22:44183173:A:T
22:44183721:A:G
22:44183913:A:C
22:44185444:C:T
22:44186449:A:G
22:44187067:A:G
22:44187687:A:C
22:44188320:A:C
22:44188721:C:T
22:44188796:A:G
22:44189373:C:T
22:44189586:A:ACTGTAGCCTAGAGAAATTCAGC
22:44189915:A:T
22:44190181:A:T
22:44190578:G:T
22:44190921:A:G
22:44191523:A:G
22:44191655:A:G
22:44192018:A:G
22:44192147:C:T
22:44192596:G:T
22:44192787:A:G
22:44193117:C:T
22:44193315:C:G
22:44193581:C:T
22:44193817:A:G
22:44194393:C:T
22:44194954:A:G
22:44195209:C:CCACA
22:44195363:C:T
22:44195654:C:T
22:44195967:A:C
22:44196237:A:T
22:44197052:A:C
22:44197886:A:G
22:44198015:C:T
22:44198410:C:CA
22:44200464:C:T
22:44200555:G:T
22:44200635:C:T
22:44200638:C:CAA
22:44201534:C:T
22:44201623:C:G
22:44201961:A:G
22:44202065:G:GA
22:44202293:C:T
22:44202370:C:T
22:44203745:C:T
22:44204149:C:T
22:44205335:A:G
22:44205865:A:G
22:44205880:A:G
22:44208612:A:G
22:44209068:A:G
22:44209125:C:T
22:44209197:C:CTG
22:44209288:G:T
22:44210519:C:CT
22:44210898:C:T
22:44211018:A:C
22:44211061:C:T
22:44211659:A:T
22:44211674:T:TTTTG
22:44212038:A:G
22:44212454:G:T
22:44212543:A:G
22:44214502:G:T
22:44214973:G:T
22:44215053:A:G
22:44215421:C:G
22:44215662:C:T
22:44215941:C:G
22:44216801:C:T
22:44217298:A:G
22:44217693:C:T
22:44218182:C:T
22:44219108:A:G
22:44219944:A:C
22:44220291:C:T
22:44220673:A:C
22:44220864:C:G
22:44221247:A:G
22:44222345:C:T
22:44222416:A:G
22:44222439:C:T
22:44222807:A:C
22:44222840:A:G
22:44224856:C:G
22:44225644:A:G
22:44225846:A:T
22:44225873:A:C
22:44226987:A:C
22:44227348:C:T
22:44227786:G:GAC
22:44228580:C:T
22:44229492:C:G
22:44229508:A:G
22:44230143:G:T
22:44230291:C:T
22:44230330:C:T
22:44230931:C:T
22:44232016:C:T
22:44232053:C:G
22:44232515:G:T
22:44233044:G:T
22:44234039:A:G
22:44234933:C:T
22:44236039:A:G
22:44236441:A:G
22:44236816:C:G
22:44236864:C:T
22:44236982:A:G
22:44237402:A:C
22:44238521:A:C
22:44239196:A:G
22:44239499:C:T
22:44239750:G:T
22:44240162:C:T
22:44240685:C:T
22:44241276:C:T
22:44241285:C:T
22:44241401:A:G
22:44241430:C:CT
22:44241442:A:G
22:44241526:G:T
22:44241573:C:T
22:44242067:C:T
22:44242102:C:T
22:44243774:C:G
22:44244106:A:G
22:44244621:A:G
22:44244986:C:T
22:44245081:C:T
22:44245179:G:T
22:44245271:A:G
22:44246132:C:T
22:44246740:C:T
22:44246757:A:C
22:44247780:A:C
22:44248231:G:T
22:44248504:A:G
22:44248627:C:G
22:44249269:A:G
22:44249855:A:AG
22:44250067:C:T
22:44251648:C:T
22:44251675:G:GC
22:44251852:C:T
22:44251970:A:C
22:44252825:C:T
22:44253089:C:T
22:44253668:A:G
22:44253883:A:T
22:44253964:A:C
22:44255222:C:T
22:44255332:C:T
22:44256308:C:G
22:44257056:A:G
22:44257244:C:T
22:44257427:A:G
22:44257833:C:T
22:44257971:A:G
22:44258003:A:G
22:44258014:C:G
22:44258036:C:G
22:44258507:C:T
22:44258659:A:G
22:44259075:A:C
22:44259641:C:G
22:44259781:A:G
22:44260172:A:G
22:44260406:C:T
22:44260606:C:T
22:44260895:C:G
22:44261155:C:T
22:44261581:C:T
22:44261849:C:T
22:44262227:A:G
22:44263212:A:C
22:44263820:C:G
22:44263840:A:C
22:44263852:C:CT
22:44264502:A:G
22:44265460:C:T
22:44265475:A:T
22:44266064:C:G
22:44266442:C:T
22:44266821:A:G
22:44266999:C:G
22:44267336:C:T
22:44268508:A:T
22:44269104:A:G
22:44269290:C:T
22:44270592:C:G
22:44272236:C:G
22:44272285:G:T
22:44272450:C:T
22:44274202:C:T
22:44274728:G:T
22:44274814:A:G
22:44275189:A:C
22:44275459:A:G
22:44276105:C:T
22:44276171:G:T
22:44276425:C:CAT
22:44276544:A:G
22:44277406:C:T
22:44278398:A:C
22:44278480:C:G
22:44278752:A:G
22:44279698:A:AAAAG
22:44280882:C:T
22:44281144:A:C
22:44281708:G:T
22:44282693:C:T
22:44282956:C:G
22:44284815:A:G
22:44284954:A:G
22:44285069:A:G
22:44285428:A:G
22:44285667:A:G
22:44286095:G:T
22:44286316:C:T
22:44286531:C:T
22:44287062:A:G
22:44288306:C:G
22:44288984:A:G
22:44288990:G:T
22:44289262:A:G
22:44289343:C:T
22:44289659:A:G
22:44289672:G:T
22:44289823:A:G
22:44290198:C:G
22:44290275:G:T
22:44290412:A:G
22:44290480:C:T
22:44290483:A:T
22:44290504:A:G
22:44290697:A:G
22:44290856:C:T
22:44290872:A:G
22:44290958:C:G
22:44291020:C:T
22:44291085:C:CA
22:44291100:A:G
22:44291658:C:T
22:44292088:G:T
22:44292448:C:T
22:44292971:C:T
22:44292978:C:T
22:44293068:A:G
22:44293320:G:T
22:44293322:C:T
22:44295360:C:T
22:44295805:A:G
22:44296050:C:T
22:44296254:A:T
22:44296367:A:G
22:44296372:C:T
22:44296774:A:G
22:44297142:C:G
22:44297277:G:T
22:44297553:C:T
22:44297565:G:T
22:44297686:A:T
22:44298183:T:TGGTC
22:44298188:T:TCAAGGGG
22:44298257:C:T
22:44298339:A:G
22:44298499:A:G
22:44298590:C:T
22:44298838:A:G
22:44298894:A:G
22:44298992:A:G
22:44299685:C:T
22:44300058:C:G
22:44300299:C:T
22:44300367:G:T
22:44300482:C:T
22:44300640:C:T
22:44300717:C:G
22:44300847:A:G
22:44301176:A:G
22:44301263:C:T
22:44302347:A:G
22:44302586:C:T
22:44302788:A:G
22:44303489:A:G
22:44303767:G:T
22:44303957:A:G
22:44304316:A:G
22:44304419:G:T
22:44305615:C:T
22:44306271:C:G
22:44307535:C:T
22:44309762:T:TA
22:44311590:A:G
22:44313235:C:T
22:44313508:A:G
22:44313849:A:G
22:44314257:A:G
22:44314284:C:T
22:44314525:C:T
22:44314583:A:G
22:44314603:A:G
22:44314617:A:G
22:44314919:C:T
22:44314949:A:G
22:44315233:G:T
22:44316389:A:G
22:44316516:T:TA
22:44317084:A:G
22:44317416:A:T
22:44323597:C:T
22:44323965:A:G
22:44324104:C:T
22:44324181:A:G
22:44324605:<INS:ME:LINE1>:C
22:44324676:A:G
22:44325748:A:G
22:44325855:A:C
22:44327012:A:C
22:44327981:C:G
22:44328043:C:T
22:44329197:A:G
22:44330274:A:G
22:44331060:C:G
22:44331711:A:G
22:44335670:T:TGG
22:44336957:A:G
22:44337028:C:CA
22:44340904:C:T
22:44341398:A:C
22:44341986:C:T
22:44342116:A:G
22:44342325:C:T
22:44343009:A:T
22:44343239:C:CAA
22:44345926:C:T
22:44345952:A:AAAAAAAT
22:44346079:A:G
22:44346128:C:T
22:44346639:G:T
22:44346965:A:G
22:44347137:C:G
22:44347250:C:T
22:44347251:A:G
22:44347355:C:G
22:44347433:G:T
22:44348116:A:G
22:44348446:G:T
22:44348803:A:T
22:44349215:C:T
22:44349236:C:T
22:44350417:C:G
22:44351351:C:T
22:44354111:C:T
22:44354356:C:CTT
22:44354398:A:G
22:44354865:A:G
22:44355230:A:G
22:44355569:C:T
22:44356349:C:G
22:44356468:A:G
22:44356480:G:T
22:44356566:A:G
22:44357894:G:T
22:44357900:A:G
22:44358761:A:ATTTTTTTTTTTTTTTTT
22:44358812:A:G
22:44359715:C:T
22:44360007:A:G
22:44360010:A:C
22:44361497:A:C
22:44361609:A:AT
22:44361842:C:T
22:44362532:A:G
22:44362815:C:T
22:44363619:T:TC
22:44363939:A:T
22:44364594:C:T
22:44364794:C:T
22:44365232:C:G
22:44365742:A:G
22:44366809:A:G
22:44367249:C:T
22:44368039:C:T
22:44368122:A:G
22:44368204:A:G
22:44368741:C:T
22:44369329:C:T
22:44369429:C:T
22:44369904:C:CT
22:44370175:C:T
22:44370336:G:T
22:44370337:C:T
22:44370615:C:T
22:44371243:A:G
22:44371312:A:G
22:44371406:A:G
22:44372069:A:G
22:44372190:C:T
22:44372331:C:T
22:44372632:C:T
22:44373579:A:G
22:44374195:G:T
22:44374267:A:G
22:44374312:C:CAAAAA
22:44374584:A:T
22:44375244:C:T
22:44375247:A:C
22:44375275:A:C
22:44375438:C:T
22:44375507:C:T
22:44375970:A:G
22:44376335:C:T
22:44377442:A:G
22:44377557:A:C
22:44377999:C:T
22:44378672:A:C
22:44378809:C:T
22:44379565:C:G
22:44379740:A:C
22:44379838:A:G
22:44380009:A:G
22:44380033:C:T
22:44380170:G:GCTTC
22:44380767:C:T
22:44381340:C:T
22:44381482:C:T
22:44381545:C:T
22:44382004:A:C
22:44382247:A:C
22:44382533:C:T
22:44382684:C:T
22:44382853:A:G
22:44383400:C:T
22:44383432:C:G
22:44383617:C:G
22:44383778:G:GTATA
22:44384279:C:G
22:44384881:C:G
22:44385594:A:G
22:44385679:C:CTGTT
22:44386281:C:T
22:44387108:A:G
22:44387932:C:CTA
22:44387996:C:G
22:44388337:A:G
22:44388417:A:G
22:44388817:C:T
22:44389392:A:G
22:44389514:C:T
22:44390048:A:G
22:44390236:C:T
22:44390366:A:G
22:44390547:A:G
22:44390568:C:T
22:44391025:C:T
22:44391234:A:G
22:44391686:A:G
22:44392658:C:T
22:44392731:C:T
22:44393075:C:T
22:44393093:C:T
22:44393241:C:T
22:44394019:A:T
22:44394402:C:T
22:44395389:A:C
22:44395451:C:T
22:44395725:A:AAAC
22:44397887:G:GTTTCCCTCC
22:44398524:A:G
22:44399761:A:G
22:44400698:A:G
22:44401022:C:T
22:44401124:C:T
22:44401232:A:G
22:44401871:C:T
22:44401967:C:T
22:44402167:T:TA
22:44402169:C:T
22:44402305:A:G
22:44402641:C:T
22:44404484:A:G
22:44404522:A:G
22:44405614:A:C
22:44407326:C:T
22:44407402:A:C
22:44407599:C:T
22:44408241:C:T
22:44408627:C:CT
22:44408774:C:CT
22:44408935:C:G
22:44409367:A:G
22:44410173:A:G
22:44412227:C:T
22:44412228:A:G
22:44419010:C:G
22:44419039:C:T
22:44419185:G:T
22:44419427:C:T
22:44419442:C:T
22:44420015:C:G
22:44420897:C:T
22:44422333:C:T
22:44422567:C:G
22:44422638:C:T
22:44422912:C:T
22:44422945:C:T
22:44422964:G:T
22:44423098:C:T
22:44423396:A:G
22:44423923:C:G
22:44424108:C:T
22:44424191:G:T
22:44424192:G:T
22:44424649:C:T
22:44424829:A:G
22:44425678:G:T
22:44425761:C:G
22:44426044:C:T
22:44426644:A:AG
22:44426745:C:T
22:44426847:G:T
22:44427251:C:T
22:44427564:C:T
22:44427612:C:T
22:44427696:A:G
22:44427967:A:G
22:44428015:A:G
22:44428047:A:G
22:44428546:C:T
22:44428547:A:G
22:44429604:G:T
22:44429762:C:T
22:44430553:C:CTGACCCCCA
22:44430730:A:G
22:44430859:C:G
22:44430914:A:G
22:44431410:C:T
22:44431527:A:G
22:44431737:A:T
22:44432366:A:T
22:44432693:A:T
22:44433129:C:T
22:44433817:T:TCCAGC
22:44434012:C:G
22:44434674:A:C
22:44434950:A:G
22:44435251:C:T
22:44435430:A:G
22:44435552:A:G
22:44436184:T:TA
22:44438842:A:C
22:44441152:A:C
22:44442441:C:T
22:44445659:C:T
22:44445727:A:C
22:44447046:A:G
22:44447486:A:G
22:44448338:A:G
22:44448402:A:G
22:44448694:G:T
22:44448755:C:T
22:44449310:C:G
22:44451445:C:T
22:44451613:C:T
22:44451823:C:T
22:44451931:A:G
22:44452019:C:G
22:44453028:C:T
22:44454166:A:G
22:44454642:C:G
22:44454738:A:G
22:44455173:A:C
22:44455473:A:G
22:44455868:C:G
22:44456017:A:C
22:44456692:C:T
22:44456897:A:T
22:44456998:C:T
22:44457259:C:T
22:44457311:A:AAAAAC
22:44457982:C:T
22:44458106:A:C
22:44458120:C:G
22:44458334:A:G
22:44458520:A:C
22:44458837:G:T
22:44459111:C:CT
22:44459445:A:G
22:44459518:C:G
22:44459609:A:G
22:44459995:C:T
22:44460017:A:G
22:44460147:A:G
22:44460289:A:G
22:44461952:C:G
22:44462540:A:C
22:44464387:C:T
22:44465036:C:T
22:44465304:A:T
22:44465535:A:G
22:44466550:A:G
22:44466687:A:G
22:44466935:G:T
22:44467676:C:T
22:44467763:A:G
22:44467899:C:T
22:44468285:G:GAC
22:44468474:C:T
22:44470036:A:G
22:44470640:A:G
22:44470930:C:G
22:44475243:C:G
22:44476235:C:T
22:44480397:C:T
22:44480524:C:G
22:44482941:A:T
22:44483210:A:G
22:44483881:C:G
22:44484199:C:T
22:44488796:A:G
22:44488973:C:G
22:44489896:C:T
22:44489942:C:T
22:44490232:A:G
22:44490238:C:T
22:44490284:A:G
22:44490285:C:G
22:44490765:C:G
22:44491115:A:G
22:44491116:C:T
22:44491127:A:G
22:44491451:A:G
22:44491577:C:T
22:44491632:A:G
22:44491776:A:G
22:44491823:A:G
22:44491827:C:G
22:44491901:C:T
22:44491908:A:G
22:44492009:G:T
22:44492170:A:G
22:44492256:C:T
22:44492258:A:G
22:44492562:C:T
22:44492659:C:T
22:44492675:A:G
22:44492679:C:T
22:44492790:A:T
22:44492856:A:G
22:44492869:C:T
22:44492872:A:G
22:44493101:C:T
22:44493316:A:G
22:44493321:C:T
22:44493823:A:G
22:44493884:C:CAG
22:44493913:C:T
22:44494317:A:G
22:44496405:A:C
22:44496986:A:G
22:44497268:A:C
22:44498024:A:G
22:44498134:C:T
22:44498163:C:G
22:44502685:T:TA
22:44503197:A:T
22:44503482:G:T
22:44503633:A:C
22:44503719:C:T
22:44503911:A:G
22:44504273:C:G
22:44504802:A:G
22:44504928:A:T
22:44504958:G:GT
22:44505281:A:T
22:44505778:C:G
22:44505865:C:T
22:44506536:C:G
22:44507510:A:T
22:44507872:A:G
22:44508200:G:T
22:44508971:A:G
22:44509296:A:G
22:44509684:C:T
22:44509817:C:G
22:44509842:C:T
22:44509843:A:G
22:44509887:C:G
22:44509903:A:G
22:44510631:G:T
22:44510881:A:G
22:44510883:A:T
22:44510976:A:G
22:44511028:C:T
22:44511122:A:G
22:44511125:C:G
22:44511149:C:G
22:44511478:C:T
22:44511893:C:T
22:44511930:C:T
22:44512099:C:G
22:44512124:A:G
22:44512474:C:T
22:44512622:C:T
22:44512633:C:G
22:44512684:C:T
22:44512795:A:G
22:44512808:C:T
22:44512848:C:T
22:44513004:C:T
22:44513291:A:G
22:44513372:G:T
22:44513473:C:T
22:44513658:C:T
22:44513713:T:TG
22:44513829:A:G
22:44514242:A:G
22:44514257:C:T
22:44514267:A:G
22:44514303:A:G
22:44514315:A:G
22:44514809:C:T
22:44515806:C:G
22:44517265:A:C
22:44517438:A:T
22:44517438:T:TA
22:44517889:C:T
22:44519414:C:T
22:44519892:C:T
22:44521036:G:T
22:44521125:A:T
22:44521176:C:CAA
22:44521438:C:T
22:44521886:C:G
22:44522312:C:T
22:44522741:A:G
22:44523900:C:T
22:44524197:A:C
22:44524314:C:T
22:44525091:A:G
22:44525214:A:G
22:44525634:C:T
22:44525798:C:G
22:44526130:A:G
22:44526267:C:T
22:44527075:A:G
22:44527227:G:T
22:44530079:A:G
22:44530201:C:T
22:44530286:A:G
22:44530420:C:T
22:44530844:A:C
22:44531223:C:T
22:44531337:C:T
22:44534887:A:T
22:44535208:C:T
22:44535578:A:G
22:44537135:C:G
22:44537905:C:T
22:44538162:G:T
22:44538252:C:T
22:44538300:C:G
22:44539293:C:T
22:44539902:A:G
22:44540391:A:G
22:44540816:G:GC
22:44540969:C:T
22:44540972:A:G
22:44541189:C:T
22:44541350:A:C
22:44541359:C:G
22:44541404:A:G
22:44541783:C:CT
22:44542105:G:GAC
22:44542173:T:TCA
22:44542317:C:T
22:44542383:A:G
22:44542873:A:G
22:44543005:C:T
22:44543336:A:G
22:44543436:G:T
22:44543993:C:G
22:44545356:C:T
22:44545741:C:CAT
22:44545762:A:G
22:44545802:A:G
22:44545961:C:T
22:44546825:C:T
22:44546891:A:G
22:44546909:C:CA
22:44547711:C:T
22:44548090:C:T
22:44549620:G:T
22:44549653:G:T
22:44550084:A:AT
22:44550395:C:T
22:44550414:G:GGTGT
22:44550542:C:CTGTGTGG
22:44550582:G:GGT
22:44550915:G:GGTGT
22:44551153:C:T
22:44551180:A:C
22:44551755:A:G
22:44551787:C:G
22:44553006:A:C
22:44553011:C:T
22:44553186:C:T
22:44554577:C:G
22:44554779:A:G
22:44554952:A:C
22:44555028:A:G
22:44555610:A:G
22:44555712:A:T
22:44556101:C:G
22:44557025:A:G
22:44557169:C:T
22:44557295:A:G
22:44557355:A:G
22:44558227:A:AGTGTTGCTCTGTCACCCAGGCT
22:44558399:A:AC
22:44558493:C:G
22:44558718:A:G
22:44558811:C:T
22:44559335:A:G
22:44559492:C:T
22:44559645:C:T
22:44559842:A:G
22:44560133:A:T
22:44560573:C:T
22:44560873:C:T
22:44561016:C:T
22:44561418:A:G
22:44562261:A:G
22:44562349:A:G
22:44562729:A:G
22:44562838:G:T
22:44563539:A:G
22:44563563:T:TGACAGAGCCCCGGGTGTGTCCC
22:44564297:A:C
22:44564402:A:G
22:44565209:A:C
22:44565442:A:G
22:44565592:A:G
22:44566207:A:G
22:44566434:A:G
22:44566563:A:C
22:44566564:C:CT
22:44566985:C:T
22:44567236:A:C
22:44567435:A:G
22:44568078:A:G
22:44569142:A:G
22:44569216:A:G
22:44569346:A:G
22:44569390:A:G
22:44569414:A:C
22:44569722:C:T
22:44569723:A:G
22:44569980:A:G
22:44570106:A:G
22:44571555:C:T
22:44571565:G:T
22:44571672:A:G
22:44571828:C:T
22:44572210:G:T
22:44572281:A:G
22:44572578:A:G
22:44572793:C:G
22:44572811:A:T
22:44572815:A:G
22:44572833:A:C
22:44573032:C:G
22:44573652:A:G
22:44573661:A:G
22:44573755:A:G
22:44574404:A:G
22:44574973:A:T
22:44575007:G:GA
22:44575138:C:G
22:44575578:C:G
22:44575868:A:G
22:44576085:A:G
22:44579695:A:G
22:44579831:C:T
22:44580261:C:T
22:44580470:C:T
22:44580787:A:G
22:44580788:A:T
22:44580936:A:G
22:44581403:A:G
22:44581549:A:G
22:44582136:A:G
22:44582264:A:G
22:44582499:C:T
22:44582820:G:T
22:44583246:A:C
22:44584158:C:T
22:44584857:C:G
22:44585521:A:G
22:44585529:G:T
22:44585958:A:C
22:44586522:C:T
22:44586805:A:G
22:44588459:C:T
22:44588796:G:T
22:44589008:C:T
22:44589101:C:CA
22:44590612:A:C
22:44590726:C:T
22:44590992:A:G
22:44593488:C:G
22:44593624:C:T
22:44594033:A:T
22:44594135:A:G
22:44594209:G:T
22:44594584:C:G
22:44594739:T:TATCC
22:44594801:C:T
22:44594992:A:T
22:44595239:A:G
22:44595439:C:T
22:44595562:A:C
22:44595839:C:T
22:44596085:A:C
22:44596207:A:G
22:44596743:A:C
22:44597422:C:T
22:44597596:A:G
22:44597747:C:T
22:44597929:A:G
22:44598088:A:G
22:44598606:C:T
22:44598692:A:G
22:44599123:C:T
22:44599258:A:C
22:44599260:A:G
22:44599452:C:T
22:44599531:A:G
22:44599653:A:G
22:44599656:A:G
22:44599736:C:G
22:44599781:A:G
22:44599922:A:G
22:44600135:A:C
22:44600172:A:G
22:44600175:C:T
22:44600500:C:T
22:44600633:C:G
22:44600826:C:T
22:44600954:C:T
22:44600995:A:C
22:44602001:G:T
22:44602172:C:T
22:44602229:A:C
22:44602549:A:C
22:44603357:C:T
22:44603582:A:G
22:44603684:C:T
22:44603870:C:T
22:44604853:A:AT
22:44605230:A:G
22:44605336:C:G
22:44605407:A:G
22:44605522:C:T
22:44605799:A:G
22:44606259:A:G
22:44606734:A:ATT
22:44606772:C:T
22:44606842:A:G
22:44607344:A:T
22:44607436:A:G
22:44607514:A:C
22:44607655:C:T
22:44608457:A:C
22:44608612:A:G
22:44609159:A:G
22:44609303:A:C
22:44609369:C:T
22:44609398:C:T
22:44609440:A:G
22:44609610:A:C
22:44609647:A:G
22:44609717:A:G
22:44610112:C:T
22:44610726:A:C
22:44610981:A:G
22:44611050:G:T
22:44611222:A:G
22:44611250:C:G
22:44611298:C:T
22:44611786:A:AT
22:44611908:C:T
22:44611929:A:G
22:44612761:C:T
22:44613103:C:T
22:44613510:C:T
22:44613863:C:T
22:44613973:G:T
22:44614062:G:T
22:44614313:A:C
22:44614314:C:T
22:44614353:C:T
22:44614363:A:C
22:44614653:G:T
22:44615433:A:G
22:44616195:A:G
22:44616218:C:G
22:44616547:T:TA
22:44616842:A:G
22:44617257:A:G
22:44617354:G:GT
22:44617388:C:G
22:44617402:A:G
22:44617455:A:C
22:44617525:C:T
22:44617562:A:G
22:44617643:C:T
22:44617689:C:T
22:44617700:A:G
22:44617796:C:T
22:44617864:A:G
22:44618362:C:T
22:44618382:A:G
22:44618602:C:G
22:44618606:A:G
22:44618704:C:T
22:44618835:A:G
22:44618954:T:TTG
22:44618966:T:TG
22:44618969:G:T
22:44618970:T:TG
22:44618979:G:T
22:44618983:G:T
22:44619079:G:T
22:44619335:G:T
22:44619577:C:G
22:44619591:C:T
22:44619700:A:G
22:44619786:A:G
22:44620584:A:G
22:44620593:C:G
22:44620745:A:G
22:44620792:T:TG
22:44620793:C:T
22:44620819:G:T
22:44620858:C:T
22:44621083:C:T
22:44621182:G:T
22:44621708:C:T
22:44621766:C:G
22:44622444:A:G
22:44622986:C:T
22:44623369:A:G
22:44623509:C:T
22:44623824:C:T
22:44623863:A:G
22:44623865:A:G
22:44623871:C:T
22:44624005:C:CAG
22:44624060:C:T
22:44624247:A:G
22:44624502:A:G
22:44624685:C:G
22:44624734:C:T
22:44625218:C:T
22:44625259:C:T
22:44625419:G:T
22:44625466:A:G
22:44625498:C:T
22:44625708:A:T
22:44625800:A:G
22:44626164:A:G
22:44626302:A:C
22:44626311:A:G
22:44626331:C:T
22:44626567:C:T
22:44626611:T:TTTTTTTTTTC
22:44626696:A:G
22:44626759:A:G
22:44627599:A:G
22:44627793:C:G
22:44628068:A:G
22:44628336:G:T
22:44628396:G:GT
22:44628526:C:T
22:44629479:G:T
22:44629679:A:T
22:44629809:A:G
22:44629914:C:T
22:44629998:A:G
22:44630677:C:T
22:44631134:A:T
22:44631164:C:T
22:44631512:A:AATAG
22:44631922:A:T
22:44632489:G:T
22:44632810:C:G
22:44633630:C:T
22:44634138:A:G
22:44634211:G:T
22:44634619:A:G
22:44635214:A:AAC
22:44635214:A:C
22:44635286:A:G
22:44635388:A:C
22:44635829:A:T
22:44636768:A:G
22:44637421:A:G
22:44637495:G:T
22:44637684:A:G
22:44637711:A:AT
22:44637950:C:G
22:44637993:A:G
22:44638257:G:GTTTT
22:44638701:A:G
22:44638709:C:G
22:44638891:C:T
22:44638980:A:G
22:44639900:C:T
22:44640134:A:C
22:44640472:A:G
22:44640608:A:G
22:44640683:C:T
22:44640801:A:G
22:44641052:A:G
22:44641315:C:T
22:44641586:A:G
22:44642581:C:CTGTTCTCACCT
22:44642723:A:G
22:44643329:A:G
22:44643624:A:G
22:44643871:C:T
22:44645332:A:G
22:44645692:C:T
22:44645693:A:G
22:44645731:A:T
22:44645984:A:G
22:44646028:A:G
22:44646105:A:G
22:44646119:C:T
22:44646309:A:G
22:44647058:A:G
22:44647223:G:T
22:44647420:A:G
22:44647459:C:T
22:44647816:T:TTATGC
22:44647921:A:G
22:44647981:A:G
22:44648093:G:T
22:44648160:A:AAAT
22:44648320:G:T
22:44648469:G:GC
22:44648532:C:CACAA
22:44648800:C:T
22:44648923:C:G
22:44649116:A:C
22:44649237:A:T
22:44649378:A:G
22:44649413:A:T
22:44649541:C:T
22:44649546:C:T
22:44649665:C:T
22:44649787:A:C
22:44649830:C:T
22:44650173:A:G
22:44650395:C:T
22:44650585:T:TGAGGAATCTAATGAAGCAGGAG
22:44650726:C:T
22:44650926:C:T
22:44651571:G:T
22:44652157:C:T
22:44652886:C:T
22:44653371:C:CT
22:44654076:C:T
22:44654149:C:T
22:44654188:A:AAAAC
22:44654963:A:T
22:44655089:C:T
22:44655095:A:G
22:44655353:T:TAA
22:44656489:A:G
22:44656581:C:T
22:44656693:C:T
22:44656751:C:T
22:44656768:C:T
22:44656957:T:TTA
22:44656980:C:T
22:44657033:A:T
22:44657034:A:T
22:44657106:T:TAAC
22:44657217:C:T
22:44657401:A:G
22:44657488:A:G
22:44657612:A:G
22:44657628:C:T
22:44657735:C:T
22:44658268:C:T
22:44661850:A:C
22:44662621:C:T
22:44664311:A:G
22:44664448:C:T
22:44665265:A:C
22:44665408:T:TAC
22:44665659:C:G
22:44666892:A:G
22:44667857:A:G
22:44669981:C:G
22:44670216:A:G
22:44671301:A:G
22:44673329:C:CAAACA
22:44674031:C:T
22:44674042:C:T
22:44674272:A:G
22:44674481:C:T
22:44674648:C:T
22:44674968:A:C
22:44676620:G:GC
22:44676852:G:T
22:44677429:G:T
22:44677647:A:G
22:44677783:A:C
22:44678726:A:G
22:44678727:C:T
22:44678917:C:G
22:44678933:C:T
22:44679762:A:G
22:44680625:C:G
22:44681612:A:G
22:44681832:A:G
22:44682951:T:TG
22:44683233:A:G
22:44683894:T:TGGCTGGGCCACA
22:44684039:A:G
22:44684376:A:C
22:44684979:A:G
22:44685113:G:T
22:44685376:G:T
22:44685618:A:G
22:44686409:C:CA
22:44688649:C:T
22:44688911:G:GGC
22:44689237:A:G
22:44689290:C:T
22:44689355:A:C
22:44691161:A:G
22:44691169:A:T
22:44691399:G:GA
22:44691640:A:G
22:44692119:A:AC
22:44699404:A:T
22:44699432:A:G
22:44699433:C:T
22:44699533:A:T
22:44699557:A:G
22:44699621:A:G
22:44699823:C:T
22:44700107:C:G
22:44700423:C:T
22:44700538:A:G
22:44700587:A:G
22:44700628:C:G
22:44700659:C:T
22:44700730:A:T
22:44701093:C:T
22:44701372:C:T
22:44701461:C:G
22:44701693:C:T
22:44702171:A:C
22:44702214:G:T
22:44702495:A:G
22:44702561:C:T
22:44702692:A:G
22:44702747:A:G
22:44702874:C:T
22:44703019:C:T
22:44703125:C:T
22:44703234:G:T
22:44703502:A:G
22:44704497:A:G
22:44704613:A:G
22:44704676:G:GC
22:44705254:C:T
22:44705269:C:T
22:44705361:G:T
22:44706814:A:G
22:44707026:A:G
22:44707067:C:T
22:44708655:C:T
22:44708987:C:G
22:44709080:A:T
22:44709145:A:C
22:44709611:C:T
22:44709875:A:G
22:44710758:C:T
22:44710774:A:G
22:44710894:A:G
22:44711266:C:G
22:44711316:C:T
22:44713819:A:G
22:44715451:C:T
22:44715503:C:T
22:44715797:C:T
22:44715824:A:G
22:44716215:C:G
22:44716276:G:T
22:44716285:C:G
22:44716487:A:C
22:44716752:C:T
22:44716798:C:T
22:44716931:A:G
22:44717405:A:G
22:44717751:C:T
22:44718168:C:T
22:44718404:C:T
22:44718472:C:G
22:44718819:A:G
22:44719034:C:T
22:44719140:A:ACCAT
22:44719164:C:T
22:44719561:A:ATCCATCCT
22:44719799:A:G
22:44720583:A:G
22:44720997:A:C
22:44721037:A:C
22:44721108:C:G
22:44721172:C:G
22:44723069:C:T
22:44723119:C:T
22:44723271:A:C
22:44724125:A:C
22:44725057:A:G
22:44725190:A:G
22:44725343:A:G
22:44725640:A:G
22:44726542:A:T
22:44727552:C:G
22:44728412:C:G
22:44729790:C:T
22:44730237:A:G
22:44730492:G:T
22:44730714:A:G
22:44730744:C:G
22:44730775:A:ATG
22:44731003:A:G
22:44731106:G:GGT
22:44731489:A:G
22:44731595:A:G
22:44731707:G:GTGTGTGCA
22:44731711:G:GTGCA
22:44731715:A:G
22:44732097:A:ATG
22:44732422:A:G
22:44732860:A:ATGGCCT
22:44733001:A:T
22:44733247:A:T
22:44733354:C:T
22:44733929:G:T
22:44734201:A:G
22:44734205:G:T
22:44734215:A:G
22:44735347:A:C
22:44735500:C:T
22:44736186:A:G
22:44736263:G:T
22:44736875:C:G
22:44737646:G:T
22:44737766:A:G
22:44737788:G:T
22:44738084:C:G
22:44738130:A:G
22:44738270:C:T
22:44738406:A:G
22:44739592:G:T
22:44740406:A:G
22:44740415:C:T
22:44740527:A:G
22:44740572:C:T
22:44740579:C:T
22:44740724:A:G
22:44740938:A:G
22:44741342:A:G
22:44741589:C:T
22:44742288:C:T
22:44742345:C:CT
22:44742489:C:T
22:44742761:C:G
22:44742870:A:C
22:44742944:C:T
22:44743195:C:T
22:44743911:C:T
22:44744067:C:G
22:44744200:C:T
22:44744315:A:G
22:44744706:A:G
22:44744884:A:G
22:44745075:C:G
22:44745149:C:T
22:44745251:C:T
22:44745694:A:C
22:44745720:A:C
22:44745955:A:G
22:44746064:C:T
22:44746729:A:G
22:44746740:A:G
22:44746997:C:T
22:44747100:C:T
22:44747334:C:T
22:44747475:G:T
22:44748645:C:G
22:44748721:A:G
22:44748926:C:G
22:44750010:A:G
22:44750210:A:G
22:44750243:G:T
22:44750621:C:T
22:44750797:A:G
22:44750859:C:T
22:44750993:A:G
22:44751105:A:G
22:44751158:A:G
22:44751200:G:T
22:44751689:C:T
22:44752156:C:G
22:44752302:C:T
22:44752950:C:T
22:44753219:A:G
22:44754963:A:G
22:44755279:A:G
22:44755472:A:AG
22:44755650:A:G
22:44755709:A:G
22:44756471:C:T
22:44756673:A:G
22:44756803:A:G
22:44757303:C:T
22:44757309:A:T
22:44757439:A:G
22:44757823:C:T
22:44759155:G:T
22:44759360:C:T
22:44759514:C:T
22:44760039:A:G
22:44760732:C:T
22:44761014:C:G
22:44761048:A:G
22:44761253:A:T
22:44761314:C:T
22:44761382:A:G
22:44762762:A:G
22:44762981:C:T
22:44763277:C:T
22:44763352:C:G
22:44763357:A:G
22:44763391:A:G
22:44763475:C:T
22:44763606:A:G
22:44763651:A:G
22:44763752:A:G
22:44763799:A:G
22:44763848:A:G
22:44764161:A:G
22:44764177:A:G
22:44764184:A:AG
22:44764287:A:T
22:44764401:C:T
22:44764565:C:G
22:44764649:C:G
22:44764652:C:G
22:44765651:C:G
22:44765694:A:G
22:44765999:C:T
22:44766533:C:G
22:44766623:C:T
22:44766734:C:T
22:44766791:A:C
22:44766864:G:T
22:44767188:C:T
22:44767363:C:G
22:44767374:A:G
22:44767457:C:T
22:44767470:A:C
22:44767582:A:G
22:44767890:C:T
22:44767979:A:G
22:44768046:C:G
22:44768492:C:G
22:44768493:A:G
22:44768559:C:T
22:44768790:A:G
22:44768831:C:G
22:44769158:C:T
22:44769440:C:T
22:44769535:C:T
22:44769667:C:T
22:44769731:A:G
22:44770040:A:T
22:44770126:A:G
22:44770296:A:T
22:44770316:A:G
22:44770500:A:T
22:44771140:G:GA
22:44771324:C:T
22:44771618:G:T
22:44771763:C:T
22:44771903:A:C
22:44771907:A:C
22:44771909:A:C
22:44771947:C:T
22:44771948:G:T
22:44772422:A:G
22:44772609:C:G
22:44772640:C:T
22:44773055:A:G
22:44773100:A:C
22:44773398:C:T
22:44773543:C:G
22:44773864:G:T
22:44773871:A:G
22:44774221:A:C
22:44774283:T:TCTCCCTCTCTCTCTCTTCCC
22:44774293:C:T
22:44774378:T:TTC
22:44774482:A:G
22:44774487:C:T
22:44774700:C:T
22:44774868:C:T
22:44774874:A:AG
22:44774901:C:T
22:44775695:C:T
22:44775730:C:T
22:44775847:A:G
22:44776626:A:C
22:44776964:C:T
22:44777740:A:C
22:44777866:C:G
22:44778010:A:G
22:44778326:A:G
22:44778329:A:G
22:44778354:A:G
22:44778538:C:T
22:44778738:A:G
22:44778771:A:G
22:44778977:A:T
22:44779303:A:G
22:44779386:A:T
22:44779428:C:T
22:44779501:G:T
22:44779741:T:TGGAG
22:44780017:A:G
22:44780453:A:C
22:44781193:A:G
22:44781410:A:G
22:44781711:A:G
22:44781916:A:T
22:44783205:C:T
22:44784379:A:C
22:44784823:C:T
22:44784847:A:G
22:44784940:C:T
22:44784993:G:T
22:44785051:C:G
22:44785304:A:G
22:44785406:C:G
22:44786186:A:T
22:44786364:A:G
22:44786552:G:T
22:44786832:A:T
22:44788560:A:T
22:44788714:C:T
22:44789059:C:T
22:44789206:C:G
22:44789369:G:T
22:44789912:A:ACT
22:44790749:C:T
22:44790876:A:G
22:44791343:A:G
22:44791538:A:G
22:44791579:C:G
22:44791606:A:G
22:44791704:C:G
22:44791807:C:T
22:44791950:A:G
22:44792128:C:T
22:44792646:A:ACTGG
22:44793326:C:CCTCACAGGT
22:44794514:C:T
22:44794635:A:G
22:44794833:C:G
22:44795976:A:G
22:44796135:C:G
22:44796136:G:T
22:44796357:C:G
22:44796578:A:G
22:44796839:C:T
22:44797723:A:C
22:44797814:C:G
22:44798646:C:T
22:44798720:C:T
22:44799094:G:T
22:44799249:A:T
22:44799385:G:T
22:44800639:C:G
22:44800640:A:G
22:44802095:C:T
22:44803722:C:T
22:44803990:C:T
22:44804192:C:T
22:44804203:C:T
22:44804471:C:T
22:44804475:A:G
22:44804565:G:T
22:44804867:A:C
22:44804977:A:G
22:44805128:C:T
22:44805506:C:T
22:44805830:C:T
22:44806537:A:G
22:44806621:A:G
22:44807473:A:G
22:44807585:A:G
22:44807977:A:C
22:44808134:C:G
22:44808939:C:T
22:44809193:A:G
22:44809714:A:T
22:44810383:C:CT
22:44810742:A:T
22:44811744:C:T
22:44812535:A:G
22:44813917:A:T
22:44814180:A:G
22:44814337:A:G
22:44814388:C:T
22:44814793:A:G
22:44814823:A:G
22:44815213:A:G
22:44815486:A:G
22:44816199:C:G
22:44816777:A:G
22:44816956:A:T
22:44816993:A:C
22:44817122:C:T
22:44817412:A:C
22:44817455:A:T
22:44817844:C:T
22:44817893:A:G
22:44818260:A:T
22:44818518:C:T
22:44818636:A:G
22:44818788:C:G
22:44818986:C:T
22:44820796:A:G
22:44820910:A:T
22:44821077:C:G
22:44821153:C:T
22:44821240:A:G
22:44821595:G:T
22:44821815:G:T
22:44822039:G:GTCT
22:44823050:A:C
22:44823095:A:C
22:44823127:C:T
22:44823445:A:G
22:44823657:A:G
22:44823854:C:T
22:44824332:A:C
22:44824495:A:G
22:44824656:A:G
22:44824754:C:CA
22:44825166:A:C
22:44825330:A:G
22:44825939:C:CTGTTT
22:44828077:C:T
22:44828232:A:G
22:44828528:G:GA
22:44828536:A:G
22:44828761:C:CTT
22:44829294:A:ATTTT
22:44831164:C:G
22:44832308:C:CT
22:44832538:A:G
22:44833082:A:G
22:44833249:A:C
22:44833250:C:CT
22:44833455:C:T
22:44833596:G:T
22:44833599:A:G
22:44833618:A:G
22:44833655:A:G
22:44833903:A:G
22:44833973:A:C
22:44834188:C:T
22:44834292:G:T
22:44834307:C:CG
22:44834451:C:T
22:44834475:A:G
22:44834500:C:G
22:44834504:A:G
22:44834505:C:T
22:44834509:C:T
22:44834693:A:G
22:44834707:A:C
22:44835093:A:G
22:44835908:G:T
22:44835936:A:G
22:44835978:G:T
22:44836139:A:G
22:44836152:C:T
22:44836249:A:C
22:44836301:C:T
22:44836364:C:G
22:44836388:G:T
22:44836651:A:C
22:44836714:C:T
22:44836723:C:T
22:44836877:A:C
22:44837038:A:G
22:44837230:A:G
22:44837512:A:G
22:44837558:C:T
22:44837683:G:T
22:44837685:G:GC
22:44837718:A:G
22:44837906:A:G
22:44838004:G:T
22:44838033:C:T
22:44838043:A:G
22:44838075:A:G
22:44838144:A:G
22:44838180:C:G
22:44838184:C:G
22:44838187:A:G
22:44838212:A:G
22:44838469:G:T
22:44838514:C:T
22:44838572:A:C
22:44838594:C:T
22:44838670:A:G
22:44838800:C:T
22:44838812:A:C
22:44840686:A:G
22:44840720:C:T
22:44842135:A:G
22:44842354:A:C
22:44842511:A:G
22:44842760:C:T
22:44843199:T:TG
22:44843250:A:G
22:44843385:C:T
22:44843458:A:T
22:44843872:A:C
22:44843881:A:T
22:44844243:C:G
22:44844248:A:G
22:44844280:C:T
22:44844745:C:T
22:44844795:C:T
22:44844922:A:G
22:44844923:G:T
22:44844930:C:T
22:44844966:C:G
22:44845165:C:G
22:44845360:A:G
22:44845516:C:T
22:44845528:C:T
22:44845616:C:T
22:44845654:C:T
22:44845700:A:G
22:44846656:A:G
22:44851090:A:C
22:44851458:A:G
22:44851766:C:G
22:44852168:C:G
22:44852717:A:G
22:44853976:C:T
22:44855230:C:T
22:44855495:C:G
22:44855856:A:G
22:44855899:A:G
22:44856085:C:T
22:44857119:C:T
22:44857446:A:C
22:44861670:C:T
22:44865642:G:T
22:44866786:A:G
22:44868522:A:G
22:44871273:A:T
22:44873159:A:G
22:44875652:C:T
22:44875959:A:C
22:44876362:C:T
22:44877911:C:T
22:44878005:G:T
22:44878722:A:G
22:44878912:C:T
22:44879314:A:AT
22:44881127:A:G
22:44881207:A:AT
22:44881837:G:T
22:44882231:A:C
22:44882311:A:G
22:44887714:A:T
22:44888124:C:T
22:44888920:C:G
22:44889386:C:T
22:44889899:T:TA
22:44890192:G:T
22:44890342:C:CT
22:44890604:C:T
22:44890618:A:G
22:44890651:C:T
22:44890658:C:T
22:44890672:C:T
22:44890685:C:G
22:44890845:C:G
22:44891247:A:G
22:44891370:C:T
22:44891399:C:G
22:44891427:A:AAGG
22:44891722:A:G
22:44891873:A:G
22:44892049:A:G
22:44892050:A:T
22:44892135:A:G
22:44894312:A:AC
22:44894783:A:G
22:44894913:A:G
22:44896001:A:T
22:44896225:C:T
22:44896339:C:T
22:44900431:A:G
22:44901601:A:C
22:44902414:A:G
22:44902759:A:G
22:44902810:A:T
22:44904164:A:G
22:44905635:T:TAATA
22:44906306:A:G
22:44906402:A:G
22:44908153:A:G
22:44908475:A:G
22:44908478:C:T
22:44908539:A:G
22:44908678:A:G
22:44908708:C:T
22:44908999:C:T
22:44909045:A:G
22:44909192:C:CCTTT
22:44909507:A:T
22:44910117:C:T
22:44910740:G:T
22:44910830:A:G
22:44911287:C:T
22:44911669:C:T
22:44912736:C:T
22:44913961:C:CTT
22:44914354:A:G
22:44914711:A:G
22:44914879:A:G
22:44915069:A:G
22:44915203:C:T
22:44915217:A:G
22:44915251:C:T
22:44915530:G:T
22:44915533:A:G
22:44917197:G:GA
22:44917646:G:T
22:44917849:A:G
22:44919599:C:T
22:44920631:A:ATTTTTTTTT
22:44920771:C:T
22:44920999:A:G
22:44921063:A:G
22:44921554:A:G
22:44921575:C:G
22:44921706:A:C
22:44922248:C:T
22:44922275:A:G
22:44922321:A:G
22:44922347:A:G
22:44922359:G:T
22:44922408:A:G
22:44922424:C:T
22:44922455:A:G
22:44922726:A:G
22:44922759:C:T
22:44922761:A:G
22:44922843:A:C
22:44923080:A:G
22:44923082:C:T
22:44923160:C:T
22:44923371:C:T
22:44923583:C:T
22:44923619:A:G
22:44923674:A:G
22:44923965:T:TG
22:44924195:A:G
22:44924292:A:G
22:44924370:C:T
22:44924394:A:G
22:44924441:A:G
22:44924633:C:T
22:44924894:C:T
22:44925097:C:T
22:44925328:A:G
22:44925334:C:T
22:44925512:C:T
22:44925725:A:G
22:44925925:G:T
22:44925926:C:G
22:44926003:A:G
22:44926018:A:T
22:44926458:A:G
22:44926570:A:G
22:44926593:A:G
22:44926594:A:G
22:44926598:C:T
22:44926599:A:G
22:44926676:C:T
22:44926847:C:T
22:44926906:A:G
22:44927430:A:G
22:44927475:T:TA
22:44927952:A:G
22:44928082:A:C
22:44928083:C:G
22:44928085:A:C
22:44928089:C:G
22:44928102:C:T
22:44928116:A:G
22:44928118:A:T
22:44928276:A:G
22:44928369:A:G
22:44928733:A:G
22:44928840:C:T
22:44928897:C:T
22:44928906:A:G
22:44928936:T:TTTTG
22:44929131:G:GT
22:44929211:T:TC
22:44929216:A:C
22:44929432:C:T
22:44929688:C:T
22:44929741:C:T
22:44929776:C:T
22:44929781:T:TC
22:44929806:A:G
22:44929974:A:G
22:44930087:A:G
22:44930247:A:G
22:44930386:C:T
22:44930395:A:G
22:44930438:C:CA
22:44930460:C:G
22:44930465:A:C
22:44930479:G:T
22:44931558:T:TGTGCAGAG
22:44932322:A:T
22:44932537:G:T
22:44932581:A:T
22:44932711:T:TTATTC
22:44932774:A:G
22:44932877:C:T
22:44932890:A:G
22:44932908:G:T
22:44932945:C:T
22:44932974:T:TC
22:44933077:A:T
22:44933114:G:T
22:44933133:G:T
22:44933336:C:T
22:44933382:A:G
22:44933408:C:G
22:44933412:C:G
22:44933883:C:T
22:44933987:C:T
22:44934009:C:G
22:44934539:A:G
22:44934672:A:G
22:44934762:A:G
22:44934852:C:T
22:44934955:C:G
22:44935231:A:G
22:44935371:A:G
22:44935606:G:T
22:44935629:A:C
22:44935730:A:G
22:44935845:A:G
22:44935859:C:T
22:44935874:G:GTGGA
22:44936085:A:G
22:44936087:G:T
22:44936225:C:T
22:44936336:A:G
22:44936417:C:T
22:44936483:C:T
22:44936643:C:T
22:44936728:C:T
22:44937291:A:G
22:44937441:A:G
22:44937483:C:T
22:44937707:A:C
22:44937711:A:G
22:44938103:C:G
22:44938279:C:T
22:44938295:C:T
22:44938550:A:C
22:44938593:C:T
22:44939092:A:C
22:44939612:C:T
22:44939630:C:G
22:44939938:A:C
22:44940363:A:G
22:44940555:A:T
22:44940564:C:T
22:44940691:A:G
22:44941131:C:T
22:44941611:C:G
22:44941846:A:G
22:44941891:G:T
22:44942067:A:T
22:44942269:C:T
22:44942392:C:T
22:44942492:C:T
22:44942756:C:T
22:44942850:A:G
22:44942879:A:G
22:44943103:A:G
22:44943133:C:T
22:44943314:C:G
22:44943330:C:G
22:44943401:A:G
22:44943510:A:G
22:44943743:A:ACCCG
22:44943760:A:C
22:44943831:A:G
22:44943930:A:G
22:44943987:A:G
22:44944013:C:G
22:44944123:T:TCTC
22:44944926:C:G
22:44945166:C:G
22:44945176:G:GTAAAT
22:44945488:A:T
22:44945911:C:CT
22:44946059:A:G
22:44946521:A:G
22:44946665:A:C
22:44946729:C:G
22:44946737:A:G
22:44946783:A:G
22:44946994:C:T
22:44947361:C:G
22:44947481:C:T
22:44947908:A:G
22:44948097:G:T
22:44948411:A:G
22:44949234:C:CT
22:44949551:G:T
22:44949608:A:AAAG
22:44949920:C:T
22:44950009:A:G
22:44950141:A:AAAAC
22:44951267:A:C
22:44952160:A:T
22:44953500:A:G
22:44954817:C:T
22:44954836:C:T
22:44955033:C:T
22:44955285:A:G
22:44955924:A:G
22:44956007:C:CA
22:44956829:A:G
22:44956835:A:C
22:44958208:A:T
22:44958618:C:CT
22:44959322:A:T
22:44960043:C:T
22:44960163:A:AT
22:44960230:A:T
22:44960654:A:G
22:44960994:A:G
22:44961161:A:C
22:44961335:A:T
22:44962655:G:T
22:44963024:A:C
22:44963183:A:C
22:44964555:A:C
22:44965113:C:T
22:44965364:A:G
22:44965597:A:G
22:44965740:G:T
22:44966127:A:G
22:44966703:A:G
22:44967066:A:G
22:44968318:A:C
22:44969318:A:G
22:44969723:C:T
22:44970177:A:G
22:44970227:C:T
22:44972055:C:CGGAA
22:44972159:C:T
22:44972864:A:G
22:44972880:C:T
22:44973163:C:G
22:44973337:A:C
22:44973368:C:G
22:44973582:C:T
22:44974493:C:T
22:44974575:C:T
22:44974841:C:CAGG
22:44975213:C:T
22:44975433:A:G
22:44975456:A:C
22:44975744:C:T
22:44976358:G:T
22:44978415:C:T
22:44978713:C:T
22:44978723:A:C
22:44978844:C:T
22:44979069:C:T
22:44979388:A:C
22:44979460:C:T
22:44979590:C:T
22:44979615:C:G
22:44980142:G:T
22:44980331:C:T
22:44980664:A:G
22:44980838:A:G
22:44980840:A:G
22:44980963:A:G
22:44981091:A:G
22:44981306:T:TA
22:44981326:A:C
22:44981757:A:G
22:44982016:C:T
22:44982314:C:T
22:44984945:C:G
22:44985305:A:G
22:44985316:C:T
22:44985584:G:GT
22:44985859:C:G
22:44985932:C:G
22:44986343:A:G
22:44987693:T:TAAA
22:44988209:C:T
22:44988680:C:T
22:44994468:C:T
22:44996011:C:G
22:44996319:C:T
22:44996546:C:G
22:44997881:C:G
22:44997940:C:T
22:44997951:C:T
22:44998325:A:G
22:44999038:C:G
22:45000147:A:G
22:45000535:A:G
22:45000538:C:T
22:45000900:A:AG
22:45001282:C:T
22:45001435:C:G
22:45002492:A:C
22:45002548:A:G
22:45002724:C:T
22:45002809:A:G
22:45003015:A:G
22:45003109:A:G
22:45003427:A:C
22:45004355:C:T
22:45004393:C:T
22:45004948:C:T
22:45004971:C:T
22:45006276:C:G
22:45006570:A:G
22:45006584:C:CA
22:45006605:C:G
22:45006759:A:T
22:45006922:T:TAAAG
22:45006977:G:T
22:45007150:A:C
22:45007163:A:G
22:45007276:A:G
22:45007348:A:G
22:45007468:G:T
22:45007563:C:G
22:45007600:C:T
22:45007808:C:T
22:45007914:A:G
22:45007930:A:G
22:45007999:A:G
22:45008047:C:T
22:45008056:C:T
22:45008617:C:T
22:45008706:C:CT
22:45009072:A:AT
22:45009075:A:T
22:45009084:A:T
22:45009192:C:G
22:45009362:A:G
22:45009475:A:G
22:45009565:A:G
22:45009926:A:AG
22:45009991:C:T
22:45009992:A:G
22:45010315:G:T
22:45010369:C:T
22:45011114:A:G
22:45011343:C:CA
22:45011401:C:T
22:45011533:A:C
22:45011541:C:T
22:45011583:C:G
22:45011691:C:G
22:45011761:A:G
22:45011858:A:C
22:45011952:A:G
22:45012097:A:G
22:45012570:A:G
22:45013019:C:T
22:45013211:T:TAC
22:45013261:A:G
22:45013275:A:G
22:45013412:A:G
22:45013494:A:ACAC
22:45013732:C:T
22:45013883:A:T
22:45013910:C:G
22:45014160:C:T
22:45014480:A:G
22:45014765:C:T
22:45014766:A:G
22:45014791:A:G
22:45014858:C:T
22:45015177:A:G
22:45015307:C:T
22:45015505:G:GTGTC
22:45015887:A:AGTGT
22:45016214:C:CCGA
22:45016282:A:G
22:45017300:C:T
22:45017521:C:T
22:45017528:C:G
22:45018181:A:G
22:45018253:A:AG
22:45018948:C:G
22:45019065:A:C
22:45019348:A:G
22:45021422:A:G
22:45021459:A:G
22:45021773:A:G
22:45021847:C:T
22:45021889:G:GGCAGCCCCAGGAT
22:45022401:G:GA
22:45022698:C:T
22:45023653:A:G
22:45025484:C:G
22:45025635:C:T
22:45029640:C:CGGATGGATGGATGGATGGAT
22:45032117:C:T
22:45033195:G:GTGGA
22:45035240:C:T
22:45035594:G:T
22:45035972:C:T
22:45037537:A:G
22:45037884:C:T
22:45037968:C:T
22:45038595:A:G
22:45038692:A:C
22:45040298:C:T
22:45041340:C:T
22:45041777:A:G
22:45041891:A:AT
22:45042852:A:G
22:45043269:G:GT
22:45043574:A:G
22:45044197:A:G
22:45045351:T:TGGAGAC
22:45045661:C:G
22:45047490:C:CA
22:45048253:A:C
22:45048740:C:T
22:45049498:C:T
22:45049684:A:G
22:45049761:C:T
22:45049907:C:T
22:45050438:C:T
22:45050489:C:T
22:45050585:A:G
22:45050961:C:T
22:45050977:A:G
22:45052191:C:T
22:45054542:A:G
22:45054904:A:G
22:45055123:A:G
22:45061767:A:G
22:45061911:C:T
22:45061926:A:T
22:45063141:A:G
22:45064924:A:C
22:45065761:C:G
22:45065866:A:G
22:45065994:G:T
22:45066002:A:G
22:45066035:A:G
22:45066071:A:T
22:45066714:C:T
22:45069235:A:G
22:45070238:A:G
22:45071679:C:T
22:45071901:A:G
22:45072227:A:C
22:45072514:C:T
22:45072655:C:T
22:45072910:A:G
22:45073054:A:G
22:45073158:A:G
22:45073320:A:G
22:45073575:C:T
22:45073584:A:G
22:45073772:A:G
22:45074069:A:G
22:45074097:C:G
22:45074264:A:G
22:45074565:C:T
22:45075015:C:G
22:45075303:A:G
22:45075406:G:T
22:45075738:C:T
22:45075854:A:G
22:45075871:C:T
22:45076044:A:G
22:45076280:G:T
22:45076306:A:T
22:45076357:A:T
22:45076451:C:T
22:45076589:C:T
22:45076770:A:G
22:45077463:C:T
22:45077861:C:T
22:45078177:A:G
22:45078240:G:T
22:45078354:A:G
22:45078443:A:G
22:45078460:A:G
22:45078496:A:G
22:45078517:A:C
22:45078578:C:T
22:45078601:C:T
22:45078618:C:T
22:45078742:A:G
22:45079237:C:T
22:45079804:A:G
22:45079808:C:G
22:45079901:C:T
22:45079902:C:G
22:45079927:C:G
22:45079980:A:G
22:45080124:A:G
22:45080188:C:T
22:45080205:C:T
22:45080483:G:T
22:45080502:A:G
22:45080508:A:G
22:45080543:G:T
22:45080638:G:T
22:45080649:A:G
22:45080989:C:T
22:45081259:C:G
22:45081330:A:G
22:45081398:C:G
22:45081571:A:G
22:45081786:A:G
22:45082062:A:G
22:45082144:A:G
22:45082145:A:G
22:45082168:A:C
22:45082423:C:G
22:45082469:C:G
22:45083619:A:C
22:45083750:A:G
22:45083780:A:G
22:45083855:C:T
22:45084907:A:G
22:45085018:A:C
22:45085284:C:T
22:45085909:A:G
22:45086908:C:T
22:45087678:C:T
22:45088641:C:T
22:45088644:A:G
22:45088654:A:G
22:45088880:C:T
22:45089161:C:T
22:45089211:A:G
22:45089392:G:T
22:45089525:A:G
22:45089655:A:G
22:45089658:C:T
22:45090008:A:G
22:45090565:A:G
22:45091375:A:G
22:45092743:A:G
22:45093743:A:G
22:45093986:A:C
22:45094393:A:G
22:45094547:C:T
22:45095064:C:T
22:45095527:C:T
22:45095654:C:T
22:45096222:A:G
22:45096849:C:G
22:45097754:G:T
22:45097770:A:C
22:45097771:A:T
22:45098107:G:T
22:45099091:G:T
22:45099466:G:T
22:45100192:C:G
22:45101494:C:T
22:45102562:C:T
22:45102740:C:T
22:45103486:C:T
22:45104348:C:T
22:45104672:C:T
22:45106786:A:G
22:45107925:C:T
22:45108192:A:G
22:45108257:C:T
22:45108345:A:G
22:45108364:C:T
22:45108403:A:G
22:45109027:C:T
22:45109103:A:G
22:45109211:A:G
22:45109293:A:G
22:45109666:C:T
22:45109828:C:T
22:45110765:C:T
22:45110876:A:G
22:45112343:C:G
22:45113418:C:T
22:45113444:A:G
22:45113454:G:T
22:45113577:A:G
22:45113580:C:T
22:45113754:A:C
22:45113756:C:T
22:45113922:A:G
22:45114177:C:T
22:45114848:C:T
22:45115022:C:T
22:45115399:A:G
22:45115484:A:G
22:45115532:C:T
22:45115579:A:G
22:45115757:C:T
22:45115904:A:G
22:45116191:C:T
22:45116203:A:G
22:45116494:A:G
22:45116664:C:T
22:45116800:A:G
22:45116977:A:C
22:45117434:C:T
22:45118533:G:T
22:45118624:G:T
22:45118934:C:G
22:45119023:A:G
22:45121825:A:G
22:45123503:C:G
22:45123625:A:G
22:45123746:C:G
22:45124295:A:C
22:45124846:C:T
22:45125310:A:G
22:45125757:A:G
22:45126427:C:T
22:45126775:C:T
22:45127806:C:CTCTGCTCTGT
22:45128576:C:T
22:45128601:A:G
22:45128618:C:CCA
22:45128658:C:T
22:45128663:G:GCACATACTACATGTGCA
22:45128668:C:T
22:45128687:T:TAC
22:45128736:A:G
22:45128778:C:T
22:45128779:A:G
22:45128803:C:T
22:45128816:T:TAC
22:45128870:G:T
22:45129099:A:G
22:45129108:C:T
22:45129157:A:G
22:45129239:C:T
22:45129245:C:T
22:45129266:C:G
22:45129505:C:T
22:45129531:C:T
22:45130036:C:T
22:45130062:A:G
22:45130564:G:T
22:45130691:A:C
22:45130695:C:T
22:45131053:A:G
22:45131166:C:T
22:45131360:C:T
22:45131413:A:G
22:45131462:A:T
22:45131517:A:T
22:45131526:A:G
22:45131555:G:T
22:45131612:C:T
22:45131866:C:T
22:45131926:C:T
22:45132354:C:CG
22:45132448:G:T
22:45132493:C:CAG
22:45132506:A:G
22:45132535:C:T
22:45132540:C:T
22:45132687:A:G
22:45132704:C:T
22:45132785:C:T
22:45133258:C:T
22:45133340:A:G
22:45133467:A:G
22:45133535:G:T
22:45133657:C:T
22:45133772:A:G
22:45134565:A:G
22:45134666:T:TGGA
22:45137620:A:G
22:45137631:C:CG
22:45137633:A:G
22:45137636:A:G
22:45137980:A:G
22:45138376:A:G
22:45138538:A:G
22:45138758:A:AT
22:45139097:G:T
22:45140022:C:T
22:45140077:A:G
22:45140508:A:G
22:45141054:A:G
22:45141060:C:G
22:45141306:A:G
22:45141380:A:G
22:45145036:C:CAAAAA
22:45145572:G:T
22:45147760:A:G
22:45148983:A:C
22:45149281:A:G
22:45149347:C:T
22:45149348:G:T
22:45149351:C:T
22:45149541:A:G
22:45149585:A:G
22:45149613:A:C
22:45149619:A:G
22:45149643:A:G
22:45150077:A:G
22:45150203:C:T
22:45150389:C:T
22:45150659:C:T
22:45150817:A:C
22:45150907:C:T
22:45150999:C:G
22:45151046:C:T
22:45151054:A:C
22:45151659:A:T
22:45151716:A:C
22:45151720:A:G
22:45151739:A:T
22:45151968:T:TGAAGGCCAAGGCCAAACAG
22:45152766:G:T
22:45152787:C:T
22:45153685:A:ATTTT
22:45153810:C:T
22:45153863:C:T
22:45154106:A:G
22:45155509:G:T
22:45155510:C:CAG
22:45157242:C:T
22:45157608:C:T
22:45157852:A:C
22:45158028:C:T
22:45158321:C:CA
22:45158410:A:G
22:45158657:C:T
22:45158714:A:G
22:45158955:A:G
22:45159611:A:G
22:45160232:C:G
22:45160622:G:T
22:45161018:A:G
22:45161931:C:T
22:45161979:G:GGTCT
22:45161993:A:G
22:45162117:A:G
22:45162122:G:T
22:45163228:C:T
22:45163571:C:G
22:45164631:A:G
22:45164996:C:T
22:45165302:G:GT
22:45165653:C:T
22:45165878:C:T
22:45165996:C:T
22:45166110:C:T
22:45166275:C:T
22:45166390:A:G
22:45166701:A:G
22:45167317:G:T
22:45168133:C:T
22:45168170:C:T
22:45168232:C:CT
22:45169340:C:T
22:45169376:C:T
22:45169772:A:C
22:45170122:A:G
22:45170602:A:G
22:45170697:C:T
22:45170777:C:T
22:45170813:C:T
22:45170854:A:G
22:45171333:C:CT
22:45171481:C:T
22:45172332:C:CA
22:45173005:C:T
22:45173060:C:T
22:45174712:A:G
22:45174830:A:C
22:45174833:T:TGCC
22:45174834:A:T
22:45174835:A:G
22:45174992:C:T
22:45175195:A:G
22:45175233:A:G
22:45175384:C:T
22:45175534:C:T
22:45175681:C:T
22:45175683:A:G
22:45175685:G:T
22:45175692:A:G
22:45175800:C:T
22:45175827:C:T
22:45175971:C:T
22:45176071:C:T
22:45176081:A:G
22:45176170:A:G
22:45176312:A:G
22:45176471:G:GGCGGAGGTT
22:45176523:C:T
22:45176723:A:G
22:45176745:A:G
22:45176758:G:T
22:45176778:G:T
22:45176861:A:G
22:45176894:A:T
22:45177003:A:G
22:45177004:C:G
22:45177040:C:G
22:45177112:A:G
22:45177118:A:C
22:45177426:A:G
22:45177490:A:G
22:45177491:C:G
22:45177559:C:G
22:45177569:A:AT
22:45178088:A:G
22:45178140:C:T
22:45178470:C:T
22:45178529:C:T
22:45178740:A:G
22:45178745:A:G
22:45178783:C:G
22:45178823:C:T
22:45178921:C:T
22:45178931:A:G
22:45179079:C:G
22:45179228:A:G
22:45179384:A:G
22:45179391:C:G
22:45179433:C:G
22:45179647:C:T
22:45179650:C:G
22:45179660:A:G
22:45179715:A:G
22:45179735:C:T
22:45179745:C:G
22:45180366:A:G
22:45180479:C:G
22:45180510:A:G
22:45180554:A:G
22:45180650:C:T
22:45180868:C:T
22:45180911:A:G
22:45180939:C:T
22:45180944:A:G
22:45181011:C:G
22:45181038:A:G
22:45181148:A:C
22:45181193:A:G
22:45181255:A:G
22:45181443:A:C
22:45181545:A:G
22:45181795:C:T
22:45182076:A:G
22:45182104:C:T
22:45182157:C:G
22:45182165:A:C
22:45182205:A:T
22:45182215:C:T
22:45182321:A:ATCT
22:45182565:C:T
22:45182793:A:G
22:45183014:A:G
22:45183417:A:G
22:45183529:A:G
22:45183545:C:T
22:45183831:A:G
22:45183868:A:G
22:45183918:A:G
22:45183975:A:ATGTTAT
22:45184093:G:T
22:45184143:C:T
22:45184188:A:G
22:45184246:A:G
22:45184446:A:G
22:45184550:C:T
22:45184783:C:T
22:45186057:A:C
22:45186487:C:T
22:45186617:C:T
22:45187062:A:ATGT
22:45187219:A:G
22:45187232:A:C
22:45187253:C:T
22:45187306:A:G
22:45187320:A:G
22:45187345:A:G
22:45187415:A:G
22:45187551:C:T
22:45187590:A:G
22:45187900:T:TC
22:45188089:A:G
22:45188400:G:T
22:45188671:C:T
22:45188708:G:GGT
22:45188867:C:G
22:45188954:A:G
22:45189213:A:G
22:45189238:A:G
22:45189239:A:G
22:45189299:A:G
22:45189346:A:C
22:45189388:G:T
22:45189402:A:G
22:45189449:A:G
22:45189463:C:T
22:45189507:A:C
22:45189871:A:G
22:45190056:C:T
22:45190167:C:CATT
22:45190418:A:G
22:45190585:A:G
22:45190750:A:G
22:45190920:C:CAA
22:45191054:C:G
22:45191279:C:G
22:45191452:A:G
22:45191504:C:T
22:45191754:C:T
22:45191958:A:G
22:45192234:C:G
22:45192413:C:CTG
22:45192465:GC:T
22:45192466:C:T
22:45192660:A:G
22:45192793:C:G
22:45192811:A:G
22:45192972:A:G
22:45194352:G:T
22:45194531:A:G
22:45194714:C:G
22:45194788:G:GC
22:45194849:C:G
22:45195008:A:G
22:45195703:G:T
22:45195785:C:G
22:45195910:A:AGGCACGGAGGATGGTCTGCAGG
22:45195969:G:GTCTGT
22:45196058:A:G
22:45196118:A:G
22:45196187:C:T
22:45196206:A:G
22:45196221:A:G
22:45196278:A:AC
22:45196430:A:G
22:45196463:A:G
22:45196496:A:G
22:45196529:A:G
22:45196595:A:G
22:45197112:A:G
22:45197177:A:T
22:45197456:A:G
22:45197463:A:G
22:45197468:C:T
22:45197642:A:G
22:45198009:A:G
22:45198547:A:G
22:45198865:C:CCTG
22:45198924:A:G
22:45199058:A:G
22:45199367:A:G
22:45199523:A:G
22:45199541:A:G
22:45199719:C:T
22:45200867:A:G
22:45200934:C:T
22:45200987:C:T
22:45201080:A:G
22:45201438:G:GTAAGA
22:45202172:C:T
22:45202239:A:G
22:45202328:C:T
22:45202600:C:T
22:45202619:A:G
22:45202793:A:G
22:45202825:C:CAGAATG
22:45202832:C:T
22:45203306:G:GCA
22:45203533:C:T
22:45203943:C:T
22:45204107:C:T
22:45204520:A:AT
22:45204555:C:T
22:45204701:A:AAC
22:45204750:C:T
22:45204770:C:T
22:45204872:A:AT
22:45205210:C:G
22:45205323:C:T
22:45205524:A:G
22:45205527:C:T
22:45205728:A:G
22:45205827:A:G
22:45205923:C:T
22:45206061:C:T
22:45206307:A:G
22:45206387:C:T
22:45206496:C:T
22:45206499:C:T
22:45206779:C:T
22:45206820:T:TCA
22:45207319:A:G
22:45207538:G:T
22:45207555:C:G
22:45207597:C:T
22:45207750:A:G
22:45207782:C:T
22:45208033:A:G
22:45208186:C:G
22:45208261:A:G
22:45208343:C:T
22:45208585:C:G
22:45209412:C:T
22:45209616:T:TAC
22:45209670:C:CACTT
22:45209917:A:G
22:45210666:A:G
22:45211514:A:AG
22:45211735:T:TGG
22:45211932:C:T
22:45212460:A:T
22:45212542:C:T
22:45213013:C:T
22:45213014:G:GC
22:45213113:A:G
22:45213262:A:G
22:45213544:C:T
22:45213545:A:G
22:45214289:A:ATT
22:45214423:C:T
22:45214576:C:CTT
22:45214582:T:TTTC
22:45215430:A:G
22:45215613:C:G
22:45216029:C:T
22:45216248:C:G
22:45216340:C:T
22:45216668:C:T
22:45217021:G:T
22:45217075:C:G
22:45217077:C:T
22:45217083:A:G
22:45217241:A:G
22:45217827:A:AC
22:45218223:C:T
22:45218675:A:G
22:45221043:A:G
22:45221062:G:T
22:45221423:A:T
22:45222342:C:G
22:45223253:C:T
22:45224200:C:T
22:45224496:A:AT
22:45224543:C:G
22:45224616:C:G
22:45224766:C:T
22:45225162:C:T
22:45225247:G:T
22:45225297:C:T
22:45225675:A:T
22:45226377:A:AT
22:45226519:C:T
22:45226984:C:T
22:45227579:C:CA
22:45227827:C:G
22:45228629:C:T
22:45228976:C:CT
22:45229224:G:GTGGT
22:45229798:A:G
22:45230436:C:T
22:45230723:T:TA
22:45231099:C:T
22:45231373:C:T
22:45231425:A:G
22:45231570:A:G
22:45231758:G:T
22:45231795:T:TG
22:45231883:C:T
22:45231892:A:G
22:45232188:G:T
22:45232421:G:GCACAGTAGGTCCTCAGTA
22:45232453:C:G
22:45232572:A:C
22:45232965:A:G
22:45234020:A:AT
22:45234161:A:G
22:45234166:C:T
22:45234308:A:G
22:45234739:A:G
22:45234755:A:G
22:45235303:C:T
22:45236569:G:GA
22:45236615:C:G
22:45236687:A:G
22:45236935:A:C
22:45237121:C:CT
22:45237410:A:G
22:45237686:A:G
22:45238329:A:T
22:45240256:G:T
22:45241702:A:G
22:45242035:C:T
22:45242240:A:G
22:45243239:C:T
22:45243458:A:G
22:45244160:G:T
22:45245266:A:G
22:45245850:C:G
22:45245876:C:G
22:45247054:C:T
22:45247215:C:T
22:45248820:C:G
22:45248829:C:T
22:45249940:A:T
22:45250139:C:T
22:45250421:C:G
22:45250428:A:T
22:45251169:C:T
22:45251423:A:G
22:45251460:C:G
22:45251713:A:G
22:45251811:C:T
22:45252174:C:G
22:45252232:C:T
22:45252366:C:G
22:45252401:<CN0>:G
22:45253079:C:G
22:45253112:A:G
22:45253233:A:G
22:45253376:C:G
22:45253473:A:G
22:45253550:A:G
22:45253707:A:G
22:45253710:G:T
22:45253718:C:T
22:45253764:A:G
22:45253772:C:T
22:45253773:A:G
22:45253809:A:ATTTC
22:45253825:C:CAGTGA
22:45253838:A:G
22:45253839:A:G
22:45253872:G:T
22:45254053:C:T
22:45254203:A:G
22:45254229:A:C
22:45254330:C:CTCTGTCT
22:45254340:C:T
22:45254378:G:GCT
22:45254406:C:T
22:45254493:C:T
22:45254629:T:TG
22:45254717:C:G
22:45254896:G:T
22:45255043:A:G
22:45255155:A:G
22:45255204:C:T
22:45255230:C:CCT
22:45255287:C:T
22:45255385:A:G
22:45255436:C:G
22:45255484:A:C
22:45255527:A:C
22:45255532:C:CCT
22:45255630:C:T
22:45255637:C:G
22:45255727:C:G
22:45255769:C:T
22:45255779:A:G
22:45255901:C:CT
22:45256002:A:T
22:45256150:C:G
22:45256153:G:T
22:45256156:A:C
22:45256179:C:G
22:45256212:A:G
22:45256223:C:T
22:45256418:G:T
22:45256430:C:CAACTT
22:45256512:A:G
22:45256518:T:TAC
22:45256619:C:T
22:45256624:A:G
22:45256635:A:C
22:45256681:C:G
22:45256730:C:T
22:45256731:A:G
22:45256820:A:G
22:45256876:T:TCTC
22:45256954:C:G
22:45257026:A:T
22:45257199:C:G
22:45257245:C:G
22:45257371:C:T
22:45257747:C:T
22:45257815:C:G
22:45257847:C:T
22:45257870:C:G
22:45257942:C:T
22:45258012:C:T
22:45258324:C:T
22:45258614:C:G
22:45258694:C:G
22:45258781:A:C
22:45258789:C:T
22:45258886:C:G
22:45259235:A:G
22:45259272:C:G
22:45259574:A:G
22:45259696:G:GCCT
22:45259817:C:T
22:45259846:T:TGGTACAGGGTCACGGGCATGGA
22:45259868:A:G
22:45259869:G:T
22:45260045:A:T
22:45260118:A:G
22:45260577:G:T
22:45260748:A:G
22:45260758:A:ACTG
22:45260892:A:G
22:45260929:C:T
22:45261080:C:G
22:45261209:C:G
22:45261328:C:T
22:45261513:C:T
22:45261546:A:G
22:45261597:C:G
22:45261724:A:G
22:45261890:A:G
22:45262449:A:G
22:45262790:A:ACT
22:45262833:C:T
22:45263015:A:T
22:45263058:A:G
22:45263307:A:T
22:45263379:A:G
22:45263476:A:G
22:45263511:C:T
22:45263525:G:T
22:45263537:C:T
22:45264073:C:T
22:45264383:A:G
22:45264528:A:G
22:45264601:A:G
22:45265238:C:T
22:45267423:C:G
22:45267621:C:G
22:45268220:C:CGGGCGGATCACGA
22:45268798:A:G
22:45270695:C:CAAAAAAAAAAAA
22:45271057:A:T
22:45271094:A:G
22:45271266:C:T
22:45271454:T:TTTC
22:45272178:T:TA
22:45272919:C:G
22:45273768:A:C
22:45274489:C:G
22:45275088:A:G
22:45275118:C:T
22:45276567:C:T
22:45276881:C:T
22:45276966:C:T
22:45277702:A:G
22:45277826:G:T
22:45278109:A:G
22:45278187:A:T
22:45278499:C:T
22:45278712:A:G
22:45279646:C:T
22:45279924:C:CCAT
22:45280012:C:CATT
22:45280221:C:G
22:45280263:C:T
22:45280333:A:G
22:45280379:A:G
22:45280434:C:T
22:45280551:T:TCAC
22:45280590:C:T
22:45280605:T:TCAC
22:45280642:T:TACC
22:45280795:A:T
22:45280796:C:G
22:45282006:C:T
22:45284549:C:T
22:45284727:A:G
22:45285917:C:T
22:45286125:C:T
22:45286357:A:G
22:45287603:C:G
22:45291176:A:T
22:45291528:A:G
22:45292244:C:T
22:45292884:A:G
22:45295488:G:T
22:45296292:C:T
22:45296663:C:CT
22:45297573:G:T
22:45297846:A:C
22:45297872:C:T
22:45298179:A:G
22:45299778:G:T
22:45300000:A:G
22:45300136:C:T
22:45300866:C:T
22:45301572:C:G
22:45302266:C:T
22:45302651:A:G
22:45303128:C:T
22:45303255:A:G
22:45303328:A:G
22:45303339:A:C
22:45303715:C:T
22:45304182:A:C
22:45304506:A:G
22:45304742:A:G
22:45304914:A:G
22:45304918:C:T
22:45304928:C:T
22:45304929:C:T
22:45304930:A:G
22:45305136:A:G
22:45305219:A:G
22:45305265:A:G
22:45305325:C:T
22:45305362:A:G
22:45305856:C:T
22:45306472:G:GCT
22:45306508:A:G
22:45306513:C:G
22:45306632:C:T
22:45306825:A:C
22:45306943:A:G
22:45307149:A:G
22:45307313:G:T
22:45307733:A:G
22:45307764:C:CA
22:45307931:C:T
22:45308750:C:T
22:45308878:A:G
22:45309565:A:G
22:45310349:A:G
22:45312631:A:G
22:45312673:A:T
22:45312801:A:G
22:45312927:A:G
22:45313555:C:T
22:45313694:A:G
22:45313755:A:C
22:45315232:G:T
22:45315441:A:G
22:45315672:A:G
22:45315932:C:T
22:45316507:A:T
22:45316790:A:T
22:45317249:C:T
22:45317309:C:T
22:45317391:C:T
22:45318725:A:G
22:45319678:G:T
22:45319953:A:G
22:45320498:A:T
22:45320631:A:G
22:45321563:C:T
22:45321906:C:CCTGTGGTGGGAAGGCCCACACA
22:45323839:C:G
22:45323933:A:C
22:45323989:C:T
22:45324351:A:G
22:45324417:C:G
22:45324900:T:TCTC
22:45325557:A:G
22:45326543:C:G
22:45327223:A:G
22:45328067:A:T
22:45328118:A:G
22:45328175:C:G
22:45329065:C:T
22:45329614:G:GAC
22:45330235:A:G
22:45330439:A:G
22:45330934:A:G
22:45331511:C:CA
22:45331762:A:G
22:45331817:C:T
22:45331853:G:T
22:45331876:C:T
22:45332051:C:T
22:45332310:C:G
22:45332382:A:C
22:45332676:C:T
22:45332750:C:CT
22:45332767:C:T
22:45333182:A:G
22:45333574:C:T
22:45333926:C:T
22:45335404:A:C
22:45336793:C:G
22:45337145:A:C
22:45337211:A:G
22:45337393:C:T
22:45337892:G:T
22:45338115:A:G
22:45338213:C:T
22:45338229:A:T
22:45338873:A:G
22:45338877:C:G
22:45338886:C:G
22:45339063:A:C
22:45339473:A:G
22:45340501:C:T
22:45340790:G:T
22:45345091:A:G
22:45345159:C:T
22:45345494:C:T
22:45345639:A:G
22:45345833:A:G
22:45346294:A:C
22:45346339:A:G
22:45346895:A:G
22:45346918:C:T
22:45348592:A:G
22:45348818:C:T
22:45349477:C:G
22:45349516:C:G
22:45350073:T:TA
22:45351030:C:T
22:45351774:A:G
22:45352969:A:G
22:45353296:A:G
22:45353413:C:T
22:45353783:A:AT
22:45354062:C:T
22:45354154:C:T
22:45355198:A:C
22:45355863:C:G
22:45356065:C:T
22:45357115:A:G
22:45357725:A:AAAATAAATAAAT
22:45358063:C:T
22:45358819:C:T
22:45359429:A:G
22:45362884:A:G
22:45363071:C:T
22:45363264:C:T
22:45363855:A:G
22:45364523:C:CAAA
22:45364547:C:T
22:45366563:A:C
22:45366680:C:T
22:45366784:C:T
22:45368290:A:G
22:45368340:C:T
22:45370385:A:G
22:45370392:C:T
22:45371568:A:G
22:45371597:C:G
22:45373113:C:CT
22:45373169:A:C
22:45373632:A:AT
22:45374051:A:G
22:45375454:C:T
22:45375898:A:G
22:45377942:A:G
22:45378782:G:GA
22:45378840:A:G
22:45378876:C:T
22:45379621:C:T
22:45380668:C:T
22:45380889:A:G
22:45382610:C:T
22:45382785:A:G
22:45383193:G:GA
22:45383230:A:G
22:45383755:A:G
22:45383939:C:T
22:45385288:A:C
22:45385556:C:G
22:45386314:G:GA
22:45386387:A:G
22:45386739:C:G
22:45390839:C:T
22:45393594:G:T
22:45393680:C:T
22:45393782:C:T
22:45394584:C:G
22:45394714:A:C
22:45394740:C:G
22:45394902:C:G
22:45395342:C:T
22:45395770:C:T
22:45396060:A:G
22:45396342:C:T
22:45396440:A:G
22:45397372:C:T
22:45399532:A:G
22:45400119:A:G
22:45400143:C:T
22:45400147:C:T
22:45402126:A:T
22:45402735:A:AT
22:45403062:C:G
22:45403117:C:T
22:45403450:A:G
22:45404335:C:G
22:45404497:A:G
22:45405433:C:T
22:45405549:A:G
22:45406439:A:G
22:45406513:C:T
22:45406533:C:T
22:45407039:A:G
22:45407118:C:T
22:45407148:G:T
22:45407153:A:G
22:45407206:C:G
22:45407417:A:C
22:45407536:T:TA
22:45407597:A:C
22:45407598:C:T
22:45407609:A:T
22:45407618:C:T
22:45407806:A:G
22:45408133:C:T
22:45408177:A:G
22:45408347:A:G
22:45408406:G:T
22:45408407:A:G
22:45408449:A:G
22:45408486:A:G
22:45408648:G:T
22:45409136:C:T
22:45409196:A:G
22:45409363:C:CT
22:45409447:C:T
22:45409639:A:G
22:45409735:A:G
22:45409892:C:T
22:45409967:C:CAA
22:45411582:T:TA
22:45411977:A:G
22:45412258:A:G
22:45412463:T:TGGTTTGGTTTG
22:45412589:C:T
22:45412655:A:C
22:45413039:G:T
22:45413178:A:G
22:45413893:C:CAAA
22:45413902:A:C
22:45413905:A:C
22:45413907:A:C
22:45414166:A:G
22:45414197:C:G
22:45414327:A:T
22:45414343:G:GA
22:45414473:C:CA
22:45414660:A:AC
22:45415115:A:G
22:45415272:C:T
22:45415276:G:T
22:45415411:C:G
22:45415412:C:T
22:45415430:A:C
22:45415832:C:T
22:45416711:C:G
22:45416842:A:AG
22:45418395:C:T
22:45418904:C:T
22:45419402:C:T
22:45419588:A:AG
22:45420115:C:T
22:45420296:C:CA
22:45420487:C:T
22:45420881:A:C
22:45421078:A:AAG
22:45421079:A:AG
22:45421242:C:T
22:45421536:A:G
22:45421562:C:T
22:45421740:G:T
22:45421803:A:T
22:45422096:C:T
22:45422109:A:C
22:45422538:C:G
22:45424382:A:G
22:45425233:A:C
22:45425428:C:T
22:45425556:C:T
22:45425741:C:G
22:45425844:A:G
22:45426772:G:T
22:45426780:G:T
22:45426806:A:G
22:45426854:A:T
22:45426892:C:T
22:45427311:A:G
22:45427386:A:T
22:45427397:A:C
22:45427411:A:G
22:45427413:C:T
22:45427531:A:G
22:45427586:C:T
22:45427615:T:TCA
22:45427870:G:T
22:45428366:C:G
22:45428474:C:T
22:45428606:G:T
22:45428694:A:G
22:45429152:A:T
22:45429393:G:T
22:45429394:G:T
22:45430277:C:G
22:45430316:C:G
22:45430506:G:GGTGCACAACACCATGT
22:45430596:A:G
22:45430722:A:T
22:45431204:G:GC
22:45431330:A:G
22:45431796:A:G
22:45432012:A:G
22:45432447:C:G
22:45432462:A:G
22:45432634:A:G
22:45432916:A:G
22:45432928:G:T
22:45432930:C:T
22:45433868:C:T
22:45435881:A:G
22:45435937:A:G
22:45436629:C:G
22:45436799:C:T
22:45437952:A:C
22:45438022:A:G
22:45438256:C:G
22:45438927:C:T
22:45439908:A:G
22:45440434:C:G
22:45441268:C:G
22:45442370:A:C
22:45442778:C:T
22:45445274:C:T
22:45447241:A:G
22:45448740:C:T
22:45449114:A:T
22:45450815:A:G
22:45450904:A:G
22:45450935:C:T
22:45452853:T:TA
22:45452872:G:T
22:45453200:A:G
22:45453867:A:G
22:45454171:C:T
22:45454225:C:G
22:45454275:C:T
22:45454918:A:G
22:45455407:C:T
22:45455599:A:G
22:45456171:C:G
22:45456420:A:G
22:45458558:A:G
22:45458791:C:T
22:45458827:A:G
22:45459791:C:T
22:45460567:G:GT
22:45461313:G:T
22:45461782:A:G
22:45463379:C:CA
22:45463797:G:T
22:45464635:C:T
22:45464990:A:C
22:45465029:C:T
22:45465068:A:C
22:45466018:C:T
22:45466098:C:G
22:45466415:A:G
22:45466787:C:G
22:45467871:A:G
22:45468114:C:G
22:45468670:G:GT
22:45469503:A:G
22:45469786:G:T
22:45470548:A:G
22:45470967:A:G
22:45471360:A:C
22:45471607:C:T
22:45472046:C:T
22:45472084:A:G
22:45472103:C:T
22:45472574:C:T
22:45473067:C:T
22:45473974:A:T
22:45475877:C:T
22:45477213:G:T
22:45479161:A:G
22:45481975:A:G
22:45482180:G:T
22:45482258:C:G
22:45483371:A:G
22:45484152:A:G
22:45485365:A:T
22:45485586:A:G
22:45486769:G:GA
22:45490018:A:T
22:45490433:A:T
22:45490736:C:T
22:45490776:A:G
22:45491007:C:T
22:45491188:G:T
22:45491332:C:T
22:45491630:A:G
22:45492608:A:C
22:45492883:A:C
22:45493403:A:G
22:45493589:A:G
22:45494144:A:G
22:45494416:A:T
22:45494558:C:CA
22:45494832:A:G
22:45494840:G:T
22:45495205:A:AG
22:45495262:A:C
22:45495549:A:C
22:45495696:A:C
22:45495756:A:G
22:45496355:C:T
22:45496456:C:T
22:45496549:C:T
22:45496589:C:CA
22:45496593:C:G
22:45497187:A:G
22:45497395:A:G
22:45498003:A:G
22:45498578:C:CA
22:45498909:C:T
22:45499903:A:G
22:45500455:A:G
22:45501424:A:G
22:45501429:C:T
22:45501467:C:G
22:45501477:A:G
22:45501698:A:G
22:45502739:C:G
22:45503517:A:G
22:45503873:A:G
22:45505494:A:G
22:45506547:C:G
22:45508406:C:G
22:45508503:C:T
22:45511892:G:T
22:45512255:A:T
22:45512263:C:T
22:45512358:A:C
22:45513060:A:C
22:45513062:A:G
22:45514552:A:G
22:45514915:C:T
22:45514975:C:T
22:45514995:C:CAT
22:45515269:C:T
22:45515308:C:T
22:45515705:A:G
22:45516107:C:G
22:45516189:G:T
22:45516202:A:G
22:45516206:C:G
22:45516216:G:T
22:45516236:A:G
22:45516623:C:CTT
22:45516763:A:G
22:45516864:A:G
22:45516874:C:T
22:45517196:C:T
22:45517208:A:C
22:45517264:A:T
22:45517623:G:T
22:45517796:A:G
22:45518000:G:GC
22:45518015:C:T
22:45518331:A:ACT
22:45518388:A:C
22:45518633:A:G
22:45518676:A:G
22:45518842:G:GA
22:45518890:A:G
22:45518976:G:T
22:45519001:C:CT
22:45519040:G:T
22:45519468:A:C
22:45519492:A:C
22:45519752:C:T
22:45520050:A:G
22:45520792:G:GA
22:45520858:A:AC
22:45521142:A:G
22:45521478:A:C
22:45521739:A:G
22:45521743:C:T
22:45521773:C:T
22:45521944:A:C
22:45522258:A:G
22:45522276:C:T
22:45522905:T:TC
22:45523160:A:G
22:45523324:G:T
22:45523391:A:G
22:45523560:G:T
22:45523909:C:T
22:45524052:A:T
22:45524667:C:CT
22:45524700:A:G
22:45525190:A:C
22:45525484:A:G
22:45526633:C:T
22:45527122:C:G
22:45527215:C:T
22:45527265:A:AT
22:45527343:C:T
22:45527815:C:T
22:45527845:C:T
22:45528073:C:T
22:45528111:C:CT
22:45528276:A:AT
22:45529502:G:T
22:45529576:C:G
22:45530119:A:C
22:45530876:C:T
22:45531515:C:T
22:45532228:A:G
22:45532287:C:T
22:45532666:A:G
22:45532997:A:T
22:45533353:C:CAA
22:45533662:A:G
22:45534295:G:T
22:45534688:A:G
22:45534882:A:T
22:45534891:T:TCC
22:45535769:C:CATT
22:45535999:C:T
22:45536902:A:G
22:45537096:C:T
22:45537408:T:TA
22:45537486:A:G
22:45537528:C:T
22:45538999:A:G
22:45539841:G:T
22:45542017:C:T
22:45544346:A:T
22:45545955:A:C
22:45546070:A:G
22:45546274:C:T
22:45547603:C:G
22:45548142:A:AT
22:45548162:C:T
22:45549849:C:G
22:45551071:C:T
22:45551356:T:TTC
22:45552575:C:CTTTA
22:45553210:C:T
22:45553459:A:G
22:45553481:A:G
22:45554831:C:T
22:45559416:A:G
22:45559741:G:T
22:45559997:C:T
22:45560401:A:C
22:45560584:C:T
22:45560707:C:T
22:45560731:A:G
22:45561660:A:G
22:45563707:C:T
22:45564908:A:G
22:45565200:A:G
22:45565368:A:G
22:45565937:A:G
22:45565946:C:T
22:45566087:C:T
22:45566127:A:G
22:45566208:C:G
22:45566360:C:T
22:45566457:C:T
22:45566467:A:G
22:45566562:A:T
22:45568104:C:T
22:45568310:G:T
22:45568419:A:G
22:45568488:C:CA
22:45569219:G:GTT
22:45569845:C:T
22:45570064:C:CT
22:45570244:C:G
22:45570685:A:C
22:45570969:C:T
22:45571446:C:T
22:45573154:C:T
22:45573406:A:C
22:45573450:A:C
22:45573695:C:CTT
22:45576140:C:T
22:45576401:C:T
22:45577372:T:TCAAGTGGAACAGGAAAGAATTC
22:45577537:A:C
22:45578489:A:G
22:45578916:C:T
22:45578953:C:T
22:45579422:A:G
22:45579733:C:T
22:45579879:A:G
22:45580789:A:C
22:45580836:C:G
22:45581577:C:T
22:45582140:A:G
22:45583063:T:TTA
22:45583107:A:C
22:45583141:G:T
22:45583606:G:T
22:45583642:A:G
22:45583740:C:G
22:45583803:A:G
22:45583912:C:T
22:45583935:A:G
22:45584058:C:T
22:45584698:A:AAG
22:45584843:A:G
22:45586273:A:G
22:45586485:C:T
22:45586794:A:G
22:45587047:A:G
22:45587058:A:G
22:45587745:G:T
22:45588377:A:T
22:45588800:G:GA
22:45589490:A:G
22:45589703:C:G
22:45589817:C:T
22:45590160:T:TAGTC
22:45590861:A:G
22:45591553:A:AG
22:45591592:A:G
22:45592580:C:T
22:45593055:A:G
22:45593399:C:T
22:45593661:C:T
22:45594002:A:G
22:45594044:A:C
22:45594541:C:T
22:45594863:C:G
22:45595063:C:T
22:45595247:C:T
22:45595255:A:G
22:45595721:A:G
22:45596249:A:G
22:45596506:A:G
22:45597631:C:T
22:45598280:C:T
22:45599504:C:T
22:45599538:A:C
22:45600906:A:G
22:45601611:A:G
22:45602308:C:T
22:45602407:A:G
22:45602573:G:T
22:45602582:A:AT
22:45602620:A:G
22:45602925:C:T
22:45603033:C:G
22:45603334:C:G
22:45603366:A:AT
22:45603425:A:G
22:45603485:A:G
22:45603501:A:G
22:45603545:C:T
22:45603631:C:G
22:45603638:A:G
22:45604128:C:G
22:45604250:C:T
22:45604381:A:G
22:45604410:C:T
22:45604442:C:T
22:45604799:C:T
22:45604820:A:C
22:45605118:C:T
22:45605128:C:G
22:45605166:G:T
22:45605555:C:T
22:45605804:A:G
22:45605848:C:T
22:45606098:A:C
22:45606159:C:T
22:45606437:A:G
22:45606506:A:G
22:45606511:C:T
22:45606738:A:C
22:45608347:A:G
22:45608360:C:G
22:45608977:A:G
22:45609617:A:G
22:45610373:A:G
22:45610624:T:TA
22:45610864:C:T
22:45611053:C:T
22:45611054:A:G
22:45611226:A:C
22:45611337:C:T
22:45611451:A:C
22:45611645:C:T
22:45611846:C:T
22:45612114:C:T
22:45612210:A:G
22:45612315:C:T
22:45612317:C:T
22:45612336:A:G
22:45612551:C:T
22:45612755:C:T
22:45612969:C:T
22:45613127:A:G
22:45613150:A:G
22:45613305:C:T
22:45613728:T:TC
22:45614060:C:CAG
22:45614188:A:G
22:45614310:C:CT
22:45614580:C:T
22:45614603:C:G
22:45614700:C:T
22:45614703:C:T
22:45614893:C:T
22:45614921:A:AAAGG
22:45615695:C:T
22:45615774:G:T
22:45616105:A:G
22:45616165:C:G
22:45616449:C:G
22:45617435:A:G
22:45617479:A:G
22:45617765:A:G
22:45617877:A:C
22:45618167:A:G
22:45618509:A:AG
22:45618558:C:T
22:45618888:C:T
22:45618889:A:G
22:45621091:A:G
22:45621653:A:C
22:45622014:C:T
22:45622351:A:G
22:45622684:A:G
22:45624654:A:ATC
22:45625256:C:T
22:45625307:T:TCTA
22:45625723:C:T
22:45626085:A:G
22:45627967:A:G
22:45629260:A:G
22:45629446:G:T
22:45629572:C:T
22:45631436:C:T
22:45631582:A:G
22:45631597:A:G
22:45633291:A:G
22:45633373:A:G
22:45633805:C:CT
22:45634738:C:T
22:45635216:C:T
22:45637001:A:T
22:45637002:C:G
22:45637632:C:G
22:45638165:C:T
22:45638240:C:T
22:45638535:G:T
22:45639411:C:T
22:45639540:A:G
22:45639572:A:G
22:45639846:C:T
22:45639900:A:G
22:45640134:A:T
22:45640486:C:T
22:45641265:C:T
22:45641391:G:T
22:45641411:G:T
22:45641420:C:T
22:45641544:C:G
22:45641545:C:T
22:45641579:A:G
22:45641613:A:G
22:45642861:G:T
22:45643219:A:G
22:45643445:A:AAAGAAAAAG
22:45643680:A:G
22:45643689:C:T
22:45643770:A:T
22:45643799:A:AGTT
22:45643850:A:G
22:45643851:C:T
22:45644089:C:CA
22:45644307:C:T
22:45644371:C:T
22:45644501:C:T
22:45644654:A:AGGTAGGGTGGGCCAG
22:45644825:A:G
22:45645001:G:T
22:45645299:C:T
22:45645454:C:T
22:45645467:C:T
22:45645469:A:G
22:45645788:C:T
22:45645802:A:G
22:45645858:C:T
22:45645968:C:T
22:45647066:C:T
22:45647123:G:GACA
22:45647205:G:GAGA
22:45647347:C:T
22:45647357:A:G
22:45647363:A:T
22:45647431:C:G
22:45647534:C:T
22:45647577:C:T
22:45647755:A:G
22:45647759:C:CAAAA
22:45647817:C:T
22:45647834:A:G
22:45648051:C:G
22:45648207:C:G
22:45648224:G:T
22:45648338:A:G
22:45648418:C:T
22:45648486:C:T
22:45648619:A:G
22:45648651:C:T
22:45648687:C:CT
22:45648688:C:T
22:45648691:A:C
22:45648846:A:G
22:45648952:C:T
22:45648960:A:G
22:45649071:C:T
22:45649084:A:G
22:45649161:C:T
22:45649533:C:T
22:45649668:A:G
22:45651045:A:G
22:45651945:A:G
22:45652840:C:T
22:45653411:G:T
22:45653416:C:T
22:45653617:C:T
22:45653621:A:G
22:45653843:A:C
22:45657812:A:G
22:45658035:C:T
22:45658162:C:T
22:45658243:A:G
22:45658278:C:G
22:45658298:C:T
22:45658487:C:G
22:45658593:C:G
22:45658601:A:G
22:45658630:G:T
22:45658809:A:G
22:45659082:G:T
22:45659209:C:T
22:45659559:C:G
22:45659560:C:T
22:45660073:A:G
22:45660094:A:G
22:45660289:A:ATTTGTTTG
22:45660355:A:C
22:45660440:C:T
22:45660503:C:T
22:45660776:A:G
22:45660788:C:T
22:45660885:A:G
22:45661011:A:G
22:45661178:C:T
22:45661285:C:T
22:45661431:A:G
22:45661511:C:T
22:45661549:A:G
22:45661620:A:C
22:45661670:A:G
22:45661694:A:G
22:45661864:A:C
22:45661904:A:T
22:45661944:C:G
22:45661950:A:G
22:45661970:G:T
22:45662123:A:G
22:45662279:C:T
22:45662320:A:G
22:45662473:A:G
22:45662474:C:T
22:45662556:A:T
22:45662848:C:T
22:45663041:C:CAT
22:45663408:C:G
22:45664258:A:T
22:45664607:C:T
22:45664852:C:T
22:45664853:A:C
22:45665663:C:T
22:45665787:C:G
22:45667638:A:ATTG
22:45667722:C:T
22:45668012:C:T
22:45668682:C:T
22:45670330:A:G
22:45670674:C:T
22:45671001:C:T
22:45671159:A:G
22:45672198:A:AT
22:45672288:C:G
22:45672709:C:T
22:45673092:T:TA
22:45673317:A:G
22:45673477:A:C
22:45673578:A:T
22:45674505:A:G
22:45675167:A:G
22:45675469:A:T
22:45675646:A:G
22:45676118:G:T
22:45676364:C:T
22:45677261:C:T
22:45677332:G:GGGGT
22:45677730:A:G
22:45677902:A:G
22:45677906:A:G
22:45678528:C:T
22:45679013:A:G
22:45679214:A:G
22:45679245:C:G
22:45679312:G:GA
22:45679528:C:T
22:45679666:A:C
22:45679870:A:ATTTTTTT
22:45679975:A:G
22:45680197:T:TG
22:45680260:A:T
22:45680600:A:G
22:45680661:C:G
22:45680824:A:G
22:45680870:C:G
22:45681340:A:G
22:45681511:G:GAGGGTGTTTTTACT
22:45682275:C:G
22:45682334:C:T
22:45682371:C:T
22:45682425:A:G
22:45682487:A:G
22:45682663:C:T
22:45682975:A:G
22:45683036:C:G
22:45683304:C:G
22:45683607:A:C
22:45683700:C:T
22:45683701:A:G
22:45683837:C:T
22:45684081:C:CT
22:45684098:C:T
22:45684738:A:G
22:45684810:T:TA
22:45685185:G:T
22:45685413:C:G
22:45686044:C:T
22:45686090:A:G
22:45686148:A:G
22:45687284:G:GTGTA
22:45687490:C:CTG
22:45688096:A:G
22:45688745:C:G
22:45690816:A:G
22:45693443:A:G
22:45693878:A:G
22:45695549:C:CT
22:45695668:A:G
22:45696739:A:G
22:45696771:T:TGGAGCCC
22:45697134:C:T
22:45697675:A:G
22:45697923:C:G
22:45698406:A:G
22:45698938:G:T
22:45701128:G:T
22:45701427:A:AT
22:45701732:C:T
22:45703444:A:G
22:45704478:T:TC
22:45704628:A:G
22:45705241:G:T
22:45707916:C:T
22:45711159:C:T
22:45711854:A:G
22:45712163:C:T
22:45713020:A:G
22:45713764:A:G
22:45714489:C:T
22:45719497:C:G
22:45721284:C:T
22:45721547:C:G
22:45722047:C:T
22:45722753:G:GGTGT
22:45723253:A:T
22:45723465:A:G
22:45723526:C:T
22:45723584:A:G
22:45724761:C:T
22:45726220:A:G
22:45726345:A:G
22:45727180:A:G
22:45727751:C:T
22:45728978:C:G
22:45729555:C:CA
22:45731050:A:G
22:45731376:A:G
22:45731539:C:T
22:45731730:C:T
22:45731731:A:G
22:45733199:C:T
22:45733489:A:T
22:45735258:C:T
22:45735338:C:CAT
22:45736153:A:G
22:45736767:A:G
22:45737787:A:G
22:45738327:A:T
22:45739322:C:T
22:45739412:C:CTTT
22:45740224:A:G
22:45741718:C:T
22:45742760:A:G
22:45744423:C:T
22:45744546:A:G
22:45744854:A:G
22:45745437:A:G
22:45745439:A:T
22:45746426:A:G
22:45746826:G:T
22:45747901:C:T
22:45748862:C:T
22:45749170:G:GA
22:45752042:A:AT
22:45756081:A:G
22:45757987:C:T
22:45759591:T:TA
22:45760704:C:CTTTTTTTTTTTTTTT
22:45763677:A:C
22:45764678:C:T
22:45764874:C:T
22:45766485:A:G
22:45766689:C:G
22:45767369:A:G
22:45767391:C:T
22:45767421:C:T
22:45771091:C:G
22:45771974:A:G
22:45772592:C:T
22:45772596:G:GT
22:45774434:T:TA
22:45774531:A:T
22:45775603:C:CT
22:45776213:A:G
22:45778523:A:AAATC
22:45778525:A:AG
22:45778830:A:G
22:45781049:A:T
22:45782142:A:G
22:45783722:A:G
22:45783844:A:G
22:45784627:C:T
22:45785847:A:C
22:45786514:A:G
22:45786583:T:TA
22:45786944:C:CT
22:45788091:A:G
22:45788098:C:G
22:45789743:G:T
22:45789845:T:TA
22:45789974:C:G
22:45793131:A:T
22:45794283:C:T
22:45800003:C:G
22:45800926:A:T
22:45807538:C:G
22:45808036:C:T
22:45808977:A:G
22:45809698:A:G
22:45811079:G:GA
22:45811362:A:G
22:45813445:A:G
22:45813687:A:G
22:45815576:A:G
22:45816269:C:T
22:45817099:C:G
22:45817463:A:T
22:45819147:G:GC
22:45821715:C:T
22:45821909:C:T
22:45821935:A:G
22:45822347:C:T
22:45823593:C:T
22:45823921:C:T
22:45826011:A:C
22:45826033:A:G
22:45827679:C:T
22:45828546:A:G
22:45828653:C:CTGG
22:45829560:A:G
22:45830049:A:G
22:45830784:C:G
22:45832338:A:T
22:45832419:C:G
22:45832873:C:G
22:45832902:A:G
22:45833021:G:T
22:45833924:C:CT
22:45834680:A:G
22:45835173:G:T
22:45835752:C:CA
22:45836307:T:TG
22:45836444:C:CA
22:45836722:C:T
22:45836893:G:T
22:45837032:A:T
22:45837033:A:C
22:45838156:A:G
22:45838646:C:T
22:45838817:C:T
22:45839056:A:G
22:45840721:G:T
22:45841277:A:T
22:45843925:C:G
22:45844496:C:G
22:45844681:A:C
22:45846371:C:T
22:45846472:A:C
22:45846671:A:G
22:45846741:G:T
22:45846965:A:G
22:45847196:G:T
22:45848022:A:G
22:45848271:C:T
22:45849556:A:G
22:45851175:C:T
22:45852449:C:T
22:45852513:A:G
22:45852569:A:G
22:45853108:C:T
22:45853963:C:T
22:45854346:A:G
22:45855202:A:G
22:45855243:C:T
22:45856601:A:G
22:45856941:A:G
22:45858097:A:G
22:45858278:A:G
22:45858563:A:G
22:45858990:C:CA
22:45859355:C:T
22:45859806:A:G
22:45859810:A:G
22:45860102:C:G
22:45860355:A:C
22:45860562:A:C
22:45860625:A:T
22:45860831:A:G
22:45862232:A:AT
22:45863608:A:G
22:45863870:C:T
22:45864459:A:G
22:45864559:A:T
22:45864934:C:T
22:45865055:C:T
22:45865578:A:T
22:45865631:A:T
22:45866027:C:G
22:45866488:A:T
22:45866524:A:G
22:45866529:C:T
22:45866746:C:G
22:45866783:C:T
22:45867783:C:CA
22:45867900:C:T
22:45869155:C:T
22:45869314:C:T
22:45869493:C:G
22:45870321:A:G
22:45870429:A:G
22:45870580:A:G
22:45870627:C:CT
22:45870667:C:T
22:45871351:A:G
22:45871507:C:G
22:45873650:C:G
22:45873696:C:T
22:45874327:A:G
22:45874374:C:G
22:45874618:A:G
22:45875349:C:T
22:45875350:C:T
22:45875823:A:G
22:45877337:A:G
22:45877968:C:CA
22:45878439:A:C
22:45878581:C:G
22:45878746:C:T
22:45878808:A:T
22:45878829:A:G
22:45878933:C:G
22:45878935:C:T
22:45878984:A:G
22:45879071:A:T
22:45879399:C:G
22:45879432:C:T
22:45879831:C:T
22:45880003:A:G
22:45880276:A:T
22:45881048:A:G
22:45881227:A:C
22:45881315:A:G
22:45881596:C:T
22:45883245:A:G
22:45883826:C:G
22:45883914:C:T
22:45884487:A:G
22:45885074:A:G
22:45885214:A:G
22:45885280:C:T
22:45885401:A:G
22:45885646:A:G
22:45885891:C:T
22:45885974:C:T
22:45885984:C:T
22:45886102:C:T
22:45886405:A:C
22:45886764:A:G
22:45886998:A:G
22:45887101:C:T
22:45887108:C:CT
22:45887135:A:C
22:45887156:C:T
22:45887190:A:G
22:45887333:C:T
22:45887425:C:T
22:45887555:A:G
22:45887857:C:T
22:45887946:A:G
22:45888073:C:T
22:45888594:G:T
22:45888632:A:G
22:45889012:C:G
22:45889480:C:CT
22:45889494:G:GT
22:45889543:A:G
22:45889643:C:T
22:45889679:A:G
22:45890029:C:G
22:45890076:C:CT
22:45890227:C:T
22:45890962:A:G
22:45891071:T:TAAAAC
22:45891115:C:T
22:45891235:A:C
22:45891533:C:T
22:45891573:C:G
22:45892433:A:G
22:45892887:A:G
22:45893010:A:G
22:45893295:C:T
22:45894122:C:T
22:45894507:A:T
22:45895218:A:G
22:45898074:C:T
22:45898117:C:T
22:45898130:A:T
22:45898252:G:T
22:45898363:A:T
22:45898592:C:G
22:45899655:C:T
22:45901940:C:T
22:45903132:A:G
22:45903654:C:T
22:45904026:A:G
22:45904484:C:T
22:45905428:C:T
22:45905561:A:G
22:45905847:A:C
22:45905848:A:C
22:45907037:A:AT
22:45907307:A:T
22:45907347:A:T
22:45907372:C:G
22:45907489:A:G
22:45907687:A:G
22:45908441:G:T
22:45908461:C:T
22:45908475:C:G
22:45909099:A:G
22:45909153:C:T
22:45909224:A:G
22:45909354:C:T
22:45909464:A:AC
22:45909528:C:G
22:45909529:C:G
22:45909530:A:C
22:45909801:C:G
22:45909859:C:G
22:45910152:A:G
22:45910381:C:T
22:45911590:C:G
22:45911714:A:G
22:45912067:C:T
22:45912376:A:G
22:45912590:A:C
22:45912747:C:G
22:45913394:A:G
22:45914430:C:CT
22:45914461:A:G
22:45915418:C:T
22:45915640:C:T
22:45915909:C:T
22:45916360:C:CA
22:45916679:A:G
22:45917904:C:T
22:45918491:A:G
22:45919475:C:T
22:45920999:A:G
22:45921359:A:G
22:45921631:C:T
22:45921867:C:G
22:45921883:C:T
22:45922163:C:G
22:45922436:AG:T
22:45922466:A:G
22:45922844:G:T
22:45923077:C:G
22:45924001:T:TG
22:45924094:C:T
22:45924112:C:T
22:45924173:C:T
22:45924477:A:G
22:45924680:A:G
22:45924946:A:T
22:45924989:C:T
22:45925004:C:G
22:45925013:A:G
22:45925016:C:G
22:45925022:C:G
22:45925027:A:G
22:45925166:A:T
22:45925432:C:T
22:45925607:A:G
22:45925671:C:T
22:45925838:A:G
22:45925868:C:G
22:45925912:C:T
22:45925961:T:TGTTCTTA
22:45926526:C:T
22:45926585:C:T
22:45926650:C:CT
22:45926724:A:T
22:45926788:C:T
22:45927045:C:T
22:45927112:A:G
22:45927220:C:G
22:45928019:C:T
22:45928205:C:T
22:45928324:A:G
22:45928660:C:T
22:45928662:C:T
22:45928751:C:G
22:45928841:A:G
22:45929200:C:T
22:45929348:C:T
22:45929391:A:G
22:45929427:A:C
22:45929577:C:T
22:45929614:C:T
22:45930074:G:GT
22:45930542:A:G
22:45930583:C:T
22:45930584:A:G
22:45931262:C:T
22:45932009:A:G
22:45932279:C:T
22:45934420:G:T
22:45935001:A:C
22:45935311:C:T
22:45935382:G:T
22:45936121:C:T
22:45936172:G:T
22:45936350:A:G
22:45936527:G:T
22:45937061:A:G
22:45937149:C:T
22:45937378:C:T
22:45937384:A:G
22:45938338:A:G
22:45938584:C:T
22:45940155:C:T
22:45940156:A:G
22:45940157:A:G
22:45940164:A:C
22:45940888:A:G
22:45940934:A:G
22:45941443:A:G
22:45941807:C:T
22:45942726:G:T
22:45944980:A:G
22:45945568:A:G
22:45945914:A:G
22:45950803:A:G
22:45950985:A:G
22:45951152:A:AAT
22:45953123:C:T
22:45953291:A:C
22:45953734:A:G
22:45954029:A:G
22:45954278:A:G
22:45954530:A:G
22:45954547:A:AAC
22:45954805:C:T
22:45954876:C:T
22:45954897:A:T
22:45955279:C:T
22:45955545:C:T
22:45959337:C:T
22:45959540:A:G
22:45959859:C:G
22:45959894:C:G
22:45961213:C:T
22:45961284:C:G
22:45961904:G:T
22:45962522:C:T
22:45963013:A:G
22:45963523:A:G
22:45963590:C:G
22:45963794:C:G
22:45964483:C:T
22:45964502:C:T
22:45964508:A:G
22:45964637:A:G
22:45964641:C:T
22:45964642:C:T
22:45964689:A:G
22:45964702:C:T
22:45965133:C:T
22:45965389:G:T
22:45965406:C:T
22:45965407:G:T
22:45965672:A:G
22:45965698:C:T
22:45966133:A:G
22:45966235:G:GA
22:45966499:T:TA
22:45966991:C:CAAAA
22:45967526:A:G
22:45969431:C:T
22:45969862:T:TCTC
22:45970029:C:T
22:45971490:A:G
22:45972610:A:G
22:45974757:A:G
22:45974913:C:T
22:45977070:A:T
22:45977415:C:T
22:45977562:C:T
22:45977674:C:T
22:45978387:C:T
22:45979558:A:C
22:45979775:C:T
22:45980298:A:G
22:45980908:A:C
22:45981100:A:C
22:45981911:A:AT
22:45982783:A:G
22:45982830:A:C
22:45982869:C:T
22:45982995:A:G
22:45982997:A:C
22:45983415:C:T
22:45983541:C:G
22:45983901:A:G
22:45984158:C:T
22:45984215:G:T
22:45984693:C:CA
22:45986536:A:G
22:45990576:A:G
22:45990608:G:GGATA
22:45991798:A:G
22:45991909:C:T
22:45994967:C:T
22:45995868:C:G
22:45997768:C:G
22:45997852:C:T
22:45998867:A:G
22:46000105:C:T
22:46001940:C:G
22:46002087:A:G
22:46002152:G:T
22:46002768:C:T
22:46002777:A:G
22:46003078:A:G
22:46004023:C:T
22:46004689:C:G
22:46004878:A:G
22:46006110:A:G
22:46006790:A:T
22:46007029:A:C
22:46008175:A:G
22:46010194:C:T
22:46010781:C:G
22:46010994:A:G
22:46011564:G:T
22:46011644:A:G
22:46012743:A:AAATACAATACAATAC
22:46012808:A:C
22:46012874:G:T
22:46012876:A:G
22:46013139:A:G
22:46013226:C:T
22:46013245:G:T
22:46013626:A:G
22:46013824:A:G
22:46014248:A:G
22:46014249:C:G
22:46014355:A:AG
22:46014359:C:G
22:46014360:C:G
22:46014959:C:G
22:46015012:A:G
22:46015045:A:G
22:46015340:A:G
22:46015430:C:T
22:46015492:C:T
22:46015501:C:CTT
22:46015593:C:T
22:46015594:G:T
22:46015644:A:G
22:46016136:C:G
22:46017493:A:G
22:46017518:A:G
22:46017699:A:G
22:46017935:C:T
22:46018446:C:T
22:46019685:C:G
22:46022046:C:T
22:46022070:A:G
22:46022339:C:T
22:46022494:G:GGGAA
22:46023218:C:G
22:46023527:A:G
22:46023639:G:T
22:46024236:C:T
22:46024638:C:T
22:46024799:C:T
22:46025069:A:G
22:46025353:C:CTCCCTCCCTTCCCTCT
22:46029523:G:T
22:46029843:C:T
22:46030012:C:T
22:46030194:C:G
22:46030976:A:G
22:46031362:A:G
22:46031666:A:G
22:46031700:A:G
22:46032523:C:T
22:46033325:A:G
22:46033326:C:T
22:46033370:C:CTTTTTTTTTTTTTTTTTT
22:46033875:C:T
22:46033927:C:T
22:46034092:C:T
22:46034095:C:T
22:46034283:C:CT
22:46035038:A:G
22:46035116:C:T
22:46035521:A:G
22:46035706:T:TCA
22:46036079:C:G
22:46037048:A:G
22:46037617:A:C
22:46037881:G:T
22:46038194:C:T
22:46038792:C:G
22:46038908:C:T
22:46039046:T:TCTAAG
22:46040062:C:T
22:46040139:G:GA
22:46040548:G:T
22:46040664:A:C
22:46040779:G:T
22:46040996:A:C
22:46041604:C:T
22:46042913:C:T
22:46042979:A:G
22:46043202:C:T
22:46043808:C:T
22:46044539:A:C
22:46044779:C:T
22:46044893:C:G
22:46045140:C:T
22:46045901:C:T
22:46046027:A:G
22:46046056:A:G
22:46046477:A:G
22:46046712:A:G
22:46047849:G:GAA
22:46048174:C:T
22:46048746:A:G
22:46049707:C:T
22:46049715:C:T
22:46049784:A:AT
22:46050928:G:GT
22:46052777:A:G
22:46053210:A:C
22:46053963:G:T
22:46054220:C:T
22:46055325:A:ATG
22:46055327:A:G
22:46056094:A:G
22:46057486:T:TA
22:46057842:G:T
22:46059623:A:G
22:46060541:C:T
22:46060630:A:T
22:46060815:C:T
22:46062205:C:G
22:46062374:A:G
22:46062710:C:T
22:46063036:C:T
22:46063646:C:T
22:46064796:A:T
22:46065463:A:G
22:46068144:A:G
22:46068741:C:T
22:46069109:A:C
22:46070850:C:T
22:46071010:A:G
22:46072888:A:AT
22:46073395:T:TA
22:46075129:A:G
22:46076262:A:G
22:46078271:C:T
22:46078363:A:T
22:46078378:C:CAG
22:46079293:C:T
22:46080017:G:GT
22:46080975:C:CT
22:46081107:A:G
22:46081976:A:G
22:46083738:A:G
22:46087110:A:C
22:46087170:A:G
22:46088119:A:T
22:46088184:C:G
22:46090414:C:G
22:46091246:C:G
22:46091526:A:G
22:46093310:C:T
22:46095997:A:G
22:46097122:G:T
22:46103448:C:T
22:46105257:C:G
22:46106317:C:G
22:46106674:A:C
22:46106914:A:G
22:46107508:A:G
22:46108224:C:T
22:46110876:C:G
22:46111157:T:TA
22:46112245:C:T
22:46113711:C:G
22:46114147:C:T
22:46114244:C:T
22:46115435:A:AT
22:46115730:A:G
22:46116272:A:T
22:46117653:A:T
22:46117843:A:G
22:46118313:C:T
22:46118371:C:T
22:46119962:A:C
22:46121230:G:T
22:46121637:A:G
22:46123048:A:G
22:46124712:A:G
22:46126198:C:T
22:46131637:C:CT
22:46133009:G:T
22:46133853:A:G
22:46134933:A:G
22:46135431:A:T
22:46136559:T:TACACAC
22:46136597:C:T
22:46136599:C:T
22:46136634:G:GTA
22:46137241:A:G
22:46138713:T:TC
22:46140455:C:G
22:46140473:A:G
22:46141551:A:G
22:46142552:C:CT
22:46142637:C:T
22:46144507:A:G
22:46145615:A:T
22:46146508:G:T
22:46146609:G:T
22:46146830:A:C
22:46146999:C:CG
22:46147183:A:G
22:46147634:A:ATAAAAAAAAAAT
22:46147723:G:GTTT
22:46148001:A:G
22:46149148:A:T
22:46149195:A:G
22:46149455:C:T
22:46149876:C:T
22:46149993:A:AT
22:46150048:A:G
22:46150781:C:T
22:46151121:C:T
22:46151139:A:G
22:46151418:C:T
22:46151880:C:T
22:46151955:C:G
22:46152027:C:CT
22:46152037:A:T
22:46152980:C:T
22:46153489:G:GA
22:46153765:A:G
22:46153898:A:G
22:46156446:A:G
22:46156572:A:T
22:46156581:C:T
22:46156622:A:C
22:46156690:A:T
22:46156825:C:G
22:46157281:C:T
22:46157828:G:T
22:46160624:A:G
22:46161229:C:T
22:46161875:A:G
22:46162310:C:T
22:46162518:C:T
22:46163253:A:G
22:46165101:A:C
22:46165393:G:T
22:46165603:C:G
22:46166458:T:TG
22:46167551:C:G
22:46167703:A:G
22:46168644:A:G
22:46169210:C:T
22:46169364:G:T
22:46170276:C:T
22:46171040:C:G
22:46171505:A:G
22:46172626:A:G
22:46172855:A:G
22:46174057:C:T
22:46175914:A:G
22:46175966:C:CT
22:46176461:C:G
22:46176675:C:G
22:46177446:A:T
22:46177755:G:GA
22:46178009:C:T
22:46178183:C:T
22:46178249:A:G
22:46178847:T:TACA
22:46180320:C:T
22:46182792:C:T
22:46182858:A:G
22:46183516:C:T
22:46183567:C:T
22:46183614:A:T
22:46184427:C:G
22:46184765:A:G
22:46184938:A:G
22:46185873:A:G
22:46186452:A:G
22:46187636:A:G
22:46188797:A:G
22:46189190:A:G
22:46189960:A:G
22:46191295:A:T
22:46191352:A:G
22:46191608:A:G
22:46192096:G:T
22:46194588:A:G
22:46194967:G:GT
22:46194973:C:T
22:46195076:C:G
22:46195580:C:T
22:46196402:G:GA
22:46196881:A:C
22:46197605:A:G
22:46198636:A:G
22:46199332:G:T
22:46199651:C:T
22:46200141:C:G
22:46201551:A:G
22:46202925:A:G
22:46203356:C:T
22:46204190:C:T
22:46205189:C:T
22:46205231:A:G
22:46206515:A:G
22:46206700:C:T
22:46207955:C:T
22:46208417:A:G
22:46209335:C:CT
22:46211541:C:T
22:46212127:C:CT
22:46213340:A:G
22:46213841:C:T
22:46214184:C:G
22:46214351:G:T
22:46215713:C:T
22:46216577:C:G
22:46217172:G:T
22:46218401:C:T
22:46218441:C:T
22:46218445:C:T
22:46221619:A:G
22:46223912:A:C
22:46224077:A:T
22:46225618:C:T
22:46227265:A:T
22:46228200:C:T
22:46229169:G:T
22:46229719:C:T
22:46231145:G:T
22:46233742:A:G
22:46235105:C:T
22:46235461:A:C
22:46235505:A:G
22:46236189:A:G
22:46236425:A:G
22:46238069:C:T
22:46238348:A:G
22:46240090:A:G
22:46241660:A:G
22:46242148:A:G
22:46242359:A:G
22:46242474:A:AT
22:46242791:A:G
22:46246529:A:G
22:46246890:A:G
22:46247222:G:T
22:46247678:G:T
22:46248134:A:C
22:46249977:A:G
22:46250958:C:T
22:46251050:A:C
22:46251913:A:G
22:46253270:C:T
22:46253745:A:T
22:46254083:G:T
22:46254084:G:T
22:46254971:C:T
22:46255004:A:G
22:46256095:T:TGTA
22:46256338:G:T
22:46256965:T:TAAAACAAAAC
22:46257355:C:T
22:46258113:A:C
22:46260210:C:T
22:46260340:T:TAAG
22:46261687:A:G
22:46262898:G:T
22:46264237:A:G
22:46268782:A:AG
22:46270998:A:G
22:46272360:C:T
22:46272395:A:G
22:46273803:A:G
22:46273829:A:G
22:46274072:A:G
22:46274133:C:G
22:46274399:A:G
22:46276568:C:G
22:46276987:C:T
22:46277178:A:G
22:46277994:G:T
22:46278148:C:G
22:46278408:C:T
22:46282759:G:T
22:46283280:C:T
22:46290441:C:G
22:46293266:C:T
22:46293440:C:T
22:46296112:C:T
22:46297036:A:G
22:46297103:A:G
22:46297452:A:G
22:46297504:A:C
22:46297609:C:T
22:46297809:A:G
22:46301348:G:T
22:46301714:C:G
22:46302035:A:C
22:46302870:C:T
22:46303161:C:G
22:46303275:C:T
22:46303317:A:G
22:46303323:C:T
22:46303347:C:T
22:46303995:C:T
22:46306932:A:T
22:46307139:C:T
22:46307288:G:T
22:46307508:A:G
22:46307893:C:T
22:46308383:A:G
22:46309196:C:CGAGG
22:46309336:A:G
22:46309359:C:T
22:46309930:C:T
22:46310784:G:GC
22:46310967:C:T
22:46311465:C:T
22:46311903:A:G
22:46312111:C:G
22:46312455:A:C
22:46312973:C:G
22:46313196:C:G
22:46313210:C:G
22:46313445:A:G
22:46313510:A:G
22:46313585:C:T
22:46313618:G:T
22:46313815:A:G
22:46313896:C:G
22:46314108:A:G
22:46314952:C:T
22:46315123:T:TGCC
22:46315623:T:TGGGAGGCC
22:46316150:C:G
22:46316155:C:T
22:46316508:C:T
22:46316576:A:G
22:46316863:A:G
22:46317490:A:G
22:46317920:C:T
22:46318178:C:G
22:46318285:A:G
22:46320535:A:G
22:46320897:A:G
22:46322262:A:G
22:46322460:A:G
22:46322577:C:T
22:46322578:C:CTAAG
22:46322708:A:G
22:46323088:A:G
22:46323243:C:T
22:46323342:A:G
22:46323769:A:C
22:46323772:A:T
22:46323852:A:T
22:46324073:C:T
22:46324145:C:T
22:46324284:A:G
22:46324473:A:C
22:46324625:A:C
22:46324717:G:T
22:46324747:G:T
22:46324748:A:G
22:46324838:C:CCCACAAGCAGGGACCCGAGCTT
22:46324854:C:T
22:46325353:C:T
22:46325355:T:TCCATCCAC
22:46325371:C:CCCATCTGTACAT
22:46325510:A:C
22:46325511:C:T
22:46325575:C:T
22:46325744:C:CCATTCATA
22:46326017:A:G
22:46326019:A:C
22:46326101:C:G
22:46326120:A:G
22:46326135:G:T
22:46326158:A:G
22:46326228:A:G
22:46326466:A:G
22:46326591:C:G
22:46326610:G:T
22:46326620:A:G
22:46326637:A:G
22:46326671:C:G
22:46327857:A:G
22:46327868:A:G
22:46328447:G:T
22:46328699:C:G
22:46328854:C:T
22:46329149:C:T
22:46329818:C:T
22:46332813:A:G
22:46333655:A:T
22:46334133:G:T
22:46335422:C:G
22:46336343:C:T
22:46338457:C:T
22:46338556:C:T
22:46338672:A:G
22:46338673:A:T
22:46338735:C:CTG
22:46338757:A:G
22:46338802:A:G
22:46338826:A:ATG
22:46338892:A:C
22:46339047:C:T
22:46339285:C:G
22:46339988:A:C
22:46340717:A:G
22:46340765:A:G
22:46341887:A:G
22:46341944:C:CT
22:46346121:A:G
22:46346999:C:G
22:46347458:C:T
22:46347544:C:T
22:46347604:A:G
22:46347651:C:G
22:46347683:C:T
22:46347922:C:T
22:46348607:C:T
22:46348684:A:C
22:46348925:A:G
22:46349015:C:T
22:46349031:C:T
22:46349055:C:T
22:46349063:C:T
22:46350101:T:TAG
22:46350526:A:G
22:46350648:C:T
22:46351026:A:T
22:46351482:A:G
22:46353046:C:G
22:46353286:A:G
22:46353583:A:C
22:46353603:A:G
22:46354106:G:T
22:46354585:A:G
22:46356434:C:T
22:46357777:A:G
22:46362396:A:G
22:46365501:C:T
22:46365630:A:G
22:46366127:C:G
22:46369657:C:G
22:46370765:C:T
22:46375013:C:T
22:46375609:C:CACA
22:46375611:C:T
22:46375614:C:T
22:46375802:C:G
22:46375833:C:T
22:46376028:A:C
22:46378575:A:G
22:46380832:C:T
22:46381363:A:G
22:46381414:A:G
22:46383345:A:C
22:46385806:A:G
22:46386609:A:G
22:46386873:C:T
22:46386971:C:T
22:46387366:C:G
22:46387795:C:T
22:46387877:A:C
22:46388915:C:T
22:46390733:C:T
22:46391318:A:G
22:46393961:G:T
22:46395651:C:G
22:46395812:A:G
22:46395930:A:G
22:46396330:A:G
22:46396538:C:T
22:46396925:A:G
22:46397109:C:T
22:46398526:A:G
22:46398717:A:G
22:46398748:C:T
22:46399175:A:T
22:46399356:C:T
22:46400047:A:G
22:46400334:A:G
22:46400476:G:GT
22:46400752:C:T
22:46400756:C:T
22:46400764:A:G
22:46400860:C:CTTTTACTTTTTTCTTTT
22:46400958:C:T
22:46401177:C:T
22:46401381:A:G
22:46401671:C:CT
22:46401735:A:G
22:46402714:A:G
22:46402715:G:T
22:46403039:A:G
22:46403383:C:T
22:46403702:C:CCGCCAA
22:46403715:A:G
22:46403742:A:C
22:46404394:A:G
22:46406470:C:T
22:46406782:A:C
22:46407107:C:T
22:46407715:C:T
22:46407731:A:G
22:46408912:A:G
22:46409292:A:T
22:46414043:A:G
22:46417269:A:G
22:46417323:A:C
22:46417810:G:GA
22:46420485:C:T
22:46424315:T:TG
22:46425259:C:T
22:46425281:A:C
22:46428306:C:T
22:46429851:A:G
22:46429967:C:CATCGTATATATAT
22:46430346:T:TTTTTG
22:46433442:A:G
22:46435553:A:T
22:46436321:A:C
22:46436332:C:T
22:46437356:A:T
22:46438246:A:G
22:46438611:C:T
22:46439137:A:T
22:46439612:T:TTAAGAGAGA
22:46439737:A:C
22:46439977:C:T
22:46440359:C:G
22:46440605:C:T
22:46440984:A:G
22:46443128:A:AC
22:46443129:A:C
22:46444452:A:T
22:46444857:A:G
22:46445002:C:G
22:46445115:G:T
22:46446563:A:G
22:46447132:C:G
22:46447714:C:T
22:46450206:G:T
22:46450297:C:T
22:46451288:A:G
22:46451537:A:G
22:46451812:C:T
22:46451813:C:T
22:46454712:A:G
22:46456963:G:T
22:46457723:A:G
22:46462517:A:T
22:46480602:C:T
22:46483917:A:G
22:46486508:C:T
22:46486786:C:T
22:46487011:A:G
22:46487216:A:G
22:46490731:C:G
22:46490802:G:T
22:46492437:A:G
22:46493852:C:T
22:46494656:C:T
22:46499120:C:G
22:46499890:A:G
22:46500240:C:T
22:46502698:A:G
22:46502870:C:T
22:46504336:C:CT
22:46506409:A:G
22:46507411:C:G
22:46510195:A:G
22:46513376:A:G
22:46515449:A:G
22:46515716:C:T
22:46515993:A:G
22:46516131:C:T
22:46516624:A:G
22:46517293:A:G
22:46518858:C:G
22:46520176:C:T
22:46520949:A:G
22:46520955:A:G
22:46522683:A:G
22:46525178:C:T
22:46525922:A:C
22:46526295:A:G
22:46529729:A:G
22:46530342:C:G
22:46530657:A:G
22:46531354:A:ACATGGGCCAGG
22:46534046:A:G
22:46534945:C:CGGG
22:46534946:C:T
22:46534948:A:T
22:46535934:A:G
22:46542393:A:G
22:46544914:A:T
22:46550106:A:G
22:46550315:C:G
22:46550891:T:TAAAAAAAA
22:46550916:A:C
22:46552719:A:T
22:46553503:A:G
22:46555321:C:T
22:46560011:A:G
22:46561274:A:C
22:46561713:A:G
22:46562173:G:T
22:46562183:C:T
22:46564135:C:T
22:46564250:C:CAA
22:46564691:C:T
22:46565279:C:T
22:46566330:C:T
22:46567388:A:G
22:46576036:C:T
22:46576897:C:T
22:46579365:G:T
22:46579600:C:T
22:46580923:A:G
22:46581790:T:TC
22:46582741:A:G
22:46582838:A:G
22:46584299:A:C
22:46584984:A:G
22:46585428:C:T
22:46585440:C:T
22:46586981:C:T
22:46590278:A:G
22:46591554:A:G
22:46591845:A:G
22:46592822:C:G
22:46593104:A:G
22:46593236:C:T
22:46593818:A:T
22:46593911:A:G
22:46593935:C:T
22:46594089:C:T
22:46594638:A:G
22:46595033:A:G
22:46595035:A:G
22:46595546:A:T
22:46598307:A:G
22:46604397:A:G
22:46604796:C:CGT
22:46604816:C:T
22:46604855:A:G
22:46605190:C:T
22:46605370:A:AT
22:46608888:A:T
22:46609572:C:T
22:46611435:G:T
22:46611639:T:TA
22:46612280:C:CA
22:46612672:C:T
22:46613798:A:G
22:46613852:C:T
22:46613980:A:G
22:46615144:A:G
22:46619419:A:G
22:46619539:C:CA
22:46619870:G:T
22:46622566:A:G
22:46636976:A:G
22:46638128:C:G
22:46638159:A:C
22:46638171:A:G
22:46638211:A:G
22:46638216:C:G
22:46638312:A:G
22:46638365:A:G
22:46638420:C:CT
22:46638486:C:T
22:46641519:A:G
22:46644177:A:G
22:46645148:A:G
22:46646019:C:G
22:46646162:A:C
22:46647429:G:T
22:46648794:T:TG
22:46649344:A:G
22:46649406:C:T
22:46649421:A:C
22:46651623:C:T
22:46651982:A:G
22:46655779:C:G
22:46656242:A:G
22:46659186:A:C
22:46660367:A:G
22:46662497:A:G
22:46663678:C:G
22:46665332:A:AC
22:46672721:A:AAT
22:46677003:C:T
22:46677720:A:G
22:46681503:A:AT
22:46682310:C:G
22:46685514:A:G
22:46686328:C:G
22:46686377:G:T
22:46686395:T:TAGG
22:46686480:T:TAGG
22:46698390:G:GCCT
22:46706959:G:GT
22:46707928:A:G
22:46710024:A:G
22:46710962:G:GT
22:46711065:C:T
22:46714735:A:G
22:46719100:C:G
22:46728056:A:C
22:46730019:A:T
22:46730486:A:T
22:46731689:G:T
22:46736457:A:C
22:46741167:A:G
22:46741593:A:G
22:46743688:A:G
22:46746856:A:G
22:46759111:A:C
22:46762266:C:T
22:46762461:G:GC
22:46763233:A:G
22:46763502:A:G
22:46763846:C:T
22:46764146:A:G
22:46766596:C:G
22:46767763:A:AATCC
22:46768301:C:T
22:46773592:C:G
22:46774673:C:T
22:46776037:A:G
22:46776990:A:C
22:46778566:G:T
22:46780673:C:T
22:46780842:C:T
22:46780957:A:G
22:46780986:A:G
22:46781008:C:T
22:46781431:A:C
22:46781441:A:C
22:46781498:A:G
22:46781556:A:G
22:46781606:A:G
22:46781617:C:T
22:46781618:A:G
22:46785301:C:T
22:46789021:G:T
22:46791081:G:GC
22:46791143:A:T
22:46796848:C:CAAA
22:46805972:C:T
22:46806275:G:GC
22:46807439:C:T
22:46811462:G:T
22:46817846:G:T
22:46817887:A:G
22:46818379:C:G
22:46818398:A:AG
22:46818527:A:G
22:46819504:G:GA
22:46819796:C:T
22:46820104:C:T
22:46820131:A:ATT
22:46820321:G:T
22:46820867:A:G
22:46821309:C:T
22:46821587:C:G
22:46823910:C:T
22:46824326:C:G
22:46827609:A:G
22:46827982:A:G
22:46829743:A:G
22:46830396:A:G
22:46831015:A:G
22:46831786:G:T
22:46835558:C:T
22:46836587:C:T
22:46836592:C:T
22:46837114:A:G
22:46837258:G:T
22:46837508:C:T
22:46837893:A:G
22:46838154:C:T
22:46838212:C:T
22:46838445:A:G
22:46839334:C:G
22:46839400:C:T
22:46839556:T:TCA
22:46839583:C:T
22:46840901:C:G
22:46841063:A:G
22:46842022:C:T
22:46843798:C:T
22:46843801:A:G
22:46845262:A:ACATC
22:46845476:A:G
22:46845600:C:T
22:46848022:A:G
22:46848052:T:TC
22:46850530:C:T
22:46851246:C:T
22:46851714:A:G
22:46851853:C:G
22:46852520:A:G
22:46853588:A:G
22:46854007:A:AGAG
22:46854234:C:T
22:46854398:A:G
22:46854952:G:GTTAA
22:46854986:C:T
22:46856106:A:C
22:46856203:A:C
22:46856344:C:G
22:46856642:A:G
22:46856665:C:T
22:46856846:A:G
22:46856927:C:T
22:46857316:A:C
22:46857486:G:T
22:46857558:A:G
22:46857705:A:G
22:46857742:A:G
22:46857853:A:G
22:46857911:A:G
22:46858318:C:CCTCT
22:46858342:A:C
22:46858542:C:CAAAA
22:46858687:A:G
22:46858809:A:G
22:46859003:C:G
22:46859075:G:T
22:46859137:A:G
22:46859163:A:T
22:46859305:C:T
22:46861091:C:T
22:46861199:C:CCCCACCCCAT
22:46862512:A:G
22:46862892:C:T
22:46862943:A:G
22:46863319:C:T
22:46863378:A:G
22:46863446:A:G
22:46863697:C:T
22:46863773:C:T
22:46863791:C:G
22:46863883:C:T
22:46863995:C:T
22:46864043:A:G
22:46864095:C:T
22:46864176:A:G
22:46864465:A:G
22:46864977:C:T
22:46865138:C:T
22:46865410:G:T
22:46865431:C:G
22:46865542:A:G
22:46865703:A:G
22:46865801:C:T
22:46866461:C:T
22:46868281:C:T
22:46868663:C:T
22:46868691:C:G
22:46869013:C:T
22:46869059:G:T
22:46869170:A:G
22:46869411:A:G
22:46869457:A:G
22:46870330:C:G
22:46870344:A:G
22:46870634:C:CTCCT
22:46871094:A:G
22:46871112:A:G
22:46871261:A:G
22:46871654:A:C
22:46873345:A:G
22:46875235:C:T
22:46875512:T:TG
22:46875743:A:G
22:46875851:C:G
22:46876619:A:G
22:46877174:T:TA
22:46877389:A:G
22:46878038:A:G
22:46878127:A:C
22:46878239:C:G
22:46878252:C:G
22:46878922:C:T
22:46879022:A:G
22:46879233:A:G
22:46879523:C:T
22:46880083:C:T
22:46880326:C:T
22:46881865:C:T
22:46881984:G:T
22:46882038:A:G
22:46882317:C:T
22:46882465:C:T
22:46882478:A:G
22:46882633:A:G
22:46882961:A:G
22:46883340:A:G
22:46883445:C:G
22:46883806:C:G
22:46884307:A:G
22:46884488:A:G
22:46884556:C:T
22:46884562:C:CT
22:46885196:A:G
22:46885607:C:T
22:46885699:C:T
22:46885790:C:CA
22:46885844:A:C
22:46885868:A:G
22:46885999:A:G
22:46886277:A:G
22:46886324:C:T
22:46886436:A:C
22:46886677:C:T
22:46886694:C:G
22:46887091:C:CAT
22:46888449:A:G
22:46888582:C:T
22:46888884:C:T
22:46889009:C:T
22:46889163:C:T
22:46890685:G:T
22:46890899:A:G
22:46891143:A:G
22:46891378:A:G
22:46891724:A:T
22:46891866:A:G
22:46891999:A:G
22:46894278:A:G
22:46894449:A:G
22:46895005:A:C
22:46895565:C:T
22:46895577:A:G
22:46896051:C:T
22:46896491:A:G
22:46896758:A:C
22:46896834:C:T
22:46897134:C:T
22:46897424:A:G
22:46898075:A:G
22:46898236:C:G
22:46898330:A:T
22:46898418:A:G
22:46898929:C:G
22:46899079:C:G
22:46899930:A:G
22:46899939:A:G
22:46900134:A:G
22:46900153:A:G
22:46900185:C:T
22:46900462:C:T
22:46900865:A:G
22:46901015:A:C
22:46901075:C:T
22:46901253:A:G
22:46901525:A:G
22:46901759:A:G
22:46902300:A:G
22:46902610:C:G
22:46902787:C:T
22:46902868:C:T
22:46904952:C:G
22:46905066:G:T
22:46905067:A:C
22:46905142:A:C
22:46905203:C:T
22:46905350:G:T
22:46905397:C:G
22:46905533:C:T
22:46905691:C:G
22:46905847:C:T
22:46905858:A:T
22:46905910:A:G
22:46905920:A:G
22:46906000:C:T
22:46906098:A:G
22:46906485:C:T
22:46906551:A:G
22:46907442:A:G
22:46907587:A:G
22:46907779:A:G
22:46908055:A:G
22:46909808:G:GC
22:46909886:C:T
22:46910630:G:T
22:46911022:A:AC
22:46911296:C:T
22:46911476:C:G
22:46913774:C:T
22:46914298:A:T
22:46916280:C:T
22:46917389:A:G
22:46918720:A:G
22:46918736:A:G
22:46919424:C:CAAATAAAT
22:46919495:C:T
22:46920469:C:G
22:46920473:C:G
22:46921772:A:G
22:46923038:A:G
22:46924596:A:C
22:46924739:C:T
22:46926054:A:T
22:46926334:G:T
22:46926693:C:T
22:46926701:A:G
22:46926875:C:T
22:46926904:C:T
22:46927249:C:T
22:46927667:C:T
22:46929176:C:T
22:46929189:G:T
22:46929359:C:G
22:46931793:C:G
22:46933571:G:GC
22:46933930:G:GC
22:46934303:G:T
22:46934334:A:C
22:46934601:A:G
22:46934813:A:G
22:46935761:T:TTTTTG
22:46936360:A:G
22:46936403:C:T
22:46936440:A:G
22:46936790:C:T
22:46937090:C:T
22:46938098:C:T
22:46938757:A:G
22:46939256:A:C
22:46939480:C:T
22:46939757:C:T
22:46941897:C:G
22:46944039:C:T
22:46944942:C:T
22:46945455:A:G
22:46946120:C:T
22:46946127:C:T
22:46947914:C:T
22:46948424:C:T
22:46948928:A:G
22:46949261:C:T
22:46949400:C:G
22:46950045:A:G
22:46950080:C:T
22:46950143:A:G
22:46950144:C:T
22:46950167:A:G
22:46950244:C:G
22:46950333:T:TGTGGACAGCGTGGGTCTGAATG
22:46950341:A:G
22:46950861:C:T
22:46951129:G:T
22:46951637:A:C
22:46951789:A:G
22:46951935:A:T
22:46951966:G:T
22:46952011:C:T
22:46952102:A:G
22:46952588:A:G
22:46952676:A:G
22:46952848:C:G
22:46953712:C:T
22:46954108:A:G
22:46954369:C:T
22:46954734:T:TAAGTA
22:46954766:C:T
22:46954830:C:CTT
22:46956009:C:T
22:46956040:G:GA
22:46957337:C:CA
22:46957341:A:G
22:46958507:A:C
22:46960529:C:T
22:46961271:C:T
22:46961629:A:C
22:46961967:G:T
22:46962433:A:G
22:46962576:A:T
22:46962673:G:T
22:46963207:G:T
22:46963412:C:T
22:46963413:A:G
22:46963678:A:ATAACTAACTAAC
22:46964544:C:G
22:46964646:A:T
22:46964721:A:AAAAACAAACAAAAAC
22:46964836:A:G
22:46965170:A:G
22:46965493:C:T
22:46965563:C:G
22:46966210:C:T
22:46966536:A:G
22:46966783:C:T
22:46967151:C:G
22:46967630:A:G
22:46967634:A:G
22:46968056:C:T
22:46969552:A:C
22:46970552:A:G
22:46971294:G:T
22:46971620:C:T
22:46971907:A:G
22:46972080:A:G
22:46972152:A:G
22:46972284:T:TC
22:46972775:C:CG
22:46972832:C:G
22:46972836:C:T
22:46973214:C:T
22:46973347:C:T
22:46974203:A:G
22:46974717:C:G
22:46976882:A:G
22:46977702:C:T
22:46979133:A:T
22:46979240:A:G
22:46979914:G:T
22:46981340:A:G
22:46981880:C:T
22:46982143:A:G
22:46982293:C:T
22:46982657:A:G
22:46982885:C:T
22:46983018:A:G
22:46983605:A:G
22:46983998:C:T
22:46984268:A:G
22:46984306:C:T
22:46985837:C:G
22:46986305:C:T
22:46986423:A:T
22:46986911:C:T
22:46986976:A:C
22:46987138:A:G
22:46987302:C:T
22:46987602:C:T
22:46987720:A:ACT
22:46987911:C:CCT
22:46987981:C:T
22:46988647:A:G
22:46989268:G:T
22:46989867:C:T
22:46990119:C:T
22:46990997:A:C
22:46991405:A:G
22:46991470:C:G
22:46991538:C:T
22:46993386:A:G
22:46993582:G:T
22:46993817:C:T
22:46994185:C:T
22:46994275:A:G
22:46994999:A:T
22:46995948:A:G
22:46996137:C:G
22:46996179:A:G
22:46996254:A:G
22:46996309:C:T
22:46997410:C:T
22:46997496:C:T
22:46998334:C:G
22:46999395:C:T
22:46999703:C:T
22:47000085:A:G
22:47000109:C:T
22:47000246:A:G
22:47000761:C:T
22:47000776:C:T
22:47001727:A:G
22:47002680:A:G
22:47002970:A:T
22:47004002:A:G
22:47004501:A:G
22:47004731:C:T
22:47004795:C:T
22:47004896:A:G
22:47004949:A:G
22:47005000:T:TA
22:47005009:A:AAAAACAAAAAAAC
22:47005740:C:T
22:47005757:C:T
22:47007378:A:G
22:47007731:C:CA
22:47008308:C:T
22:47008763:C:T
22:47009189:C:T
22:47009511:C:CAG
22:47009751:C:CTCG
22:47009871:C:T
22:47009915:A:G
22:47010059:A:T
22:47010064:A:T
22:47010281:G:T
22:47010291:C:T
22:47011209:A:G
22:47011561:A:G
22:47011719:A:G
22:47012018:C:T
22:47012101:A:G
22:47012102:C:T
22:47012326:A:T
22:47012592:C:CCT
22:47012989:A:G
22:47013155:C:T
22:47013204:C:T
22:47013510:A:G
22:47013535:C:T
22:47013542:A:C
22:47013718:A:C
22:47015444:A:G
22:47015994:C:T
22:47016352:C:T
22:47016464:T:TAGGGGGC
22:47018166:C:T
22:47018787:C:T
22:47019096:C:T
22:47019494:C:T
22:47019536:A:G
22:47019900:A:G
22:47019936:A:C
22:47020213:C:T
22:47020584:A:G
22:47020755:A:AT
22:47021203:G:T
22:47021996:G:T
22:47024177:C:T
22:47026467:A:C
22:47026796:C:T
22:47026852:C:T
22:47027017:C:T
22:47027319:A:G
22:47027907:A:G
22:47027930:C:T
22:47029976:C:T
22:47030240:A:C
22:47031498:C:T
22:47031670:A:G
22:47031673:G:T
22:47031675:C:G
22:47031696:A:G
22:47031712:A:G
22:47031967:C:T
22:47032965:A:G
22:47033153:C:CT
22:47034722:C:T
22:47034829:A:G
22:47034838:C:T
22:47035189:G:GCCTGTGTGCAGCGGTGGTTAAC
22:47035614:G:T
22:47036451:A:G
22:47037859:A:G
22:47038081:A:G
22:47040677:C:T
22:47040794:C:CTTTTTTTTTTTTTTTTTTT
22:47040898:C:T
22:47042765:A:G
22:47043566:A:G
22:47044596:C:CATGG
22:47045556:A:T
22:47046205:A:AGTGTCGAGGCTGGGTGGAGGGC
22:47046276:G:T
22:47046330:A:AGCATTGAGGCTGG
22:47046512:C:T
22:47046823:A:G
22:47048124:A:G
22:47048378:A:G
22:47048792:A:G
22:47049086:C:T
22:47049138:A:C
22:47049673:A:G
22:47049967:A:G
22:47050210:A:G
22:47050336:C:T
22:47050387:A:G
22:47050744:A:G
22:47051497:C:T
22:47051763:A:G
22:47051787:G:GCCAGGTGGTGGAA
22:47051918:C:T
22:47052693:G:T
22:47052858:C:T
22:47053165:A:G
22:47053233:A:G
22:47053718:C:T
22:47054671:C:T
22:47054695:C:T
22:47054696:A:G
22:47054703:A:G
22:47055132:T:TCCCTCAGCCTCCC
22:47055636:C:T
22:47056375:A:C
22:47056924:A:AAC
22:47057076:A:G
22:47057191:C:T
22:47057197:C:T
22:47057573:A:G
22:47059282:C:T
22:47059372:A:C
22:47059597:A:G
22:47059939:A:G
22:47060277:C:T
22:47060393:C:T
22:47060976:C:T
22:47061641:C:T
22:47061791:C:T
22:47061916:A:T
22:47062894:G:T
22:47063330:A:G
22:47063359:C:T
22:47063574:A:G
22:47064164:A:C
22:47064185:A:G
22:47064837:A:C
22:47065084:A:C
22:47065474:C:G
22:47065684:C:T
22:47065713:C:T
22:47065755:C:T
22:47066796:A:G
22:47066804:C:CT
22:47066920:C:T
22:47067161:C:T
22:47067164:A:G
22:47067225:A:G
22:47067259:A:G
22:47067512:C:T
22:47067547:C:T
22:47068008:C:T
22:47068140:A:G
22:47068198:C:T
22:47068256:G:T
22:47068291:A:G
22:47068365:C:T
22:47068929:T:TG
22:47069026:A:C
22:47069027:T:TA
22:47069034:G:T
22:47069201:A:G
22:47069223:A:G
22:47069349:A:G
22:47070018:A:G
22:47070747:G:T
22:47071159:T:TGTGA
22:47071531:C:T
22:47071638:C:G
22:47071860:A:C
22:47072070:C:T
22:47072477:A:G
22:47072620:C:T
22:47072727:A:G
22:47073254:C:T
22:47073721:C:T
22:47073801:A:G
22:47073861:C:T
22:47073875:C:T
22:47074109:C:G
22:47074258:A:G
22:47074281:A:G
22:47074937:C:T
22:47075462:C:T
22:47075918:A:G
22:47076391:C:G
22:47076402:A:G
22:47076440:T:TGTCC
22:47076718:G:T
22:47077076:C:CAG
22:47077279:A:G
22:47078728:C:T
22:47079400:A:G
22:47079565:G:T
22:47079698:C:T
22:47079791:C:G
22:47079863:C:T
22:47080026:A:G
22:47080465:C:T
22:47080608:A:AT
22:47080801:C:G
22:47080968:G:T
22:47080999:G:GT
22:47081052:C:CTCTT
22:47081088:A:G
22:47081716:A:G
22:47081855:A:G
22:47082345:C:T
22:47082445:C:T
22:47083012:A:T
22:47083219:G:GC
22:47083228:A:C
22:47083231:A:G
22:47083235:C:T
22:47083694:C:G
22:47083770:A:G
22:47084696:A:G
22:47085379:G:T
22:47085924:A:G
22:47086900:A:ATG
22:47087024:C:T
22:47087283:G:T
22:47087347:A:G
22:47087670:A:G
22:47088062:A:G
22:47088149:A:AC
22:47088191:C:T
22:47088686:C:T
22:47088720:G:T
22:47088801:C:CAA
22:47089019:A:C
22:47089110:A:C
22:47089125:A:G
22:47089274:A:G
22:47090121:C:T
22:47090233:A:G
22:47091321:C:T
22:47091342:C:G
22:47091738:C:T
22:47092153:G:T
22:47092293:C:G
22:47092717:C:T
22:47092755:C:G
22:47093846:A:G
22:47094634:C:CA
22:47094937:C:T
22:47095409:C:G
22:47096274:G:T
22:47096375:C:G
22:47096504:G:T
22:47097194:C:T
22:47097450:C:T
22:47097505:C:T
22:47097955:A:G
22:47098086:A:G
22:47098192:A:AT
22:47099954:C:G
22:47102184:C:T
22:47102495:C:G
22:47102525:A:T
22:47103138:C:T
22:47103512:A:G
22:47105477:C:G
22:47105947:C:T
22:47106715:A:G
22:47108669:A:G
22:47108842:C:T
22:47109073:A:G
22:47109401:A:G
22:47109525:A:G
22:47109585:C:T
22:47109589:C:T
22:47109621:C:T
22:47109965:C:T
22:47110218:A:G
22:47110882:G:GA
22:47111538:A:G
22:47111720:A:G
22:47112378:A:G
22:47112837:C:CAAAAAAA
22:47113200:C:T
22:47113753:A:G
22:47113781:C:T
22:47113802:A:ACT
22:47113952:A:G
22:47113994:G:GA
22:47115071:C:G
22:47115390:A:G
22:47115680:C:T
22:47116274:C:T
22:47116317:C:G
22:47116325:A:G
22:47116905:A:G
22:47122979:A:G
22:47123277:C:T
22:47123616:C:T
22:47123963:C:T
22:47124234:C:T
22:47124644:A:T
22:47126152:T:TA
22:47126684:C:T
22:47127075:C:T
22:47129964:C:CAT
22:47130782:A:T
22:47132029:A:C
22:47135963:C:T
22:47135999:A:G
22:47136101:C:T
22:47136107:C:T
22:47136120:C:CA
22:47136367:A:T
22:47136469:A:G
22:47136880:C:T
22:47137255:C:G
22:47137296:C:T
22:47137308:C:T
22:47137496:A:G
22:47137743:A:G
22:47137783:A:G
22:47138112:A:G
22:47138158:C:G
22:47138238:A:G
22:47138302:A:G
22:47138334:A:G
22:47138659:A:G
22:47138686:A:C
22:47138744:C:T
22:47138800:C:T
22:47138835:C:T
22:47138874:C:G
22:47138935:C:T
22:47139003:A:T
22:47139228:A:G
22:47139281:C:T
22:47139357:A:G
22:47139361:C:T
22:47139552:A:C
22:47139583:A:G
22:47139619:A:G
22:47139875:A:G
22:47140127:C:G
22:47140160:C:G
22:47140366:C:T
22:47140408:A:T
22:47140490:A:C
22:47140771:C:G
22:47141284:T:TA
22:47141394:A:G
22:47141426:T:TTTTATTTTATTTTATTTTA
22:47141510:C:G
22:47141789:A:G
22:47141805:C:T
22:47141857:A:G
22:47141979:A:T
22:47142013:A:G
22:47142059:C:T
22:47142339:C:T
22:47142606:G:GC
22:47142667:C:T
22:47142668:A:G
22:47142967:C:T
22:47143002:C:T
22:47143228:C:T
22:47143349:C:G
22:47143376:C:T
22:47143407:A:G
22:47143518:A:G
22:47143775:A:G
22:47143799:A:G
22:47143974:A:G
22:47144016:C:T
22:47144048:C:T
22:47144050:A:C
22:47144051:C:T
22:47144612:C:T
22:47144619:A:G
22:47144658:C:T
22:47144961:C:T
22:47145278:A:G
22:47145301:A:G
22:47145302:C:T
22:47145605:C:T
22:47145609:A:G
22:47145650:G:T
22:47145726:C:T
22:47145908:C:T
22:47146042:A:G
22:47146053:C:G
22:47146222:A:G
22:47146684:C:T
22:47146706:A:G
22:47146867:A:G
22:47146936:A:G
22:47147034:A:C
22:47147646:A:G
22:47147723:C:G
22:47150813:A:C
22:47152176:C:G
22:47153760:A:G
22:47156703:C:T
22:47157139:C:T
22:47157221:C:G
22:47157612:A:C
22:47158179:A:G
22:47159028:C:T
22:47159257:C:G
22:47161507:C:T
22:47161519:C:T
22:47161902:A:G
22:47162055:C:T
22:47163320:A:T
22:47164011:A:G
22:47164865:C:T
22:47164888:A:G
22:47165417:A:C
22:47167594:C:T
22:47167943:C:T
22:47167945:C:T
22:47167975:C:T
22:47167999:C:T
22:47168023:C:T
22:47168259:C:CAT
22:47168263:C:T
22:47168498:C:CATATACAT
22:47168581:A:G
22:47168647:G:T
22:47169032:A:G
22:47169205:A:G
22:47169270:C:T
22:47169606:C:T
22:47169675:A:G
22:47171343:A:G
22:47172296:G:GT
22:47172915:G:T
22:47173156:G:GC
22:47173574:A:G
22:47173722:C:G
22:47174675:G:GGC
22:47174677:A:C
22:47174679:T:TG
22:47175316:C:T
22:47175815:A:G
22:47176011:C:G
22:47177236:C:T
22:47178101:A:G
22:47178201:C:T
22:47178611:C:T
22:47179320:A:G
22:47179544:T:TA
22:47179592:C:T
22:47179599:C:T
22:47181552:A:G
22:47181753:C:G
22:47182274:A:G
22:47182861:A:G
22:47182944:G:T
22:47184121:C:G
22:47184783:A:G
22:47185265:G:T
22:47185604:A:G
22:47185867:C:CAA
22:47190159:C:T
22:47190519:T:TGA
22:47190735:G:T
22:47191349:A:G
22:47191699:A:G
22:47191916:G:T
22:47192583:C:G
22:47192595:A:G
22:47192653:C:T
22:47194936:G:GT
22:47195050:C:G
22:47195274:C:T
22:47195603:C:T
22:47195661:A:G
22:47195681:G:T
22:47196383:G:T
22:47196524:A:G
22:47196834:A:G
22:47198055:A:G
22:47198112:A:G
22:47198133:C:G
22:47198930:A:T
22:47198932:C:G
22:47198999:A:G
22:47199035:C:CTG
22:47199148:A:G
22:47199389:C:G
22:47199633:A:G
22:47199976:A:G
22:47200180:A:G
22:47200353:C:T
22:47200354:C:T
22:47200445:A:T
22:47200891:A:G
22:47201690:A:G
22:47201907:A:ACCCGGC
22:47202238:A:ATT
22:47202675:A:G
22:47202691:C:T
22:47203834:A:G
22:47204261:T:TA
22:47206351:A:AT
22:47206644:A:G
22:47207059:C:G
22:47207807:G:T
22:47207880:A:G
22:47208009:C:T
22:47208226:A:C
22:47208945:A:G
22:47209495:C:T
22:47209598:A:G
22:47209807:A:G
22:47209900:C:T
22:47210183:A:G
22:47213157:C:CT
22:47213293:A:G
22:47213318:A:G
22:47214065:A:T
22:47214749:G:T
22:47214775:G:GT
22:47214796:C:G
22:47215449:C:T
22:47215473:A:G
22:47215528:C:T
22:47216644:A:T
22:47216950:C:CT
22:47217010:C:T
22:47217677:C:T
22:47218466:A:C
22:47219306:A:G
22:47220442:A:G
22:47220902:A:G
22:47221733:A:G
22:47221782:C:CT
22:47222682:G:T
22:47222781:A:G
22:47224481:A:G
22:47225606:A:G
22:47226117:A:G
22:47226383:A:G
22:47226800:C:G
22:47227119:C:T
22:47227854:T:TC
22:47227873:C:T
22:47230348:C:T
22:47230349:C:G
22:47230553:G:T
22:47231433:C:T
22:47232074:C:T
22:47232891:T:TA
22:47234540:C:T
22:47234866:A:G
22:47235116:C:T
22:47235440:A:G
22:47235837:A:G
22:47236944:G:T
22:47236970:A:T
22:47237310:G:T
22:47237747:A:G
22:47238399:C:T
22:47238426:C:T
22:47239142:A:G
22:47239211:A:G
22:47239245:A:T
22:47239699:G:T
22:47239922:C:T
22:47240210:C:G
22:47240744:C:T
22:47240864:A:G
22:47240908:C:T
22:47241794:A:G
22:47241889:A:G
22:47242048:C:G
22:47242333:C:T
22:47242653:C:G
22:47243463:C:T
22:47244785:G:GT
22:47244959:A:G
22:47245715:A:T
22:47245836:A:G
22:47246489:C:T
22:47247170:A:G
22:47247373:A:G
22:47248069:G:T
22:47248151:C:T
22:47248342:A:C
22:47248388:A:G
22:47248604:A:G
22:47249002:A:G
22:47249551:A:G
22:47249600:A:C
22:47250117:A:G
22:47250120:A:G
22:47250604:C:G
22:47250635:A:G
22:47251125:C:T
22:47251274:C:G
22:47251917:A:C
22:47254582:A:G
22:47254884:C:T
22:47255171:T:TAAA
22:47256337:A:G
22:47257542:C:T
22:47258179:C:T
22:47258348:A:G
22:47258352:C:G
22:47258502:A:G
22:47258861:G:T
22:47259325:A:G
22:47260154:C:T
22:47260565:A:T
22:47262124:C:G
22:47262388:A:G
22:47264573:C:T
22:47264769:C:G
22:47265412:C:T
22:47266650:C:T
22:47267906:A:G
22:47268167:A:G
22:47269798:G:T
22:47271406:A:G
22:47271747:C:T
22:47275220:C:CA
22:47275828:A:G
22:47278173:A:G
22:47279037:C:T
22:47279542:C:T
22:47281239:C:T
22:47281971:G:T
22:47282702:C:T
22:47283757:A:G
22:47284377:G:GT
22:47284389:A:C
22:47284449:C:T
22:47284487:A:G
22:47284900:A:G
22:47286655:C:T
22:47286924:G:T
22:47287333:C:T
22:47287741:C:T
22:47288145:C:T
22:47288407:A:T
22:47288410:C:T
22:47288426:A:G
22:47290858:C:T
22:47290876:A:G
22:47291712:A:T
22:47291992:C:T
22:47292181:C:T
22:47292254:C:T
22:47292488:A:G
22:47292537:A:G
22:47292573:C:G
22:47292841:A:G
22:47292960:C:T
22:47292967:C:T
22:47293068:A:G
22:47293237:G:T
22:47293452:A:AG
22:47293470:C:G
22:47293548:G:GT
22:47293802:T:TA
22:47293815:C:T
22:47294167:A:G
22:47294230:A:G
22:47294306:A:G
22:47294307:A:G
22:47294409:G:GTCTGGC
22:47294803:A:G
22:47295069:A:G
22:47295102:A:G
22:47295111:A:G
22:47295247:A:G
22:47295357:A:G
22:47295417:C:T
22:47295437:A:T
22:47295542:A:T
22:47295656:A:G
22:47295877:C:T
22:47295933:T:TTC
22:47296103:A:G
22:47296111:A:G
22:47296412:A:G
22:47296574:C:T
22:47297437:A:T
22:47297604:T:TG
22:47297670:C:G
22:47297844:A:ATAAG
22:47298873:C:T
22:47298985:C:T
22:47299533:C:T
22:47299725:A:G
22:47300053:A:G
22:47300757:A:G
22:47301142:A:AT
22:47301943:C:T
22:47304191:C:T
22:47305882:C:T
22:47306064:G:T
22:47306189:G:T
22:47306393:C:T
22:47306607:C:T
22:47306750:C:G
22:47307159:C:G
22:47307177:A:G
22:47307287:C:T
22:47307378:A:G
22:47308418:T:TTCAG
22:47308426:A:G
22:47308515:C:T
22:47308949:G:T
22:47308954:C:T
22:47309007:A:G
22:47310243:A:G
22:47310330:C:CA
22:47310423:A:G
22:47310535:C:T
22:47310536:A:G
22:47311358:G:T
22:47311404:A:T
22:47312098:C:T
22:47312556:A:G
22:47312923:A:G
22:47313082:A:G
22:47313350:C:T
22:47313869:C:T
22:47313888:A:G
22:47313957:A:AT
22:47314090:C:T
22:47316676:A:AT
22:47316696:A:T
22:47317559:A:C
22:47317892:A:G
22:47318675:G:T
22:47318998:C:T
22:47319373:C:G
22:47319436:A:G
22:47319564:A:G
22:47319679:C:T
22:47319975:A:C
22:47320455:A:G
22:47320641:C:CA
22:47320823:A:C
22:47320843:C:T
22:47321120:A:G
22:47321283:G:T
22:47321392:G:T
22:47321877:A:G
22:47322092:C:T
22:47322937:C:T
22:47323171:C:G
22:47323399:G:T
22:47323417:C:T
22:47323791:C:G
22:47324022:G:GA
22:47324035:A:C
22:47324705:C:T
22:47325193:A:G
22:47325330:A:C
22:47325595:G:GGTGTGT
22:47325974:C:T
22:47326125:C:T
22:47327745:C:T
22:47327892:C:T
22:47328584:A:G
22:47328712:C:T
22:47329534:A:G
22:47329866:C:G
22:47330328:A:C
22:47330683:T:TAA
22:47330955:C:G
22:47331666:C:G
22:47331805:C:T
22:47332082:C:T
22:47332690:C:T
22:47333111:C:T
22:47333478:T:TA
22:47333565:C:T
22:47334146:G:T
22:47334401:A:AT
22:47334564:C:T
22:47334956:<INS:ME:ALU>:G
22:47335227:A:G
22:47336570:C:T
22:47336595:G:T
22:47336775:G:T
22:47337042:C:G
22:47337311:C:T
22:47337314:A:AATAT
22:47337601:A:G
22:47337615:C:T
22:47337922:T:TTA
22:47338438:A:G
22:47338859:A:G
22:47339506:A:G
22:47339741:A:G
22:47340012:C:T
22:47341245:C:G
22:47342285:C:T
22:47342408:A:G
22:47343297:C:G
22:47343818:A:T
22:47343997:A:G
22:47344209:C:T
22:47345410:C:T
22:47345537:C:T
22:47345715:C:T
22:47345812:C:G
22:47346109:C:T
22:47346127:G:T
22:47346221:A:G
22:47348039:G:T
22:47348131:C:CTGGCCTTGGCATTCCTGTGGAC
22:47348685:C:T
22:47348834:A:G
22:47349382:G:GT
22:47352972:A:G
22:47353099:C:T
22:47353414:C:T
22:47353515:A:G
22:47353621:A:G
22:47353869:A:G
22:47355346:A:G
22:47356564:A:G
22:47356969:C:G
22:47357117:C:T
22:47357482:A:C
22:47357918:C:T
22:47358135:A:G
22:47358367:A:G
22:47358512:A:G
22:47358522:C:T
22:47358645:C:G
22:47360389:A:G
22:47361196:C:G
22:47361206:C:T
22:47361244:C:T
22:47361617:A:G
22:47363873:C:T
22:47364456:A:G
22:47365201:A:G
22:47368238:C:T
22:47368668:G:T
22:47369660:C:T
22:47370343:A:G
22:47370496:A:C
22:47371218:C:T
22:47372330:C:T
22:47372368:C:T
22:47375631:A:C
22:47376873:C:G
22:47378476:C:T
22:47380177:G:T
22:47380460:A:G
22:47380606:C:T
22:47380811:C:T
22:47382150:A:G
22:47382606:A:AG
22:47383131:C:T
22:47383618:G:T
22:47383975:G:GA
22:47384037:A:G
22:47385174:A:G
22:47385342:C:T
22:47385596:A:G
22:47385655:T:TCACA
22:47386680:A:G
22:47387792:C:T
22:47388215:C:T
22:47388322:C:G
22:47388595:C:T
22:47388609:A:G
22:47389482:A:G
22:47390135:A:C
22:47390298:C:T
22:47391356:A:G
22:47391428:A:T
22:47393167:C:T
22:47393235:A:G
22:47393400:A:G
22:47394138:C:T
22:47395215:C:T
22:47398652:C:T
22:47399406:A:G
22:47399473:C:G
22:47399638:T:TGTACACACACACC
22:47399725:C:T
22:47399838:A:C
22:47400859:C:T
22:47401204:A:G
22:47403224:C:T
22:47404637:A:G
22:47405061:A:C
22:47406237:C:CT
22:47407659:C:T
22:47408370:C:T
22:47408984:C:T
22:47410000:A:G
22:47410226:A:G
22:47410528:A:G
22:47411565:A:G
22:47411941:A:G
22:47412450:A:G
22:47413067:G:T
22:47414794:T:TTCTCCTTTCCTTCCCC
22:47414899:T:TACTC
22:47415024:A:G
22:47415321:A:G
22:47415452:T:TG
22:47415588:A:C
22:47415937:A:C
22:47416063:G:T
22:47416562:A:G
22:47416709:A:T
22:47416795:C:G
22:47416898:A:T
22:47416992:C:G
22:47418459:A:C
22:47419861:A:G
22:47420776:A:G
22:47421659:G:T
22:47422310:A:G
22:47422429:A:T
22:47423881:A:G
22:47425217:A:C
22:47425411:C:T
22:47425430:C:G
22:47425772:A:G
22:47425920:A:T
22:47427875:C:G
22:47428405:A:AAC
22:47429754:A:G
22:47430270:C:T
22:47430981:C:T
22:47432419:C:G
22:47434288:C:G
22:47435581:A:T
22:47435694:C:T
22:47435904:G:T
22:47435965:C:T
22:47436323:A:G
22:47436551:A:G
22:47436702:A:G
22:47436940:A:G
22:47437058:A:C
22:47437509:A:G
22:47437873:A:G
22:47438022:C:G
22:47438107:C:T
22:47438172:A:G
22:47438183:C:G
22:47438275:A:C
22:47438392:A:G
22:47438443:C:T
22:47439082:A:G
22:47440321:C:G
22:47440669:A:G
22:47440700:A:G
22:47440701:A:T
22:47440770:C:T
22:47440958:A:G
22:47441106:C:T
22:47441123:C:T
22:47441140:C:G
22:47441189:C:T
22:47441201:C:T
22:47441424:C:T
22:47441640:G:T
22:47441759:C:T
22:47441764:A:T
22:47441926:C:T
22:47441982:A:G
22:47442060:A:C
22:47442422:A:G
22:47442454:A:G
22:47442593:A:G
22:47442791:A:G
22:47443075:C:T
22:47443370:A:G
22:47443642:A:G
22:47443731:C:T
22:47443809:A:G
22:47443952:A:G
22:47444114:A:G
22:47444192:C:T
22:47444426:C:T
22:47444688:A:G
22:47444823:C:G
22:47444825:C:G
22:47444912:C:G
22:47445004:A:G
22:47445095:A:G
22:47445236:A:G
22:47445237:C:T
22:47445761:A:G
22:47445773:A:G
22:47445957:A:G
22:47447437:C:T
22:47447487:A:G
22:47455772:A:G
22:47456134:C:CT
22:47456176:C:T
22:47456293:A:G
22:47456336:G:T
22:47456735:A:G
22:47457674:C:T
22:47457860:A:C
22:47458024:C:T
22:47458369:C:T
22:47458423:A:G
22:47458495:A:G
22:47458767:A:G
22:47458813:C:T
22:47459008:C:T
22:47459020:A:G
22:47459143:A:G
22:47459247:C:T
22:47459260:C:T
22:47459413:C:T
22:47459449:A:G
22:47459572:C:T
22:47459817:G:T
22:47459840:C:T
22:47459955:C:T
22:47460049:A:G
22:47460157:C:T
22:47460298:G:T
22:47460370:C:T
22:47460537:A:G
22:47460554:A:G
22:47460653:A:T
22:47460656:A:G
22:47460683:C:T
22:47460998:A:G
22:47461552:A:C
22:47461843:C:T
22:47462024:A:G
22:47462889:C:T
22:47463485:C:T
22:47463905:C:T
22:47464861:A:G
22:47465624:G:T
22:47465688:A:G
22:47466312:C:T
22:47466805:G:T
22:47466820:A:G
22:47466849:A:G
22:47467016:A:G
22:47467352:C:T
22:47467398:C:G
22:47467449:A:C
22:47467654:A:G
22:47467979:T:TA
22:47468001:A:G
22:47468735:C:T
22:47469825:A:G
22:47469857:C:T
22:47470112:C:T
22:47470451:G:T
22:47470575:A:G
22:47470688:A:T
22:47471133:A:G
22:47471135:A:G
22:47471143:A:G
22:47471410:C:T
22:47471509:A:G
22:47471610:A:G
22:47471713:C:T
22:47471998:A:T
22:47472282:C:T
22:47472482:C:T
22:47472913:A:G
22:47473798:A:G
22:47474035:A:G
22:47475045:C:T
22:47475067:A:C
22:47475549:G:T
22:47475805:C:T
22:47476395:G:T
22:47476487:C:T
22:47476521:A:AT
22:47476522:A:T
22:47476837:A:G
22:47476957:A:G
22:47477324:A:G
22:47477712:C:G
22:47477772:A:G
22:47478309:T:TAG
22:47478350:C:T
22:47478583:A:G
22:47478839:A:G
22:47479174:A:G
22:47480683:A:G
22:47483147:C:T
22:47485234:A:G
22:47486001:C:T
22:47486226:G:GCCCA
22:47486823:A:G
22:47487247:G:T
22:47488132:C:T
22:47489206:C:G
22:47489470:A:G
22:47490197:A:G
22:47490617:C:T
22:47490685:C:T
22:47491015:C:T
22:47491183:C:G
22:47491459:A:G
22:47491519:C:CCT
22:47491537:G:T
22:47492189:A:G
22:47492213:C:T
22:47494446:A:G
22:47494608:A:C
22:47496352:A:G
22:47496640:G:T
22:47497788:C:T
22:47500375:G:GAGGTC
22:47500546:A:G
22:47500783:C:T
22:47500904:C:T
22:47501133:A:T
22:47503067:G:T
22:47503851:C:T
22:47504115:A:G
22:47504205:A:C
22:47504282:A:G
22:47504556:C:T
22:47505742:C:T
22:47507854:A:G
22:47508573:C:T
22:47510778:A:G
22:47511446:A:G
22:47511496:C:T
22:47512496:A:G
22:47514913:C:T
22:47515485:C:T
22:47518660:C:T
22:47519476:C:T
22:47519604:A:G
22:47521990:A:G
22:47523075:C:T
22:47523342:A:G
22:47524075:A:G
22:47524936:A:G
22:47527594:A:G
22:47528161:G:GC
22:47530039:A:G
22:47530043:C:T
22:47530054:C:T
22:47530056:G:T
22:47530071:C:G
22:47530149:G:T
22:47530706:A:G
22:47530945:A:G
22:47530981:A:G
22:47536762:A:G
22:47539580:C:G
22:47541759:A:G
22:47543035:G:GT
22:47543040:A:G
22:47543041:A:C
22:47543791:A:G
22:47543979:T:TA
22:47545242:A:G
22:47546271:C:T
22:47548112:A:C
22:47548188:C:T
22:47548321:C:T
22:47548538:A:G
22:47548650:C:T
22:47548877:A:G
22:47548949:A:G
22:47553037:C:G
22:47553250:C:T
22:47554141:A:C
22:47554811:A:G
22:47555844:A:G
22:47555917:A:T
22:47556343:C:T
22:47556391:A:G
22:47556717:A:C
22:47556935:C:G
22:47556984:T:TA
22:47557223:C:G
22:47557409:C:T
22:47557477:C:G
22:47557483:C:T
22:47557638:A:G
22:47558046:A:G
22:47558050:C:T
22:47558056:A:G
22:47558071:C:T
22:47558267:C:T
22:47558452:C:T
22:47558596:A:G
22:47558805:C:T
22:47559909:G:T
22:47560177:C:G
22:47560378:C:G
22:47561180:C:T
22:47561347:C:G
22:47562655:C:T
22:47562924:A:G
22:47562997:C:T
22:47563289:C:G
22:47563402:A:G
22:47564992:C:T
22:47565483:A:G
22:47565882:C:G
22:47566251:C:T
22:47566464:A:G
22:47566552:A:G
22:47567653:A:T
22:47567871:C:T
22:47568203:A:G
22:47568291:C:T
22:47568448:C:G
22:47568818:A:G
22:47570250:T:TCATGGACCGGTTCCTC
22:47570316:A:ATGGACCACTCCTGCCC
22:47570544:A:G
22:47571085:C:T
22:47571480:A:G
22:47571978:C:T
22:47572308:A:G
22:47572322:C:T
22:47572388:C:T
22:47572713:A:G
22:47572997:A:G
22:47573107:A:G
22:47573148:C:T
22:47573257:C:T
22:47573485:A:G
22:47573516:C:T
22:47573810:C:G
22:47573827:A:G
22:47574088:A:G
22:47574339:A:T
22:47599811:A:G
22:47599841:C:T
22:47599916:C:T
22:47600443:C:T
22:47600576:C:T
22:47600691:C:G
22:47600692:C:G
22:47600693:G:T
22:47600969:C:T
22:47601195:G:T
22:47601260:C:T
22:47601555:C:T
22:47602507:A:G
22:47602533:A:C
22:47603169:A:C
22:47603497:A:C
22:47604143:A:T
22:47604153:C:T
22:47604256:G:T
22:47605254:C:T
22:47605356:A:G
22:47605533:C:T
22:47605552:C:G
22:47606877:C:T
22:47606914:A:C
22:47607071:A:G
22:47607254:C:G
22:47607975:C:T
22:47608056:T:TGTCCACACTCAAATATGTGCGT
22:47608315:C:CGT
22:47608318:A:G
22:47608340:A:G
22:47608540:C:T
22:47608542:C:T
22:47608599:C:T
22:47608641:C:T
22:47608820:A:ACACT
22:47608868:C:T
22:47609590:A:G
22:47609752:C:T
22:47609914:A:G
22:47611150:A:T
22:47611201:A:G
22:47611789:T:TG
22:47612203:C:T
22:47612729:A:G
22:47614664:A:G
22:47614918:C:CCTT
22:47615019:C:CT
22:47615157:C:T
22:47616090:C:G
22:47616111:C:G
22:47616434:G:T
22:47616463:G:T
22:47616465:T:TAC
22:47616498:A:G
22:47616510:A:G
22:47616518:A:G
22:47617132:A:G
22:47617474:A:G
22:47618045:C:T
22:47618561:A:G
22:47619415:A:G
22:47619420:C:G
22:47619594:A:G
22:47619793:A:G
22:47619861:A:C
22:47620249:A:G
22:47620363:C:T
22:47620413:T:TCTTAA
22:47620477:A:G
22:47620670:G:GA
22:47620677:A:G
22:47620898:A:G
22:47620975:C:T
22:47620994:C:T
22:47621136:C:T
22:47622011:C:G
22:47622599:A:G
22:47622870:A:G
22:47623002:C:T
22:47623081:G:GT
22:47623528:C:T
22:47623942:C:T
22:47624668:C:T
22:47624964:A:G
22:47625034:A:AG
22:47625244:A:C
22:47625285:C:G
22:47625392:A:G
22:47625648:G:T
22:47625743:A:G
22:47626036:C:T
22:47626346:A:G
22:47626871:T:TC
22:47627051:A:G
22:47627231:C:T
22:47627818:C:G
22:47628673:G:T
22:47628817:C:T
22:47629503:A:G
22:47631021:A:G
22:47631256:G:T
22:47631491:A:G
22:47631665:C:T
22:47631713:G:T
22:47631844:A:G
22:47632005:G:T
22:47632019:G:T
22:47632034:C:T
22:47632674:A:T
22:47633238:A:G
22:47633989:A:G
22:47634327:C:T
22:47634444:T:TCTC
22:47636116:G:T
22:47642100:C:T
22:47643750:A:G
22:47644649:C:T
22:47644846:C:G
22:47645285:A:G
22:47645317:C:T
22:47646000:A:G
22:47646051:C:T
22:47646342:C:T
22:47646483:C:T
22:47646583:G:T
22:47646844:C:T
22:47647202:A:G
22:47647385:A:G
22:47647430:A:C
22:47647468:A:G
22:47647572:A:G
22:47648107:C:T
22:47648233:A:C
22:47648431:A:G
22:47648441:A:G
22:47648670:C:T
22:47648791:A:C
22:47648948:C:T
22:47650037:A:ATTTTTTTTTTTT
22:47650192:C:T
22:47650249:A:G
22:47651815:A:AT
22:47652048:G:T
22:47652614:A:C
22:47652974:A:AT
22:47653549:A:G
22:47655072:C:T
22:47657108:C:T
22:47657277:A:T
22:47657470:C:CA
22:47657635:C:T
22:47659250:A:G
22:47661453:C:T
22:47661521:A:AT
22:47661522:G:T
22:47662211:C:T
22:47662836:A:G
22:47663026:A:G
22:47664594:G:T
22:47664734:A:G
22:47664826:A:G
22:47664843:T:TA
22:47664844:A:T
22:47665155:C:G
22:47665161:A:G
22:47665204:A:G
22:47665229:A:G
22:47665443:A:G
22:47665797:A:C
22:47666205:A:G
22:47667279:A:G
22:47670724:T:TG
22:47670894:C:T
22:47671028:A:G
22:47671029:A:G
22:47673252:A:G
22:47673558:A:G
22:47673591:A:G
22:47674363:C:T
22:47675128:A:G
22:47675855:A:T
22:47676762:A:AGTT
22:47677076:C:T
22:47678690:C:T
22:47678926:A:G
22:47679087:C:T
22:47679506:A:G
22:47679901:C:T
22:47682871:C:G
22:47683076:A:T
22:47683293:A:G
22:47683805:C:T
22:47684780:A:C
22:47685036:C:T
22:47686103:C:T
22:47686204:C:G
22:47686283:A:G
22:47686355:C:T
22:47686607:A:AG
22:47687170:A:G
22:47687560:C:T
22:47687618:C:T
22:47688227:C:T
22:47688349:C:T
22:47688446:C:T
22:47688657:A:G
22:47689191:G:T
22:47689846:A:G
22:47689995:C:T
22:47691991:C:T
22:47692123:A:G
22:47692463:C:T
22:47692561:A:G
22:47692636:A:G
22:47693220:C:CT
22:47693226:A:G
22:47693358:G:GA
22:47693701:C:T
22:47694245:C:CGT
22:47695828:C:T
22:47698266:A:T
22:47698411:C:CCTAT
22:47698539:T:TATCC
22:47698635:C:T
22:47699222:G:GTC
22:47699700:G:GT
22:47701183:A:G
22:47701326:A:G
22:47701711:C:T
22:47701933:C:T
22:47702090:A:T
22:47702192:C:T
22:47702349:A:G
22:47702438:C:T
22:47702806:C:CTT
22:47703349:C:T
22:47703390:A:C
22:47704354:A:G
22:47704686:C:G
22:47704844:C:T
22:47704855:C:G
22:47706008:A:G
22:47706455:C:T
22:47706475:C:CT
22:47706502:A:G
22:47706519:A:G
22:47707744:A:G
22:47707793:C:G
22:47707809:C:T
22:47708377:G:T
22:47708697:C:G
22:47709888:A:G
22:47710472:A:AT
22:47710815:A:G
22:47711286:C:T
22:47711361:C:CAAAAAAAA
22:47711836:C:T
22:47712239:C:T
22:47712676:C:T
22:47712684:A:G
22:47713121:C:T
22:47713478:A:G
22:47713848:A:G
22:47715120:A:G
22:47715159:C:G
22:47715436:A:G
22:47715462:A:G
22:47715467:A:G
22:47715723:C:T
22:47715811:C:T
22:47716246:C:T
22:47716781:C:T
22:47717140:C:T
22:47717324:A:G
22:47717404:A:C
22:47719006:G:GT
22:47719793:A:G
22:47720562:C:T
22:47720973:C:T
22:47721155:A:G
22:47721410:C:T
22:47722004:C:G
22:47722229:C:G
22:47722374:C:CTTG
22:47722428:G:GGGGTTTGAAATGTGT
22:47722969:C:T
22:47723265:C:T
22:47723857:C:T
22:47724528:C:T
22:47724612:A:T
22:47724800:A:G
22:47724923:C:T
22:47725254:C:T
22:47725385:C:T
22:47725809:C:CT
22:47725830:A:G
22:47725833:G:T
22:47725834:G:T
22:47726089:C:T
22:47726216:A:C
22:47726245:C:CAT
22:47726721:A:G
22:47727698:A:G
22:47728935:A:G
22:47728955:C:T
22:47728994:A:G
22:47729299:C:T
22:47729347:A:T
22:47730490:C:G
22:47730954:C:T
22:47732232:C:T
22:47732778:A:G
22:47732918:C:G
22:47734858:C:T
22:47735287:C:G
22:47735419:A:G
22:47735768:A:T
22:47736018:C:T
22:47736491:C:T
22:47736997:A:G
22:47738579:C:T
22:47738688:A:G
22:47738905:A:G
22:47739755:C:G
22:47739902:A:G
22:47740202:A:G
22:47740447:A:G
22:47740890:C:T
22:47741535:C:CT
22:47741696:C:T
22:47741987:A:T
22:47742456:A:C
22:47742808:G:T
22:47742843:C:T
22:47743532:C:T
22:47743757:C:G
22:47744236:A:G
22:47744325:A:G
22:47744372:C:G
22:47744424:C:CTCTT
22:47744495:C:T
22:47744888:C:T
22:47745566:G:GT
22:47745576:A:G
22:47746101:C:T
22:47746112:C:T
22:47746133:C:T
22:47746565:A:C
22:47746665:A:G
22:47747000:A:G
22:47747271:A:G
22:47748199:C:T
22:47748510:C:T
22:47748531:A:G
22:47748550:A:G
22:47748572:A:G
22:47748764:A:G
22:47748991:G:T
22:47749697:C:G
22:47750127:C:T
22:47750266:C:CTCTT
22:47750724:C:T
22:47750957:C:T
22:47756989:A:ATG
22:47757314:C:T
22:47758212:T:TCTTA
22:47758290:C:T
22:47759869:G:T
22:47760758:C:T
22:47763089:C:G
22:47763424:C:T
22:47765729:C:T
22:47766311:T:TA
22:47769563:T:TG
22:47769943:A:C
22:47771300:A:G
22:47772696:C:T
22:47772918:C:G
22:47774429:C:T
22:47774747:A:AGAG
22:47774750:A:G
22:47774762:G:GGAGGAGGAGGAAGAAAAGGAA
22:47774891:A:G
22:47774905:C:T
22:47775152:A:C
22:47775981:A:G
22:47776528:A:C
22:47777421:C:G
22:47777597:A:G
22:47778235:C:T
22:47778240:C:T
22:47778655:C:CT
22:47778801:C:T
22:47778807:C:T
22:47780385:C:T
22:47780533:G:GGACCAGGCA
22:47780868:A:G
22:47781770:C:T
22:47784894:A:G
22:47785136:A:G
22:47785698:A:G
22:47786891:C:T
22:47791677:A:G
22:47792613:C:T
22:47795088:G:GCCA
22:47796005:A:C
22:47796006:C:T
22:47796007:A:G
22:47797442:C:T
22:47800559:A:G
22:47801435:C:G
22:47801436:A:G
22:47801564:A:G
22:47802627:A:T
22:47802810:C:T
22:47802866:T:TACCCTGGCCACCGTCAC
22:47805624:C:T
22:47806257:C:T
22:47806774:A:G
22:47806929:A:T
22:47808009:C:T
22:47808713:C:T
22:47810104:A:C
22:47810734:A:C
22:47810921:A:T
22:47811510:A:G
22:47811511:C:G
22:47811675:C:T
22:47814530:A:G
22:47817941:G:T
22:47818204:A:C
22:47818957:A:T
22:47819245:A:G
22:47820233:C:G
22:47820668:C:T
22:47822571:A:T
22:47823372:A:G
22:47823761:G:T
22:47824237:C:T
22:47824342:C:T
22:47824497:C:CGA
22:47824784:A:G
22:47824850:C:T
22:47827401:G:T
22:47830034:A:C
22:47830777:C:T
22:47832491:A:G
22:47832502:G:T
22:47833153:C:CT
22:47833294:A:G
22:47834607:T:TG
22:47834766:A:AT
22:47834839:A:C
22:47835593:A:T
22:47836534:G:GT
22:47836819:A:G
22:47836949:A:C
22:47837729:C:T
22:47841258:A:G
22:47842211:C:T
22:47842223:A:G
22:47842750:C:G
22:47842948:A:G
22:47843546:C:T
22:47846204:A:C
22:47847872:T:TAC
22:47847872:T:TACAC
22:47848129:C:G
22:47849163:A:G
22:47849239:A:T
22:47850275:C:CA
22:47850901:A:T
22:47851757:A:G
22:47852187:C:T
22:47855454:A:T
22:47857295:C:T
22:47857658:A:T
22:47857659:A:T
22:47859199:C:T
22:47859486:G:T
22:47859498:C:T
22:47862244:A:G
22:47862727:A:G
22:47864650:C:T
22:47869472:A:G
22:47870473:G:T
22:47870710:C:T
22:47871236:A:C
22:47871628:A:AT
22:47871737:T:TCA
22:47872542:A:G
22:47872743:A:G
22:47872991:C:CT
22:47873437:T:TCTCA
22:47873964:A:ATTTTTT
22:47874308:A:T
22:47874504:C:CATTT
22:47874672:A:G
22:47875300:A:AC
22:47875302:A:AC
22:47876176:G:GA
22:47877950:C:T
22:47877966:T:TAA
22:47877994:A:G
22:47879110:G:T
22:47879414:C:G
22:47879689:C:T
22:47880041:C:T
22:47880162:C:T
22:47881317:A:G
22:47881426:G:T
22:47881518:A:G
22:47882127:A:G
22:47882763:A:G
22:47884261:T:TG
22:47884308:G:T
22:47884569:C:T
22:47885398:A:ACG
22:47885421:C:CACAT
22:47885425:C:T
22:47886605:G:GA
22:47887739:G:T
22:47888023:C:CTTATTTTATT
22:47888261:C:T
22:47889035:C:T
22:47889185:G:GCCGT
22:47890114:A:G
22:47890455:C:T
22:47891049:C:CTGAG
22:47891745:G:T
22:47892659:A:G
22:47893053:A:G
22:47893430:A:AATTG
22:47893756:C:T
22:47894731:A:T
22:47895346:A:G
22:47897605:C:G
22:47898585:C:T
22:47899292:A:T
22:47899845:C:T
22:47899925:A:C
22:47901562:A:G
22:47901643:C:T
22:47902232:C:T
22:47902296:A:C
22:47902613:C:G
22:47905322:G:T
22:47906614:C:T
22:47907572:G:T
22:47907704:A:C
22:47907991:C:G
22:47908086:C:T
22:47908473:A:G
22:47908824:G:T
22:47909726:A:G
22:47909995:G:GA
22:47910267:C:T
22:47910533:A:G
22:47910705:A:G
22:47910894:A:AG
22:47910993:A:G
22:47911034:A:G
22:47911538:A:C
22:47911831:C:T
22:47915350:A:G
22:47915462:A:G
22:47915691:C:T
22:47915772:G:T
22:47915877:A:G
22:47916147:A:G
22:47916253:A:C
22:47916964:A:G
22:47917207:C:T
22:47917270:C:CAA
22:47917435:A:G
22:47917440:C:T
22:47918030:C:T
22:47918202:A:G
22:47918439:G:T
22:47918991:C:CAAGTA
22:47919132:C:T
22:47919262:T:TA
22:47920560:A:G
22:47920981:C:T
22:47921163:A:T
22:47921896:C:CA
22:47923200:A:G
22:47923223:A:G
22:47923414:C:G
22:47924285:A:G
22:47924340:C:T
22:47924341:A:G
22:47927045:A:C
22:47927325:G:T
22:47927327:A:G
22:47927961:C:T
22:47928226:C:G
22:47928458:G:T
22:47928540:C:CA
22:47928564:A:G
22:47929489:C:T
22:47929637:C:T
22:47929741:C:T
22:47930733:A:G
22:47931216:C:T
22:47931554:A:G
22:47931857:C:T
22:47933034:C:T
22:47934368:A:G
22:47935317:G:T
22:47935365:C:T
22:47935729:A:G
22:47935868:G:T
22:47935878:A:C
22:47936004:A:C
22:47936614:C:T
22:47936802:C:T
22:47937006:A:T
22:47937524:A:G
22:47937655:C:T
22:47937891:A:G
22:47938160:G:GC
22:47939539:C:T
22:47939597:C:T
22:47939681:A:T
22:47940428:C:G
22:47940908:A:C
22:47942520:C:G
22:47942573:C:T
22:47942612:A:G
22:47942862:T:TCGC
22:47942885:A:G
22:47943525:A:G
22:47943536:A:G
22:47943745:A:G
22:47944269:C:T
22:47944378:A:G
22:47944428:A:G
22:47944438:A:C
22:47944465:C:T
22:47944476:C:T
22:47944605:A:G
22:47944748:C:T
22:47944961:C:T
22:47945059:C:T
22:47945652:A:T
22:47945795:C:T
22:47945903:T:TC
22:47946053:A:T
22:47946234:C:T
22:47946801:C:G
22:47947902:A:G
22:47948517:A:G
22:47949884:A:G
22:47950780:T:TA
22:47952205:C:T
22:47952850:C:T
22:47952897:A:G
22:47953593:A:G
22:47954155:C:T
22:47954523:A:G
22:47955335:A:G
22:47955644:C:G
22:47955839:C:G
22:47955918:A:C
22:47956196:A:G
22:47956860:A:T
22:47956889:A:G
22:47956962:C:T
22:47957517:C:T
22:47958062:A:G
22:47958325:A:C
22:47958868:G:T
22:47959059:C:T
22:47959304:C:G
22:47959462:A:G
22:47959703:C:T
22:47960151:A:G
22:47961060:C:T
22:47963212:A:G
22:47965784:A:G
22:47965821:G:T
22:47965860:A:G
22:47966761:A:G
22:47967259:C:T
22:47967693:A:G
22:47968162:C:T
22:47968735:C:T
22:47968920:A:G
22:47969366:A:ATG
22:47969905:G:T
22:47970770:A:G
22:47972122:C:G
22:47972474:A:G
22:47976545:A:G
22:47978084:C:T
22:47983376:C:T
22:47983952:A:G
22:47984068:C:T
22:47984090:C:T
22:47984104:C:T
22:47984183:G:T
22:47985634:A:C
22:47985673:A:G
22:47985722:C:G
22:47985843:C:T
22:47986036:C:T
22:47986037:A:G
22:47986266:A:C
22:47986361:C:CT
22:47986412:T:TC
22:47987931:A:C
22:47988203:T:TAAAAA
22:47990375:G:T
22:47991361:T:TAG
22:47991581:C:T
22:47992367:C:T
22:47993009:C:G
22:47996914:C:T
22:47998084:G:T
22:47998443:C:T
22:47998771:A:G
22:47999524:A:T
22:48000024:T:TA
22:48000467:A:C
22:48000641:A:G
22:48000833:C:G
22:48002456:A:C
22:48002701:C:T
22:48002998:C:G
22:48003412:C:G
22:48003769:A:G
22:48003802:A:G
22:48003966:A:C
22:48005445:C:T
22:48005597:C:T
22:48005787:C:T
22:48006174:C:T
22:48007310:A:ATAAT
22:48007365:T:TATA
22:48007524:A:G
22:48007528:A:T
22:48008036:A:G
22:48008209:A:G
22:48008242:C:T
22:48008321:C:T
22:48008333:C:T
22:48008365:C:T
22:48008543:A:G
22:48008577:A:G
22:48008750:A:G
22:48008778:A:C
22:48008870:A:C
22:48008933:C:T
22:48009055:C:T
22:48009429:A:G
22:48009455:C:T
22:48009682:C:T
22:48010155:C:T
22:48010156:G:T
22:48010670:C:T
22:48010764:T:TA
22:48010766:A:T
22:48010862:C:T
22:48010991:A:G
22:48011153:A:G
22:48011154:G:T
22:48011243:C:T
22:48011402:A:G
22:48011897:C:T
22:48011982:C:T
22:48012138:A:G
22:48012222:A:G
22:48012549:A:C
22:48013106:A:C
22:48013215:G:GAACA
22:48013393:A:C
22:48015193:C:T
22:48015345:T:TGC
22:48015353:C:T
22:48015517:A:G
22:48016110:A:G
22:48016198:A:G
22:48016589:A:G
22:48017040:C:T
22:48017258:C:T
22:48017615:C:CT
22:48017801:A:G
22:48017842:C:T
22:48017968:A:C
22:48017985:A:C
22:48018250:A:G
22:48018557:C:T
22:48018815:A:G
22:48019265:C:T
22:48019890:C:CTA
22:48020028:A:G
22:48020057:A:C
22:48020172:A:G
22:48021665:C:G
22:48022020:A:C
22:48022076:C:T
22:48022887:A:G
22:48023241:G:T
22:48023297:A:G
22:48023818:C:T
22:48024982:C:CA
22:48025406:A:T
22:48026448:C:T
22:48026754:C:T
22:48027448:A:G
22:48028020:A:G
22:48028037:C:G
22:48028135:C:T
22:48028504:C:G
22:48028597:A:C
22:48028984:G:T
22:48029088:C:G
22:48032445:A:G
22:48034233:A:C
22:48034729:A:C
22:48034878:C:T
22:48035114:C:T
22:48035127:C:T
22:48035312:C:T
22:48036803:A:G
22:48037736:C:T
22:48038114:C:T
22:48038631:A:G
22:48038729:A:G
22:48038879:C:T
22:48040001:C:G
22:48040861:A:G
22:48040992:C:T
22:48041318:C:T
22:48041967:C:T
22:48041982:A:G
22:48043141:A:G
22:48043202:C:T
22:48043352:A:C
22:48043887:A:T
22:48043986:A:C
22:48044649:A:G
22:48044869:C:G
22:48045768:C:T
22:48046209:G:T
22:48046614:A:G
22:48046748:C:T
22:48046765:C:T
22:48047001:A:T
22:48047075:C:T
22:48047513:A:G
22:48047794:A:G
22:48048330:A:G
22:48048371:A:G
22:48048453:A:G
22:48049120:G:T
22:48049308:C:CA
22:48049599:A:G
22:48049700:A:G
22:48050793:A:G
22:48052433:C:T
22:48053296:C:T
22:48053355:A:G
22:48053777:A:G
22:48053808:A:G
22:48054341:C:T
22:48054632:C:T
22:48054759:C:T
22:48055775:C:G
22:48056159:C:T
22:48056191:C:T
22:48056251:C:T
22:48056622:T:TG
22:48057206:C:G
22:48057402:C:G
22:48057415:A:G
22:48057474:C:T
22:48058735:C:T
22:48058784:A:G
22:48058984:C:G
22:48060611:C:T
22:48060770:C:T
22:48060905:C:T
22:48060989:C:T
22:48061273:C:T
22:48062199:C:T
22:48062251:A:G
22:48063256:C:T
22:48064848:G:T
22:48065145:A:G
22:48066280:A:G
22:48066775:A:G
22:48067033:C:T
22:48067197:A:G
22:48068116:A:G
22:48068645:A:G
22:48068754:A:G
22:48068845:C:G
22:48068969:A:C
22:48070205:C:T
22:48070375:C:T
22:48070614:A:G
22:48071967:A:G
22:48072060:A:T
22:48072264:C:T
22:48072857:C:T
22:48073177:C:T
22:48073187:C:CTATT
22:48073663:A:T
22:48073864:C:T
22:48074023:A:G
22:48074061:C:T
22:48074707:A:G
22:48075662:C:CATCT
22:48075741:C:CTA
22:48075795:A:G
22:48077869:C:T
22:48078524:T:TG
22:48079569:A:AT
22:48080184:A:G
22:48080702:A:G
22:48081052:C:T
22:48081593:A:G
22:48082376:C:T
22:48082435:A:G
22:48082840:A:G
22:48082915:C:T
22:48083118:A:T
22:48084017:A:G
22:48084262:G:T
22:48084299:C:T
22:48084825:C:T
22:48084863:C:T
22:48085862:A:G
22:48086066:C:T
22:48086483:A:G
22:48086823:A:G
22:48087179:C:G
22:48087762:G:T
22:48088184:A:G
22:48088731:C:T
22:48088905:C:G
22:48090176:C:CTTTTTTTTTTTTT
22:48090355:C:CT
22:48090532:G:T
22:48090544:C:CAA
22:48090680:G:T
22:48090793:C:T
22:48091069:C:T
22:48091944:A:G
22:48092078:C:G
22:48092252:A:C
22:48092504:G:T
22:48092606:C:T
22:48093930:A:G
22:48094603:C:T
22:48094883:A:G
22:48096007:C:T
22:48096767:A:AT
22:48096782:G:T
22:48096926:C:T
22:48096958:A:G
22:48097091:A:G
22:48097124:C:T
22:48097433:A:G
22:48097435:A:G
22:48097670:A:G
22:48098115:C:T
22:48098407:T:TTA
22:48098487:C:T
22:48098527:C:CTTA
22:48098772:A:G
22:48098786:C:T
22:48099219:A:G
22:48100209:A:G
22:48100367:C:T
22:48100601:A:G
22:48100964:C:G
22:48101004:C:T
22:48102319:C:T
22:48102323:G:T
22:48102533:A:G
22:48102547:C:T
22:48102588:C:T
22:48102800:A:G
22:48102875:G:T
22:48102912:A:G
22:48102918:A:C
22:48103008:A:G
22:48103039:C:T
22:48103204:A:T
22:48103226:C:T
22:48103229:A:G
22:48103246:G:T
22:48103376:C:T
22:48103482:A:G
22:48103665:T:TA
22:48103666:A:T
22:48104568:G:GT
22:48104865:C:T
22:48104880:A:G
22:48105131:C:T
22:48105373:C:T
22:48105531:A:G
22:48105557:A:AT
22:48105579:C:T
22:48105699:A:T
22:48106735:G:T
22:48107143:C:T
22:48107259:C:CA
22:48107406:A:G
22:48107470:C:T
22:48107579:A:G
22:48107717:A:AAAAAC
22:48108855:A:G
22:48109320:A:C
22:48109836:A:G
22:48111906:C:G
22:48112563:G:T
22:48112629:C:T
22:48112790:A:G
22:48112896:T:TCTGCCC
22:48112913:C:CA
22:48113046:G:T
22:48113127:A:C
22:48113152:A:G
22:48114678:C:G
22:48114762:C:T
22:48115492:C:T
22:48115656:A:G
22:48115658:C:G
22:48115892:C:G
22:48116413:A:T
22:48117435:C:T
22:48118271:G:GA
22:48118869:A:G
22:48119101:C:T
22:48119371:G:T
22:48119620:C:T
22:48120233:A:G
22:48120654:C:G
22:48120897:A:G
22:48121219:A:G
22:48121870:A:G
22:48121985:A:G
22:48122410:C:T
22:48122634:C:G
22:48122841:A:G
22:48123457:C:T
22:48125020:A:G
22:48125915:C:T
22:48125977:C:T
22:48126054:A:T
22:48126883:A:AT
22:48128266:C:T
22:48129876:A:C
22:48130592:G:T
22:48131898:A:G
22:48132259:C:T
22:48132588:C:T
22:48132940:A:G
22:48133832:G:GC
22:48135339:C:G
22:48136992:A:G
22:48137409:A:T
22:48137840:C:T
22:48138017:A:G
22:48138033:A:G
22:48138440:C:G
22:48139913:A:C
22:48140329:C:T
22:48140541:C:T
22:48140748:C:G
22:48141636:A:G
22:48142045:G:T
22:48142704:C:T
22:48142965:C:T
22:48142977:A:C
22:48143947:A:C
22:48144007:G:T
22:48145019:A:G
22:48147561:A:G
22:48148258:C:T
22:48148353:A:C
22:48148548:A:C
22:48148764:G:T
22:48149197:A:G
22:48150076:A:C
22:48150854:C:T
22:48150900:C:T
22:48152068:A:G
22:48152505:G:T
22:48152506:C:T
22:48152847:C:CA
22:48153237:A:G
22:48153701:G:T
22:48153738:G:T
22:48153961:G:T
22:48154645:C:T
22:48155272:C:T
22:48155677:A:C
22:48155736:C:CTA
22:48155968:T:TGGGGGCCTCCAGGAGTTGCG
22:48156968:C:T
22:48157112:A:G
22:48159105:C:T
22:48159404:G:T
22:48159634:A:G
22:48159840:A:T
22:48160897:A:G
22:48161131:A:C
22:48161211:G:GC
22:48161435:A:G
22:48161608:A:G
22:48162131:C:T
22:48163121:A:C
22:48163142:A:G
22:48164382:G:GA
22:48164425:A:C
22:48165222:A:G
22:48167664:G:GT
22:48167788:A:G
22:48170758:G:GA
22:48171924:A:G
22:48172466:C:T
22:48172477:A:C
22:48172524:C:T
22:48173254:C:T
22:48173591:A:G
22:48173984:C:G
22:48174724:C:T
22:48175326:A:G
22:48175350:C:T
22:48175524:A:G
22:48175850:A:G
22:48177754:C:T
22:48177824:G:T
22:48178105:A:G
22:48178135:C:T
22:48178238:C:T
22:48178241:G:T
22:48178627:G:T
22:48179333:A:G
22:48180049:C:T
22:48181468:C:T
22:48181587:C:T
22:48181620:A:G
22:48181655:C:T
22:48181713:C:CAA
22:48181866:A:G
22:48182559:C:T
22:48182824:C:T
22:48182844:C:T
22:48182854:C:T
22:48182913:C:T
22:48182944:C:T
22:48182991:A:G
22:48183432:C:T
22:48184882:A:G
22:48186052:A:G
22:48186756:A:T
22:48187210:A:G
22:48187735:A:G
22:48188046:A:G
22:48188276:C:T
22:48188349:A:G
22:48188610:A:G
22:48189102:A:G
22:48190598:A:G
22:48190727:C:G
22:48190749:C:G
22:48192331:C:T
22:48192632:A:G
22:48193222:A:G
22:48193505:C:T
22:48194175:C:T
22:48195361:C:CA
22:48195695:C:T
22:48195714:A:T
22:48196022:A:C
22:48196380:A:C
22:48196714:C:T
22:48198191:A:G
22:48198317:G:GC
22:48198602:C:G
22:48198662:A:AT
22:48198676:C:T
22:48198678:A:T
22:48198679:A:ATTT
22:48198682:A:T
22:48198768:A:G
22:48200547:C:T
22:48200554:G:T
22:48200592:A:G
22:48200601:A:T
22:48200624:C:T
22:48200637:C:T
22:48201014:A:C
22:48202028:A:G
22:48202090:C:T
22:48202555:C:T
22:48203721:C:T
22:48204302:C:G
22:48204513:A:G
22:48204580:A:G
22:48204747:C:T
22:48205567:C:T
22:48205959:A:ATG
22:48206356:A:G
22:48206445:C:T
22:48206499:C:T
22:48206855:C:T
22:48206872:C:CCA
22:48206958:A:C
22:48207318:C:T
22:48207642:C:T
22:48207677:C:CTGCA
22:48207891:A:G
22:48207896:A:G
22:48207986:C:G
22:48208043:A:G
22:48209008:G:T
22:48209209:C:T
22:48209288:C:T
22:48209434:C:T
22:48209939:A:G
22:48210185:C:T
22:48210402:T:TTGTA
22:48210427:C:T
22:48210469:C:T
22:48210564:T:TTGTA
22:48210968:C:T
22:48211532:C:G
22:48212275:C:T
22:48212661:C:T
22:48213482:C:T
22:48213609:C:T
22:48213904:C:G
22:48214001:C:T
22:48214060:C:G
22:48214076:G:T
22:48214251:C:T
22:48214287:C:T
22:48214606:A:G
22:48215585:G:GA
22:48215904:A:G
22:48216177:C:T
22:48217265:A:G
22:48217587:C:T
22:48218843:A:G
22:48220295:C:T
22:48220460:C:T
22:48220853:C:G
22:48220980:A:G
22:48221162:A:G
22:48221619:C:T
22:48221725:A:G
22:48221743:A:G
22:48221835:A:C
22:48222045:C:T
22:48222064:C:T
22:48222140:A:C
22:48222280:A:G
22:48222369:C:T
22:48222778:A:G
22:48222944:A:G
22:48223036:T:TA
22:48223121:A:G
22:48223357:A:G
22:48223406:C:T
22:48223547:C:T
22:48223604:A:T
22:48223820:A:G
22:48223840:A:G
22:48223910:A:AGAG
22:48224306:C:T
22:48224624:C:G
22:48224843:C:G
22:48224996:C:T
22:48224997:A:G
22:48225123:A:G
22:48225154:A:G
22:48225191:G:T
22:48225383:A:G
22:48225717:C:T
22:48225753:A:C
22:48225779:C:T
22:48225861:A:G
22:48225991:C:T
22:48226000:A:G
22:48226622:A:G
22:48226685:C:T
22:48227231:A:T
22:48227401:A:G
22:48227923:A:G
22:48228400:A:G
22:48228760:C:T
22:48228961:A:G
22:48229384:A:G
22:48229868:C:T
22:48230941:A:C
22:48231357:C:T
22:48231562:A:T
22:48231799:T:TACACAC
22:48231907:C:G
22:48232066:A:G
22:48232261:C:T
22:48232417:A:G
22:48234842:A:G
22:48235206:A:G
22:48235518:G:T
22:48235784:A:C
22:48235943:A:G
22:48236527:A:G
22:48236875:A:G
22:48237072:C:T
22:48237089:A:G
22:48238582:C:T
22:48238659:C:T
22:48240300:C:T
22:48242285:A:G
22:48243438:C:T
22:48243866:A:G
22:48244263:A:G
22:48244770:A:G
22:48244985:A:C
22:48245138:A:G
22:48245202:A:T
22:48245204:G:GA
22:48246398:A:G
22:48246751:C:T
22:48247624:A:G
22:48248892:C:T
22:48249359:G:GAGAGGA
22:48249386:A:G
22:48249388:A:G
22:48249582:A:C
22:48250736:A:G
22:48251592:C:CT
22:48252228:A:T
22:48252230:A:T
22:48252487:A:G
22:48253129:C:T
22:48253131:C:T
22:48256175:C:CT
22:48258230:A:G
22:48258293:G:T
22:48259356:C:T
22:48263039:C:T
22:48263090:A:AATAT
22:48265076:A:G
22:48267200:A:G
22:48268279:A:AT
22:48269136:C:G
22:48269213:C:T
22:48269511:C:T
22:48269512:C:T
22:48269690:A:ATT
22:48270054:A:G
22:48270745:G:T
22:48271713:A:T
22:48271961:A:G
22:48272733:C:T
22:48273389:C:T
22:48273563:G:GT
22:48273630:A:G
22:48273871:C:T
22:48273978:C:G
22:48274032:C:T
22:48274036:C:T
22:48274134:C:T
22:48274261:C:T
22:48274352:A:G
22:48274397:A:G
22:48275068:C:T
22:48276700:C:T
22:48277130:T:TTTTTA
22:48277994:C:T
22:48278798:C:G
22:48279397:A:C
22:48281397:A:G
22:48281630:C:T
22:48281812:A:G
22:48282594:A:G
22:48283718:A:G
22:48284514:A:G
22:48284888:A:G
22:48285457:A:G
22:48285835:A:G
22:48286951:C:T
22:48287318:G:T
22:48287416:T:TA
22:48287937:C:T
22:48289754:A:C
22:48291509:T:TA
22:48291538:C:T
22:48291577:G:T
22:48291839:C:T
22:48291883:A:C
22:48292584:A:G
22:48293077:T:TA
22:48293220:C:T
22:48294603:C:T
22:48294656:C:T
22:48294762:A:G
22:48294827:A:C
22:48295214:A:G
22:48295224:A:G
22:48295335:A:T
22:48295349:A:G
22:48295417:A:C
22:48295797:G:T
22:48295942:C:T
22:48296003:G:T
22:48296286:G:T
22:48296309:A:G
22:48296704:C:T
22:48296748:G:T
22:48296839:A:T
22:48296964:A:T
22:48297186:A:AAATCG
22:48297368:C:CACAT
22:48297403:C:CAA
22:48297953:C:T
22:48298369:C:T
22:48298625:C:T
22:48298791:C:T
22:48298801:A:G
22:48299952:A:G
22:48300161:A:G
22:48300260:A:C
22:48300394:A:G
22:48300580:G:T
22:48300649:C:T
22:48301149:C:T
22:48301367:A:G
22:48301437:C:T
22:48301616:C:T
22:48301642:C:T
22:48301646:A:G
22:48301660:C:T
22:48301848:A:G
22:48301932:A:G
22:48302220:C:T
22:48302372:A:G
22:48302484:C:T
22:48302518:A:G
22:48302641:A:T
22:48303002:A:G
22:48303197:A:G
22:48303289:A:G
22:48303830:G:T
22:48304042:A:C
22:48304116:A:G
22:48304301:C:CTTTTTTTTTTT
22:48304453:C:T
22:48304585:A:G
22:48304789:G:T
22:48304832:G:GTGCTGGGA
22:48304867:C:T
22:48304973:A:G
22:48305069:C:T
22:48305313:C:T
22:48305487:A:G
22:48305685:T:TTGAA
22:48307044:C:T
22:48307233:A:G
22:48307237:C:G
22:48307560:A:G
22:48307676:A:G
22:48307752:A:T
22:48307904:A:C
22:48308304:A:G
22:48308461:A:G
22:48308498:A:T
22:48308504:A:G
22:48308818:A:C
22:48309365:C:T
22:48310344:A:G
22:48310844:A:G
22:48310846:A:G
22:48311048:C:T
22:48311212:A:C
22:48311382:G:GTGGCTGGGAGC
22:48311481:A:G
22:48311629:A:G
22:48311682:A:G
22:48311762:A:G
22:48311785:T:TCTTC
22:48311972:C:T
22:48312213:C:T
22:48312238:C:T
22:48312305:G:T
22:48312307:C:T
22:48312433:A:G
22:48312508:A:G
22:48312773:A:G
22:48312810:A:T
22:48312850:C:T
22:48312937:A:G
22:48313069:A:C
22:48313433:C:T
22:48313506:C:T
22:48313608:C:CTCCCTCTCCTTCT
22:48313843:A:C
22:48314059:C:T
22:48314244:C:T
22:48314256:A:G
22:48314266:C:T
22:48314319:C:T
22:48314390:C:T
22:48315016:A:G
22:48315549:C:T
22:48315773:C:T
22:48316137:A:G
22:48316139:C:T
22:48316242:C:T
22:48316333:A:G
22:48316454:T:TCTCACCCCTTCCTGCATGGCCC
22:48316657:C:CTT
22:48317040:C:T
22:48317077:A:G
22:48317103:A:G
22:48317655:C:T
22:48317674:G:T
22:48317695:C:G
22:48317697:A:T
22:48317841:C:CT
22:48318002:C:T
22:48318198:G:T
22:48318237:A:G
22:48318323:C:T
22:48318436:C:G
22:48318845:A:G
22:48318972:A:G
22:48319035:C:T
22:48319281:C:T
22:48319335:C:T
22:48319441:A:C
22:48319464:C:G
22:48319604:A:C
22:48319706:T:TG
22:48319878:A:G
22:48320048:A:G
22:48320107:A:C
22:48320532:A:C
22:48321123:A:G
22:48321429:A:G
22:48321476:A:T
22:48321964:C:T
22:48322137:A:G
22:48322159:A:G
22:48322186:A:G
22:48322505:A:G
22:48322535:A:G
22:48322645:A:G
22:48322698:G:GT
22:48322887:C:T
22:48323013:C:T
22:48323397:A:C
22:48323473:C:T
22:48324475:C:CT
22:48324774:G:T
22:48325190:C:G
22:48325524:A:G
22:48325573:A:G
22:48325693:A:C
22:48325911:A:G
22:48326452:A:G
22:48326813:C:T
22:48327435:A:C
22:48328256:C:T
22:48328548:G:GA
22:48329574:C:G
22:48330869:C:CT
22:48331368:A:G
22:48331534:A:G
22:48331663:A:T
22:48331739:A:C
22:48332035:C:T
22:48332225:G:T
22:48333122:C:T
22:48333295:C:CA
22:48334119:C:T
22:48334913:A:T
22:48335194:A:T
22:48335872:C:T
22:48335938:T:TGTGA
22:48341826:C:G
22:48342741:G:T
22:48343389:A:G
22:48345387:A:G
22:48347018:C:T
22:48348652:G:T
22:48348802:C:G
22:48349034:A:AT
22:48349351:C:T
22:48349556:A:C
22:48353662:A:G
22:48354855:A:T
22:48355510:T:TTATC
22:48355745:C:CT
22:48356961:C:T
22:48357108:A:T
22:48357227:A:G
22:48358813:A:T
22:48358940:A:G
22:48359425:C:T
22:48359625:A:C
22:48359933:C:T
22:48360030:A:G
22:48360173:G:T
22:48360299:A:G
22:48360485:C:T
22:48360629:C:T
22:48362652:C:G
22:48362914:A:C
22:48363017:A:AT
22:48363023:A:G
22:48363032:A:G
22:48363044:G:T
22:48363088:A:C
22:48363227:C:CACA
22:48363253:A:AC
22:48363259:A:G
22:48363267:A:G
22:48363277:A:G
22:48363290:A:C
22:48363419:C:CAT
22:48363563:T:TAC
22:48363792:C:T
22:48363888:C:T
22:48363908:C:T
22:48363911:C:T
22:48363927:C:G
22:48363963:C:T
22:48364021:C:T
22:48364237:A:G
22:48364545:A:G
22:48364574:A:G
22:48364673:A:C
22:48364723:A:G
22:48364737:A:G
22:48364916:A:G
22:48365123:C:T
22:48365205:C:G
22:48365235:C:T
22:48365246:A:C
22:48365296:A:G
22:48365498:G:T
22:48365631:C:T
22:48365877:C:T
22:48365918:C:T
22:48365987:A:G
22:48366184:A:G
22:48366395:C:G
22:48366423:C:G
22:48366610:A:G
22:48366696:C:T
22:48370095:C:T
22:48371084:C:G
22:48371223:C:T
22:48371416:A:G
22:48371504:C:T
22:48371546:C:T
22:48371554:A:G
22:48371654:G:T
22:48371656:A:C
22:48371666:C:T
22:48371721:C:T
22:48371991:C:T
22:48372005:A:C
22:48373196:T:TA
22:48373443:G:T
22:48374084:A:C
22:48376054:C:G
22:48376179:A:C
22:48376362:C:T
22:48376963:A:G
22:48377290:A:G
22:48377426:C:T
22:48377427:A:G
22:48377518:A:G
22:48377790:C:T
22:48378686:A:G
22:48378737:A:G
22:48378928:C:T
22:48378977:C:T
22:48379010:C:T
22:48380784:G:T
22:48380808:C:T
22:48381376:A:G
22:48381422:C:T
22:48381555:C:T
22:48382598:A:T
22:48382623:A:G
22:48382658:A:G
22:48382785:C:T
22:48382944:A:C
22:48383462:C:T
22:48383598:G:T
22:48383764:C:T
22:48384027:C:T
22:48384436:A:G
22:48384907:G:T
22:48384950:A:C
22:48385224:A:G
22:48385693:C:T
22:48386446:C:T
22:48386694:A:G
22:48387497:A:G
22:48387670:A:G
22:48387704:C:T
22:48387707:C:G
22:48388789:A:G
22:48389259:C:T
22:48389480:A:G
22:48389612:A:G
22:48389824:A:G
22:48389835:C:T
22:48390598:C:T
22:48390664:G:T
22:48391438:A:G
22:48392066:C:T
22:48392299:A:G
22:48392711:G:T
22:48392923:A:G
22:48394010:A:G
22:48394746:C:T
22:48395178:C:T
22:48395782:A:G
22:48397062:A:G
22:48397674:C:T
22:48398190:A:C
22:48398566:A:G
22:48398895:T:TG
22:48399606:C:T
22:48399989:C:G
22:48400628:C:T
22:48401254:A:ATAATG
22:48401326:A:G
22:48402291:C:T
22:48404527:A:C
22:48405031:A:T
22:48406697:T:TG
22:48407049:A:G
22:48407550:C:T
22:48408135:A:G
22:48409250:T:TA
22:48409635:C:T
22:48411950:C:G
22:48412913:C:T
22:48413260:G:T
22:48413282:C:CAGCCTCCCGA
22:48413487:A:T
22:48414030:C:G
22:48414451:A:G
22:48415057:A:G
22:48416014:C:T
22:48419053:A:ATAAAT
22:48419188:A:G
22:48419650:A:C
22:48419986:G:T
22:48420436:A:G
22:48420500:A:C
22:48420957:A:C
22:48421570:C:T
22:48421603:C:T
22:48421998:A:G
22:48422647:G:T
22:48422845:C:CCAGACCAGGCCAGACCGTGGTC
22:48422910:C:G
22:48423098:C:T
22:48423245:C:G
22:48423847:A:C
22:48423895:A:G
22:48424965:G:T
22:48425497:C:T
22:48427802:C:T
22:48428158:C:G
22:48428509:C:T
22:48430595:C:T
22:48431044:C:T
22:48431141:C:T
22:48431242:C:T
22:48431959:C:T
22:48432885:A:G
22:48433296:A:G
22:48434062:A:G
22:48435610:C:G
22:48436199:C:T
22:48436658:C:T
22:48436802:A:G
22:48439050:C:T
22:48440059:G:GGATA
22:48440086:T:TAGAC
22:48440090:C:T
22:48440094:C:T
22:48440095:A:G
22:48440098:C:T
22:48440099:A:G
22:48441729:A:AT
22:48444959:A:G
22:48445221:A:G
22:48445604:G:GA
22:48447123:A:AG
22:48447315:T:TA
22:48447382:C:T
22:48447799:A:G
22:48448026:C:G
22:48448031:G:T
22:48448265:A:T
22:48448347:A:G
22:48448679:C:T
22:48448776:C:T
22:48449102:T:TATTGTTATC
22:48449407:C:T
22:48449464:A:G
22:48449938:C:T
22:48450267:A:C
22:48451061:A:ATGTG
22:48451163:A:G
22:48451169:G:GTA
22:48451173:A:G
22:48451199:A:AGT
22:48451220:A:G
22:48451430:A:G
22:48451733:C:T
22:48451901:C:G
22:48451922:A:T
22:48451955:A:G
22:48452601:G:GA
22:48453666:A:C
22:48454426:C:T
22:48454693:C:T
22:48457274:A:G
22:48457696:A:G
22:48458541:A:G
22:48459058:A:AAAG
22:48459232:C:T
22:48459497:C:T
22:48459945:A:C
22:48460566:C:T
22:48460654:C:T
22:48460730:C:T
22:48460820:A:G
22:48461995:G:T
22:48464012:C:T
22:48464589:A:G
22:48466294:C:T
22:48466334:G:T
22:48467570:A:G
22:48467824:A:G
22:48468639:C:G
22:48468906:C:T
22:48469051:A:T
22:48469370:C:G
22:48469510:C:T
22:48470778:A:G
22:48471352:C:T
22:48471709:A:G
22:48472201:A:T
22:48473239:C:T
22:48474288:C:T
22:48476044:A:C
22:48476291:C:T
22:48476624:C:T
22:48476626:A:G
22:48476790:A:G
22:48476886:C:T
22:48476913:C:T
22:48477022:C:T
22:48477124:A:G
22:48477270:C:T
22:48477355:C:G
22:48477409:C:T
22:48477448:A:G
22:48477484:C:T
22:48477640:A:G
22:48477706:A:G
22:48477781:A:G
22:48477929:C:T
22:48477990:A:G
22:48478158:A:C
22:48478341:C:T
22:48478369:C:T
22:48478390:C:T
22:48478429:G:T
22:48478545:A:T
22:48479166:C:T
22:48479289:C:T
22:48479385:C:G
22:48479731:A:G
22:48481280:A:C
22:48481495:T:TG
22:48483385:C:T
22:48484533:C:T
22:48490953:A:G
22:48492124:A:T
22:48492313:A:AG
22:48492960:G:T
22:48493763:C:T
22:48494525:G:T
22:48494758:A:G
22:48494901:T:TCAACCTCCC
22:48494928:A:T
22:48495599:C:T
22:48495932:C:T
22:48496616:A:C
22:48496703:C:T
22:48499642:C:T
22:48500387:C:T
22:48500529:G:T
22:48501358:A:C
22:48501684:C:T
22:48501694:A:C
22:48501978:A:G
22:48502152:G:T
22:48503517:C:T
22:48503553:C:T
22:48505250:A:G
22:48506712:C:G
22:48506892:A:G
22:48507247:A:G
22:48510953:C:T
22:48511268:C:T
22:48511375:C:T
22:48511936:A:T
22:48512284:C:T
22:48512606:C:T
22:48514214:C:G
22:48514296:C:T
22:48514643:C:T
22:48516695:A:G
22:48516882:G:T
22:48517634:C:T
22:48517635:A:G
22:48519171:C:G
22:48519794:C:T
22:48520407:A:G
22:48521169:C:T
22:48521785:C:T
22:48522859:C:T
22:48523767:C:T
22:48524906:C:G
22:48525663:G:GTA
22:48525690:C:CAT
22:48525782:G:T
22:48526700:A:G
22:48526999:A:G
22:48527036:A:G
22:48527064:C:G
22:48527771:A:G
22:48529709:A:G
22:48531314:A:G
22:48534340:C:T
22:48534584:G:GA
22:48534691:A:C
22:48535761:C:G
22:48535768:A:G
22:48536673:C:T
22:48536721:C:CCCTTCTATACTCTCT
22:48537329:G:T
22:48537494:C:T
22:48537763:A:G
22:48537775:A:G
22:48537999:A:AAGATGGTGC
22:48538064:C:CTG
22:48538198:A:G
22:48538372:A:G
22:48538441:C:T
22:48538740:A:AT
22:48538763:A:G
22:48539054:C:T
22:48539417:A:G
22:48540145:C:G
22:48540651:A:C
22:48540795:C:T
22:48540909:A:T
22:48541321:C:T
22:48542526:C:G
22:48543566:C:T
22:48543658:C:T
22:48544203:C:T
22:48545509:A:G
22:48546285:A:C
22:48546527:C:T
22:48547060:C:T
22:48548610:A:G
22:48549195:C:T
22:48549957:C:G
22:48551345:A:AG
22:48551429:C:T
22:48551536:A:G
22:48551832:A:T
22:48551852:C:T
22:48551989:A:G
22:48552163:C:T
22:48552200:A:G
22:48552464:A:T
22:48552664:G:T
22:48553572:C:T
22:48553637:G:T
22:48553947:A:G
22:48554022:A:G
22:48554319:G:T
22:48555192:A:G
22:48555857:C:T
22:48556829:A:G
22:48556910:C:G
22:48556940:C:T
22:48556959:C:T
22:48557016:A:G
22:48557030:C:G
22:48557353:A:G
22:48557552:A:T
22:48557568:C:T
22:48557759:A:G
22:48558927:A:ATT
22:48559071:C:T
22:48560111:C:T
22:48563338:A:ACCT
22:48563339:C:T
22:48563343:C:CT
22:48563578:A:G
22:48563663:A:G
22:48563799:A:G
22:48563822:C:G
22:48564928:A:C
22:48565717:A:G
22:48566362:A:C
22:48566488:A:T
22:48567164:C:T
22:48567467:A:G
22:48567500:C:T
22:48568187:A:T
22:48568255:A:G
22:48568580:A:C
22:48569132:C:T
22:48569389:A:C
22:48569604:G:T
22:48569641:C:T
22:48569665:C:T
22:48569860:A:G
22:48570456:G:T
22:48571256:A:G
22:48571448:A:G
22:48574496:A:G
22:48574793:C:T
22:48574794:A:G
22:48575977:A:G
22:48576728:G:T
22:48576899:C:T
22:48576972:C:T
22:48578773:A:G
22:48579073:A:G
22:48579318:C:G
22:48580296:A:T
22:48580393:C:T
22:48581056:A:G
22:48584814:C:T
22:48585803:A:G
22:48588489:C:G
22:48589337:A:G
22:48589352:A:C
22:48590090:A:G
22:48590929:A:G
22:48591633:A:G
22:48591692:C:T
22:48592346:A:G
22:48592385:A:C
22:48593037:C:T
22:48593765:C:CT
22:48594097:A:G
22:48594309:A:G
22:48594652:C:T
22:48594663:C:T
22:48594741:A:G
22:48594987:A:G
22:48595020:A:T
22:48595559:A:T
22:48595578:G:T
22:48595936:C:T
22:48595971:C:T
22:48596028:A:G
22:48597454:A:G
22:48597636:A:AT
22:48597994:A:T
22:48598036:C:T
22:48598253:C:CA
22:48598852:C:T
22:48599031:A:G
22:48599065:C:T
22:48599504:G:GTAGA
22:48599711:C:G
22:48600210:G:GGA
22:48600260:A:G
22:48600279:T:TCA
22:48600362:G:T
22:48600367:C:G
22:48600443:C:T
22:48600465:A:T
22:48600677:C:T
22:48600959:C:T
22:48601624:C:CTG
22:48601686:A:G
22:48602087:G:GCCCAGTGCT
22:48602309:A:G
22:48602928:C:T
22:48603049:C:T
22:48603295:C:T
22:48603424:C:T
22:48603502:C:T
22:48603969:A:G
22:48604606:C:G
22:48604878:C:T
22:48605102:A:C
22:48605222:A:G
22:48605256:A:T
22:48605364:C:T
22:48605407:A:C
22:48605650:C:T
22:48606311:A:G
22:48606449:A:AC
22:48606899:A:G
22:48607847:A:G
22:48608376:A:G
22:48608941:A:C
22:48609442:C:T
22:48609485:C:T
22:48609843:A:C
22:48610856:G:T
22:48611036:A:G
22:48611088:A:G
22:48611116:C:T
22:48611310:C:T
22:48611746:A:G
22:48611856:A:G
22:48611905:A:G
22:48612068:C:G
22:48612223:A:C
22:48613122:A:G
22:48613603:C:G
22:48614199:C:T
22:48614856:A:C
22:48614954:G:T
22:48615042:C:T
22:48615721:C:T
22:48615926:C:T
22:48616179:C:T
22:48616185:G:GAATATACT
22:48616226:A:G
22:48616334:A:G
22:48616397:A:T
22:48616399:A:T
22:48617522:A:C
22:48617547:G:GA
22:48617557:A:G
22:48617648:A:G
22:48617761:C:T
22:48618111:C:T
22:48618179:A:AT
22:48618438:G:T
22:48618459:A:G
22:48618698:A:G
22:48618786:C:T
22:48618884:A:G
22:48619334:A:C
22:48619461:G:T
22:48619526:G:T
22:48619542:C:T
22:48619619:C:T
22:48619667:A:G
22:48619973:A:G
22:48620587:C:T
22:48620639:A:G
22:48620669:C:T
22:48620784:A:C
22:48620848:C:G
22:48620885:A:G
22:48620987:G:T
22:48621040:C:T
22:48621097:C:T
22:48621447:A:G
22:48621591:A:G
22:48621716:C:T
22:48621722:C:T
22:48621794:C:T
22:48621800:A:G
22:48621843:C:T
22:48622025:A:G
22:48622139:A:G
22:48622161:A:G
22:48622198:C:G
22:48622199:A:G
22:48622209:C:T
22:48622424:C:T
22:48622537:G:T
22:48622883:A:T
22:48622984:A:T
22:48623476:C:T
22:48623992:A:G
22:48624381:A:G
22:48624809:G:T
22:48624902:A:G
22:48630456:C:T
22:48631026:A:AT
22:48631684:A:C
22:48631707:A:G
22:48632318:A:G
22:48633217:C:T
22:48633233:A:T
22:48633629:C:T
22:48634223:C:T
22:48634961:C:G
22:48635286:A:G
22:48636518:C:G
22:48636654:C:T
22:48636757:A:G
22:48636910:A:C
22:48637027:A:G
22:48637056:A:G
22:48637288:C:T
22:48637319:C:T
22:48637466:A:C
22:48637485:A:G
22:48637553:A:G
22:48637654:C:T
22:48637663:A:G
22:48637803:A:G
22:48637916:C:T
22:48638050:A:C
22:48638183:A:C
22:48638185:A:C
22:48638187:A:C
22:48638528:G:T
22:48638660:C:T
22:48638662:C:T
22:48638809:C:T
22:48639063:C:G
22:48639116:C:G
22:48639134:A:G
22:48639471:A:G
22:48639719:C:T
22:48639886:T:TGAG
22:48639993:A:G
22:48640203:A:G
22:48640673:A:T
22:48641438:A:G
22:48641467:C:T
22:48642473:A:G
22:48642910:C:T
22:48643031:C:T
22:48643466:A:G
22:48643500:A:G
22:48643610:A:T
22:48643854:A:G
22:48644871:A:T
22:48644886:A:T
22:48644923:A:G
22:48645073:A:G
22:48645228:A:C
22:48646254:G:T
22:48646288:C:T
22:48646477:C:T
22:48646942:G:T
22:48647134:T:TCTTC
22:48648502:C:T
22:48648504:C:T
22:48648572:A:G
22:48648729:G:T
22:48648989:C:T
22:48649449:G:T
22:48650286:C:G
22:48650463:C:T
22:48650503:A:T
22:48650549:C:T
22:48651368:C:T
22:48652075:C:T
22:48652711:A:G
22:48652958:C:T
22:48653322:C:G
22:48654123:A:G
22:48655686:C:T
22:48656976:A:ACAT
22:48657745:C:T
22:48658467:C:T
22:48658493:A:G
22:48658956:C:G
22:48658962:A:G
22:48659265:A:G
22:48659880:C:T
22:48660530:A:C
22:48661109:A:G
22:48662872:A:G
22:48663548:A:G
22:48663659:C:G
22:48664074:C:T
22:48664409:A:G
22:48664565:A:G
22:48664867:C:T
22:48665154:C:G
22:48665415:C:T
22:48665472:A:G
22:48665561:C:T
22:48665686:C:T
22:48665864:C:G
22:48666167:C:T
22:48666286:A:G
22:48666495:C:T
22:48667161:C:T
22:48668034:A:G
22:48668163:A:G
22:48668581:C:G
22:48669270:A:AG
22:48669676:C:G
22:48669846:T:TCCACCCACCCACCCA
22:48670252:C:G
22:48670512:C:T
22:48670715:C:T
22:48670820:C:CGCCTGTGG
22:48670909:A:G
22:48671102:A:G
22:48671135:C:T
22:48671159:C:T
22:48671263:A:G
22:48671281:A:C
22:48671976:C:G
22:48672046:A:T
22:48672140:A:G
22:48672270:G:T
22:48672302:C:T
22:48672954:G:T
22:48672957:C:T
22:48673198:A:G
22:48673301:A:T
22:48674736:G:T
22:48674867:C:T
22:48674928:C:T
22:48676153:C:T
22:48676172:A:G
22:48676267:A:AGG
22:48676609:C:T
22:48677146:A:AAAGG
22:48677261:C:T
22:48678183:A:G
22:48678637:A:AAAGG
22:48678761:A:T
22:48679288:C:T
22:48680069:A:C
22:48680070:A:T
22:48680953:C:T
22:48681135:C:T
22:48681337:C:T
22:48681770:C:T
22:48682369:C:T
22:48682431:C:T
22:48682545:C:G
22:48682608:C:G
22:48682640:A:C
22:48682685:C:G
22:48683518:A:G
22:48684101:C:T
22:48684133:A:G
22:48684195:C:T
22:48684287:C:G
22:48685281:A:G
22:48686182:A:C
22:48686365:A:G
22:48686625:A:G
22:48686921:A:T
22:48686928:A:C
22:48686961:A:T
22:48687076:C:T
22:48687137:C:T
22:48687376:C:G
22:48687408:C:CA
22:48687509:C:T
22:48687836:A:G
22:48687839:A:G
22:48687883:C:T
22:48688145:C:T
22:48688339:C:CAT
22:48688429:C:G
22:48688502:A:G
22:48688503:A:G
22:48688571:A:AC
22:48688634:A:G
22:48688910:C:CTG
22:48689126:A:T
22:48689339:A:T
22:48689443:C:T
22:48689450:C:T
22:48689461:A:C
22:48689626:C:T
22:48689766:C:T
22:48689786:A:G
22:48690187:C:T
22:48690225:A:C
22:48690448:A:C
22:48691201:C:T
22:48691442:A:G
22:48691715:A:G
22:48692033:C:T
22:48692198:A:T
22:48692553:G:T
22:48692656:C:T
22:48693091:C:T
22:48693246:A:G
22:48693723:C:CT
22:48693735:G:T
22:48693953:C:T
22:48694279:A:G
22:48695110:A:C
22:48696193:C:T
22:48697257:A:G
22:48699617:C:T
22:48699621:C:G
22:48699812:C:T
22:48700223:C:T
22:48700393:C:T
22:48701023:G:T
22:48701030:C:T
22:48704906:C:G
22:48705243:G:T
22:48705291:C:T
22:48705403:T:TC
22:48706516:A:G
22:48706574:A:G
22:48706616:C:G
22:48706642:C:T
22:48707300:C:T
22:48707427:C:T
22:48707595:C:T
22:48708059:C:T
22:48708373:A:G
22:48708374:C:T
22:48708385:A:C
22:48708486:C:T
22:48708656:A:T
22:48708954:A:G
22:48708990:C:T
22:48709188:C:T
22:48709206:A:G
22:48709566:A:G
22:48709977:C:CT
22:48710157:G:T
22:48710291:C:G
22:48710319:A:C
22:48710350:A:G
22:48710480:A:G
22:48711059:C:G
22:48711163:A:G
22:48711251:A:G
22:48711296:C:T
22:48711584:A:AAAGCGAGTCTAGTCCAG
22:48711586:C:CT
22:48711616:C:T
22:48711927:C:T
22:48712481:A:C
22:48712796:A:AACACCAAGAGGGATCC
22:48713539:C:T
22:48714825:G:T
22:48715166:C:T
22:48715226:A:G
22:48715673:C:G
22:48715863:C:T
22:48715935:A:G
22:48716125:C:G
22:48716235:C:G
22:48716258:C:T
22:48716282:C:T
22:48716353:A:T
22:48716365:C:T
22:48716451:A:G
22:48717026:A:G
22:48717304:A:T
22:48717393:C:T
22:48717568:C:T
22:48717705:C:T
22:48717791:C:G
22:48717973:C:T
22:48717976:A:G
22:48718010:A:G
22:48718051:A:G
22:48718112:C:T
22:48718131:C:T
22:48718135:A:G
22:48718163:A:G
22:48718204:C:T
22:48718247:C:T
22:48718274:C:T
22:48718373:C:T
22:48718696:C:T
22:48718818:G:T
22:48718828:A:G
22:48718966:A:G
22:48719269:C:G
22:48719380:A:G
22:48719451:A:T
22:48719458:A:C
22:48719570:A:G
22:48720000:G:T
22:48720006:T:TA
22:48720192:A:G
22:48720292:G:T
22:48720355:A:G
22:48720364:A:G
22:48720586:A:C
22:48721071:C:T
22:48721585:C:T
22:48722383:C:T
22:48722502:C:T
22:48722735:A:G
22:48723069:C:G
22:48723213:C:G
22:48723281:C:G
22:48723660:C:T
22:48723879:A:G
22:48723893:C:G
22:48724353:C:T
22:48724462:C:T
22:48724647:G:T
22:48724661:A:G
22:48724681:G:GC
22:48725244:A:C
22:48725535:A:G
22:48726121:C:T
22:48726155:C:T
22:48726636:C:T
22:48726698:A:T
22:48726996:C:T
22:48727003:C:CA
22:48727259:A:G
22:48727674:A:G
22:48727758:A:G
22:48728073:C:T
22:48728282:C:T
22:48728386:C:T
22:48729069:C:G
22:48729316:C:G
22:48729550:C:T
22:48730069:A:G
22:48730683:A:T
22:48730913:C:T
22:48731606:C:T
22:48732593:C:T
22:48733025:A:G
22:48733658:C:T
22:48733685:G:GCA
22:48733827:A:G
22:48733874:A:G
22:48733898:A:G
22:48734574:A:T
22:48734609:A:G
22:48734899:A:G
22:48736200:A:G
22:48737616:G:T
22:48738133:G:T
22:48738248:T:TC
22:48739112:A:G
22:48739129:C:T
22:48739456:C:T
22:48740378:T:TA
22:48740405:C:T
22:48740406:A:G
22:48740622:A:AT
22:48740730:C:T
22:48741011:A:G
22:48741012:G:T
22:48741310:A:G
22:48741349:A:G
22:48741367:C:T
22:48742656:A:G
22:48743330:C:T
22:48744181:A:G
22:48744517:C:G
22:48744611:C:G
22:48744656:A:ACT
22:48744696:A:T
22:48744876:A:T
22:48744990:A:ACACT
22:48745079:A:G
22:48745092:A:ACT
22:48745300:C:T
22:48745341:C:T
22:48745431:G:GCT
22:48745482:C:T
22:48745675:C:T
22:48745801:A:T
22:48748390:C:G
22:48749087:C:G
22:48749132:A:T
22:48749371:A:G
22:48749548:A:T
22:48749663:C:T
22:48750445:A:G
22:48751785:A:G
22:48751873:A:G
22:48752747:C:T
22:48752757:A:G
22:48752833:A:G
22:48752929:A:G
22:48753940:C:T
22:48753977:A:G
22:48754384:A:T
22:48754738:C:T
22:48754883:C:T
22:48754884:A:G
22:48756433:A:G
22:48757226:G:T
22:48759228:A:T
22:48759498:A:G
22:48762626:A:G
22:48762687:G:T
22:48762909:A:G
22:48763733:A:C
22:48763864:C:G
22:48763919:G:T
22:48765108:G:T
22:48765242:A:C
22:48765972:C:G
22:48766050:C:T
22:48766147:C:T
22:48766236:A:G
22:48766369:A:T
22:48766481:A:G
22:48766703:G:GAT
22:48767547:A:C
22:48767646:C:T
22:48767658:C:G
22:48767708:C:T
22:48768164:C:G
22:48768196:C:T
22:48768363:C:T
22:48768431:A:C
22:48768632:A:C
22:48768661:C:T
22:48768738:A:G
22:48769006:C:T
22:48769094:A:T
22:48769209:A:G
22:48769627:C:G
22:48769641:A:G
22:48770418:C:G
22:48770446:C:CT
22:48770556:C:T
22:48770709:A:C
22:48770750:C:T
22:48770872:C:G
22:48772635:C:CCGG
22:48773268:A:G
22:48773619:G:T
22:48773665:C:G
22:48773706:C:T
22:48773781:A:T
22:48774469:A:G
22:48775022:C:T
22:48775044:A:G
22:48775198:C:T
22:48775279:C:T
22:48775429:A:G
22:48775633:A:G
22:48776044:C:T
22:48776282:C:T
22:48777234:A:AACCCAGGAGAGGATCG
22:48777480:C:G
22:48779582:A:G
22:48783397:A:G
22:48783656:A:G
22:48783960:C:T
22:48784035:A:C
22:48784158:C:T
22:48785472:G:T
22:48785558:T:TC
22:48785716:A:G
22:48786253:A:G
22:48786259:A:G
22:48786581:G:T
22:48786797:A:G
22:48786981:A:G
22:48789953:A:C
22:48792525:C:T
22:48794060:G:T
22:48795464:G:GAC
22:48797030:C:T
22:48797297:A:G
22:48797436:A:G
22:48797440:A:G
22:48798010:A:C
22:48799734:C:CT
22:48800109:A:G
22:48801065:A:G
22:48803319:C:T
22:48803576:A:G
22:48803912:A:G
22:48804385:A:G
22:48804729:G:T
22:48804989:A:C
22:48805148:C:T
22:48805924:G:T
22:48806163:C:T
22:48806360:C:T
22:48806663:A:G
22:48806802:A:G
22:48807485:A:C
22:48807517:A:G
22:48807773:C:T
22:48808351:A:G
22:48808860:A:G
22:48808940:A:G
22:48808955:A:C
22:48808994:A:T
22:48808996:A:G
22:48809069:A:G
22:48809109:C:G
22:48809320:A:T
22:48811068:A:G
22:48811095:A:G
22:48811345:A:AT
22:48811443:C:G
22:48811525:C:T
22:48811852:C:G
22:48811874:A:C
22:48811946:C:T
22:48812130:G:T
22:48812135:A:C
22:48812618:A:G
22:48813648:C:T
22:48814313:A:T
22:48814825:C:T
22:48815311:C:T
22:48815752:A:C
22:48816010:A:C
22:48816291:C:G
22:48816435:C:T
22:48816766:C:T
22:48816872:C:T
22:48817145:G:GA
22:48817460:C:T
22:48818021:A:G
22:48818900:A:C
22:48818919:A:C
22:48819202:C:T
22:48819241:C:T
22:48819364:G:T
22:48819398:A:C
22:48819677:A:T
22:48820023:C:T
22:48820839:G:T
22:48821349:C:G
22:48821854:A:G
22:48822086:C:T
22:48822510:A:G
22:48823666:C:T
22:48823857:G:T
22:48824567:C:T
22:48824991:A:G
22:48825462:C:G
22:48825482:C:T
22:48826019:A:G
22:48826423:C:T
22:48826765:A:AT
22:48827287:A:G
22:48827484:A:C
22:48828009:C:T
22:48828168:A:G
22:48828775:C:G
22:48829386:C:T
22:48829649:C:T
22:48829790:C:T
22:48830022:A:G
22:48830044:A:C
22:48830216:A:G
22:48830359:A:G
22:48830394:A:G
22:48830555:C:T
22:48830725:A:G
22:48830743:C:T
22:48830958:A:G
22:48831341:C:T
22:48831652:C:T
22:48831982:C:G
22:48832094:A:G
22:48832215:C:T
22:48832561:C:T
22:48832793:A:G
22:48832904:A:G
22:48832953:C:T
22:48833706:A:G
22:48833895:G:GAAC
22:48834112:A:G
22:48834676:A:AAAAAT
22:48835009:C:T
22:48835424:A:C
22:48835465:C:G
22:48835597:A:AT
22:48835744:A:G
22:48835774:A:G
22:48835818:A:G
22:48835845:A:G
22:48836017:A:G
22:48836042:A:G
22:48836167:C:T
22:48836425:C:T
22:48836967:C:T
22:48837349:A:G
22:48837629:A:G
22:48837650:C:G
22:48837907:A:G
22:48837972:C:CCCTGAGCCCTAAT
22:48838018:A:G
22:48838053:C:G
22:48838345:A:G
22:48838656:A:G
22:48838802:A:G
22:48838815:A:G
22:48838849:C:T
22:48839260:C:T
22:48839376:A:C
22:48839707:A:G
22:48840405:A:G
22:48840707:C:T
22:48840927:A:G
22:48841057:A:G
22:48841841:C:CTT
22:48842294:T:TA
22:48843448:C:G
22:48843478:C:T
22:48844141:C:T
22:48844185:A:G
22:48844751:C:T
22:48844772:C:T
22:48845039:A:G
22:48845588:C:G
22:48845768:C:T
22:48846079:A:G
22:48847257:A:G
22:48847648:G:GC
22:48847910:A:C
22:48848116:C:T
22:48848132:C:G
22:48848486:G:GA
22:48848760:C:T
22:48849045:C:T
22:48849097:A:G
22:48849205:C:T
22:48849233:C:T
22:48849346:C:G
22:48849424:C:T
22:48849541:C:G
22:48849906:T:TGTGCACA
22:48849945:G:T
22:48850674:G:T
22:48850859:C:T
22:48850942:C:T
22:48850974:A:T
22:48851279:A:C
22:48851456:G:T
22:48852417:A:T
22:48853778:C:T
22:48853819:C:T
22:48855412:C:T
22:48855539:C:T
22:48855545:A:G
22:48855749:C:CA
22:48856159:A:G
22:48856251:A:G
22:48857484:A:G
22:48858223:C:T
22:48858480:C:T
22:48858971:C:CA
22:48860173:C:T
22:48860402:C:T
22:48860427:C:G
22:48860475:A:G
22:48860682:A:G
22:48861053:C:G
22:48861511:T:TA
22:48861829:C:T
22:48862329:A:T
22:48862558:C:G
22:48863114:C:T
22:48863268:A:G
22:48863309:A:AT
22:48863817:C:T
22:48863821:C:T
22:48864393:G:T
22:48864474:G:T
22:48864492:C:T
22:48864678:A:G
22:48865096:A:G
22:48867417:A:G
22:48867873:A:G
22:48869266:C:T
22:48869348:C:T
22:48869732:C:T
22:48869805:C:T
22:48870449:C:T
22:48870878:A:G
22:48870888:C:G
22:48871019:A:G
22:48871083:C:T
22:48871478:A:G
22:48871624:A:G
22:48872181:C:T
22:48872193:C:T
22:48872240:G:T
22:48873385:A:G
22:48873545:A:C
22:48873919:C:T
22:48874153:A:G
22:48874310:C:T
22:48874932:A:T
22:48875087:A:G
22:48875097:C:T
22:48875134:C:T
22:48875163:C:T
22:48875194:C:T
22:48875667:G:GA
22:48875798:C:T
22:48877273:C:T
22:48877689:C:T
22:48878506:C:T
22:48878876:T:TTC
22:48879111:A:G
22:48879513:G:T
22:48879663:C:T
22:48879684:C:T
22:48880287:C:T
22:48880627:C:T
22:48881573:A:G
22:48882301:C:G
22:48882605:C:T
22:48883313:C:T
22:48883633:A:C
22:48883905:A:T
22:48884894:A:C
22:48885052:C:T
22:48885287:A:G
22:48885719:C:T
22:48885789:G:T
22:48886416:C:T
22:48887072:C:T
22:48888351:A:G
22:48888851:C:T
22:48888977:A:G
22:48889699:A:G
22:48889710:A:G
22:48890648:A:G
22:48891519:C:T
22:48891856:C:T
22:48891881:A:G
22:48892314:G:T
22:48892473:C:T
22:48892542:C:T
22:48892794:C:G
22:48892847:G:T
22:48892919:C:T
22:48893090:C:G
22:48893753:C:CGGGGCTGAAGAGTGGGGT
22:48894213:A:G
22:48894392:C:G
22:48894501:C:T
22:48894613:A:G
22:48894614:A:C
22:48896979:C:G
22:48897648:C:G
22:48900332:C:CG
22:48901249:A:G
22:48901732:C:T
22:48902769:A:C
22:48903245:A:G
22:48904896:G:T
22:48905011:C:T
22:48905024:A:G
22:48905579:C:T
22:48905588:C:T
22:48906295:A:G
22:48906458:C:G
22:48906678:A:C
22:48906987:A:G
22:48907418:G:T
22:48907755:A:G
22:48907806:C:T
22:48907807:A:G
22:48908280:C:T
22:48908388:A:C
22:48908419:C:T
22:48908472:C:T
22:48908647:A:G
22:48908755:A:G
22:48908969:G:T
22:48909002:A:G
22:48909082:C:T
22:48910397:C:T
22:48910605:C:T
22:48910655:C:T
22:48911258:G:T
22:48911477:C:T
22:48911515:C:T
22:48911828:A:G
22:48911999:A:G
22:48912480:G:T
22:48912830:C:T
22:48913184:C:T
22:48913186:A:G
22:48913386:A:T
22:48913616:C:T
22:48913809:A:G
22:48914502:C:T
22:48914669:C:T
22:48915877:A:G
22:48915977:C:T
22:48916007:A:G
22:48916178:A:T
22:48916484:C:T
22:48917030:A:C
22:48917237:C:T
22:48917824:A:C
22:48918450:C:T
22:48918829:C:T
22:48919032:C:T
22:48919726:A:G
22:48919808:C:T
22:48919999:C:T
22:48920724:C:T
22:48920894:C:G
22:48921447:C:T
22:48921519:C:T
22:48921665:C:T
22:48921733:A:G
22:48922122:C:T
22:48923123:G:T
22:48923464:C:T
22:48923471:C:T
22:48923775:A:C
22:48923799:C:T
22:48924633:A:G
22:48924712:A:G
22:48924926:A:C
22:48925967:G:T
22:48926069:A:G
22:48926629:C:T
22:48926921:C:CGTGGCTGGGCCTGTTTCAGATC
22:48927129:A:G
22:48927135:C:T
22:48927254:C:T
22:48927905:C:T
22:48928215:A:G
22:48928367:C:G
22:48928835:C:G
22:48928854:G:T
22:48929171:C:T
22:48929422:A:G
22:48929569:A:G
22:48929583:C:CT
22:48929699:C:T
22:48929867:C:T
22:48930004:T:TG
22:48930082:A:G
22:48930091:G:T
22:48930184:A:G
22:48930219:A:G
22:48931593:A:G
22:48931713:C:G
22:48931860:A:G
22:48932198:A:G
22:48932717:A:G
22:48933037:A:G
22:48934631:C:G
22:48934807:C:G
22:48935708:G:T
22:48936864:C:G
22:48936917:C:G
22:48937049:G:GC
22:48937697:C:T
22:48937877:A:G
22:48938156:G:GGT
22:48938282:A:ATGTGTGTGTGG
22:48938335:A:ATGTGTGG
22:48938376:G:GGT
22:48938757:A:G
22:48940423:G:T
22:48940506:G:T
22:48940553:C:T
22:48940714:T:TC
22:48941730:G:T
22:48941866:A:G
22:48942294:C:CG
22:48942339:C:T
22:48943842:A:G
22:48944375:C:T
22:48944551:C:G
22:48945010:C:T
22:48946181:C:T
22:48946775:C:T
22:48947110:A:G
22:48947796:C:T
22:48950529:C:T
22:48950688:A:G
22:48950791:A:G
22:48951451:C:T
22:48951913:C:T
22:48952330:A:T
22:48952603:C:T
22:48952666:A:G
22:48953201:C:T
22:48953501:C:T
22:48954205:C:T
22:48954362:C:T
22:48954393:A:G
22:48955634:A:G
22:48955755:C:G
22:48955855:A:G
22:48956316:C:T
22:48956397:A:AT
22:48956401:T:TTA
22:48956901:A:G
22:48957134:C:G
22:48957494:A:G
22:48957989:A:G
22:48957993:A:G
22:48957996:C:T
22:48957997:G:T
22:48957998:G:T
22:48958196:C:T
22:48958239:C:T
22:48958406:A:C
22:48958545:A:G
22:48958612:C:G
22:48958758:C:G
22:48958927:A:G
22:48958988:C:T
22:48959092:C:T
22:48959446:A:G
22:48960409:A:G
22:48960564:C:G
22:48960746:C:T
22:48961379:A:G
22:48961879:C:T
22:48961932:C:G
22:48962483:C:T
22:48962569:A:G
22:48963432:C:G
22:48963631:C:T
22:48964021:C:T
22:48965106:C:T
22:48965219:C:T
22:48965542:C:G
22:48965547:C:G
22:48966343:A:G
22:48966641:A:AG
22:48968438:C:T
22:48968698:C:T
22:48969214:A:G
22:48972117:A:G
22:48972536:C:G
22:48974673:A:G
22:48974939:C:CG
22:48975530:G:T
22:48976727:A:G
22:48976756:C:CA
22:48976839:C:T
22:48977215:C:T
22:48977485:G:T
22:48977531:A:G
22:48977724:A:T
22:48978045:A:T
22:48978633:C:CCA
22:48978765:A:ACACACAC
22:48979236:C:T
22:48979309:C:T
22:48979600:C:T
22:48979727:T:TACACCACACAC
22:48980423:C:T
22:48980473:C:T
22:48980631:A:G
22:48981384:C:T
22:48981469:G:GCACACACAC
22:48981859:A:C
22:48981882:A:G
22:48982019:G:T
22:48982238:A:G
22:48982563:A:G
22:48982878:A:G
22:48983126:A:G
22:48984016:A:G
22:48984237:A:G
22:48984702:A:T
22:48985371:G:T
22:48985511:A:AGACAGG
22:48985525:A:G
22:48985651:C:CT
22:48985751:A:T
22:48986776:A:G
22:48987090:C:G
22:48987457:G:T
22:48987521:A:AGG
22:48987619:C:G
22:48987852:C:T
22:48988634:C:T
22:48988668:C:T
22:48989356:A:G
22:48989643:A:G
22:48989851:A:G
22:48990016:C:T
22:48990047:G:T
22:48990223:A:G
22:48990325:A:G
22:48990337:C:G
22:48990689:A:ATT
22:48991385:C:T
22:48991449:A:G
22:48991641:A:G
22:48991754:C:T
22:48992380:A:G
22:48992423:C:T
22:48992720:A:G
22:48992828:C:T
22:48992901:A:G
22:48992912:C:G
22:48993321:C:T
22:48993434:C:G
22:48993435:G:T
22:48993735:A:G
22:48993825:C:T
22:48993874:C:T
22:48993933:A:G
22:48993952:A:G
22:48994583:C:T
22:48994792:A:G
22:48995121:C:T
22:48995195:C:T
22:48995213:A:G
22:48995310:A:G
22:48995420:C:T
22:48995618:A:G
22:48995810:A:C
22:48995975:C:G
22:48996141:C:T
22:48996346:C:T
22:48996379:C:CGT
22:48996398:A:G
22:48996540:C:T
22:48996576:C:T
22:48996635:C:T
22:48996968:A:G
22:48997202:A:C
22:48997769:C:CACAT
22:48997837:A:T
22:48998368:A:G
22:48998566:A:G
22:48998604:G:T
22:48999408:C:G
22:48999595:A:G
22:48999909:A:G
22:48999988:A:G
22:49000044:A:G
22:49000233:C:T
22:49000305:C:T
22:49000344:A:G
22:49000429:C:G
22:49000447:A:G
22:49001095:A:T
22:49001612:C:T
22:49001692:A:G
22:49001694:A:G
22:49001912:A:G
22:49002066:C:G
22:49002157:A:C
22:49002281:A:G
22:49002544:C:T
22:49002551:C:T
22:49002662:C:T
22:49002665:C:T
22:49002813:C:T
22:49002819:A:G
22:49002821:A:C
22:49002978:G:T
22:49003094:G:T
22:49003329:C:G
22:49003476:C:G
22:49003554:C:T
22:49003578:A:C
22:49003581:G:GC
22:49003591:A:C
22:49003691:C:T
22:49003790:C:T
22:49003841:C:T
22:49003843:A:G
22:49003874:A:G
22:49003956:C:G
22:49004050:A:G
22:49004138:G:T
22:49004395:A:G
22:49004504:A:G
22:49004518:C:T
22:49004697:C:G
22:49004699:A:G
22:49004701:C:G
22:49004779:C:G
22:49004970:A:G
22:49004979:A:G
22:49005016:C:T
22:49005029:A:G
22:49005074:A:G
22:49005079:C:T
22:49005120:G:T
22:49005123:C:T
22:49005170:C:T
22:49005255:A:C
22:49005323:G:T
22:49005399:C:T
22:49005638:A:G
22:49005730:C:T
22:49005909:A:G
22:49006221:A:G
22:49006457:C:T
22:49006523:A:G
22:49006685:A:G
22:49006748:A:ATT
22:49007902:C:T
22:49008212:G:T
22:49008788:A:T
22:49008816:G:T
22:49009373:A:G
22:49009651:A:G
22:49009748:A:G
22:49009819:C:T
22:49009825:C:T
22:49009880:C:T
22:49009927:A:G
22:49010580:C:T
22:49010748:A:G
22:49010940:A:G
22:49011020:C:T
22:49011267:C:T
22:49011540:C:T
22:49011594:C:T
22:49011625:C:T
22:49011638:C:T
22:49011701:C:T
22:49011712:G:T
22:49011833:C:T
22:49011838:C:T
22:49012094:C:T
22:49012108:A:G
22:49012111:C:G
22:49012304:C:T
22:49012622:C:T
22:49012994:A:G
22:49013046:A:AAGAGGAGGCAAAAGGGGCATGA
22:49013118:C:T
22:49013430:C:T
22:49013476:A:G
22:49013666:C:CA
22:49014116:A:G
22:49014440:A:G
22:49014737:A:G
22:49015437:A:C
22:49015630:A:G
22:49015747:A:G
22:49017230:A:G
22:49018233:A:T
22:49018853:C:G
22:49019264:C:T
22:49020010:A:C
22:49020246:A:G
22:49020407:C:T
22:49021768:A:G
22:49021930:C:T
22:49022043:A:G
22:49024064:C:T
22:49024632:A:G
22:49024843:A:G
22:49024853:C:T
22:49025257:A:G
22:49025365:A:G
22:49025627:A:G
22:49025710:C:T
22:49026230:C:T
22:49026292:A:G
22:49026549:A:G
22:49026616:G:GCTT
22:49026883:C:T
22:49027269:C:T
22:49027339:C:G
22:49027446:C:T
22:49027559:C:T
22:49027856:C:T
22:49028180:A:C
22:49028564:A:G
22:49028568:A:G
22:49028615:A:G
22:49028732:C:T
22:49028804:A:G
22:49029247:A:G
22:49029262:C:T
22:49029320:C:G
22:49029324:C:G
22:49029344:C:G
22:49029351:C:T
22:49029932:G:GCTCA
22:49030074:A:T
22:49030256:C:T
22:49030307:C:CTTTACTCA
22:49030352:A:G
22:49030488:C:CTCAG
22:49030818:G:T
22:49030831:C:T
22:49031171:A:G
22:49031369:C:T
22:49031782:C:T
22:49031783:A:G
22:49032083:A:G
22:49032856:C:T
22:49033124:G:GCATGTGCACA
22:49033207:C:T
22:49033216:C:G
22:49033350:C:T
22:49033600:A:G
22:49033867:C:T
22:49033984:A:C
22:49034053:A:G
22:49034086:C:T
22:49034204:C:CAG
22:49034746:C:CA
22:49034784:C:CAG
22:49034880:C:T
22:49035035:G:GC
22:49035435:A:G
22:49035479:A:G
22:49035855:C:T
22:49036119:C:G
22:49036323:C:T
22:49036420:T:TG
22:49036640:A:G
22:49037643:A:G
22:49038803:A:G
22:49039354:G:T
22:49039414:A:G
22:49039797:C:T
22:49040666:A:G
22:49040844:C:T
22:49041028:A:C
22:49041373:A:G
22:49041419:C:G
22:49041758:A:G
22:49041770:A:ATG
22:49042116:C:T
22:49042200:G:T
22:49042294:C:T
22:49042316:C:T
22:49043513:A:G
22:49043518:T:TGCCATGGGCCTAGCCAGCAGCA
22:49043547:G:T
22:49043608:C:T
22:49043632:C:G
22:49043912:C:T
22:49043913:A:T
22:49044035:C:CA
22:49044424:A:G
22:49044556:C:T
22:49044802:C:T
22:49044813:C:T
22:49045125:C:T
22:49045426:C:T
22:49045652:C:T
22:49045663:C:G
22:49045728:A:G
22:49045770:A:G
22:49045798:C:T
22:49046047:G:T
22:49046275:A:G
22:49046349:C:T
22:49046450:A:G
22:49046570:A:G
22:49047339:C:T
22:49047415:C:T
22:49047595:A:G
22:49047615:C:T
22:49047713:C:T
22:49048215:T:TAAGG
22:49048485:A:G
22:49048620:C:CCTCTCCA
22:49048630:G:GCTTAGGGGC
22:49048646:A:C
22:49048898:A:G
22:49049004:C:T
22:49049319:A:G
22:49049347:C:T
22:49049393:C:T
22:49049567:C:T
22:49049710:T:TTGC
22:49049786:C:T
22:49049803:C:T
22:49049820:A:G
22:49049838:G:T
22:49050032:A:G
22:49050260:A:T
22:49050274:A:T
22:49050287:A:G
22:49050322:C:T
22:49050372:A:G
22:49050425:C:T
22:49050435:C:T
22:49050448:C:T
22:49050544:A:G
22:49050798:A:G
22:49050995:A:G
22:49051003:C:T
22:49051078:A:G
22:49051158:C:T
22:49051185:A:G
22:49051250:A:G
22:49051257:A:G
22:49051301:A:G
22:49051355:A:G
22:49051512:A:T
22:49051555:A:G
22:49051557:G:T
22:49051618:C:G
22:49051873:C:G
22:49051905:C:T
22:49051918:A:T
22:49051951:A:G
22:49052266:C:T
22:49052376:C:T
22:49052418:A:G
22:49052457:C:T
22:49052509:C:CT
22:49052734:C:T
22:49053339:A:G
22:49053436:G:T
22:49053529:C:G
22:49053555:G:T
22:49053694:A:G
22:49054049:A:G
22:49054088:A:G
22:49054168:A:G
22:49054563:C:T
22:49054744:G:T
22:49055412:A:T
22:49055445:G:GTTC
22:49055555:A:T
22:49055680:C:T
22:49055823:C:T
22:49055824:A:G
22:49055848:G:T
22:49055850:C:T
22:49055914:T:TC
22:49056005:C:T
22:49056038:C:T
22:49056076:G:T
22:49056176:A:C
22:49056207:A:G
22:49056233:A:G
22:49056438:C:T
22:49056455:C:G
22:49056457:C:T
22:49056481:A:C
22:49056665:A:G
22:49056736:A:G
22:49056757:A:AG
22:49056761:G:T
22:49056825:C:G
22:49056949:A:G
22:49057056:C:G
22:49057104:C:T
22:49057216:C:T
22:49057222:A:G
22:49057279:C:G
22:49057325:A:G
22:49057488:A:G
22:49057491:C:T
22:49057668:A:G
22:49057821:C:T
22:49057891:C:T
22:49058029:C:T
22:49058041:C:G
22:49058050:A:T
22:49058067:A:G
22:49058158:C:T
22:49058162:C:T
22:49058233:G:T
22:49058278:C:T
22:49058337:A:G
22:49058511:A:G
22:49058512:A:G
22:49058536:C:T
22:49058679:A:G
22:49058779:C:T
22:49058920:C:T
22:49058983:A:G
22:49059082:A:G
22:49059107:G:T
22:49059121:C:T
22:49059133:C:T
22:49059157:T:TA
22:49059158:A:G
22:49059180:A:C
22:49059237:A:G
22:49059270:A:G
22:49059311:G:T
22:49059651:G:T
22:49059823:C:G
22:49059924:A:G
22:49059945:C:T
22:49059978:A:G
22:49060216:C:T
22:49060224:A:G
22:49060655:A:G
22:49060732:A:G
22:49060976:A:G
22:49060987:A:G
22:49061028:C:T
22:49061044:A:G
22:49061113:C:T
22:49061300:G:T
22:49061362:A:AT
22:49061363:G:T
22:49061383:A:G
22:49061579:A:G
22:49061676:G:T
22:49061837:C:CA
22:49062010:A:G
22:49062070:A:C
22:49062079:A:C
22:49062315:A:G
22:49062434:A:G
22:49062501:C:T
22:49062541:A:G
22:49062545:C:T
22:49063343:C:T
22:49063608:A:G
22:49064302:A:G
22:49064526:A:G
22:49064619:C:T
22:49064667:C:T
22:49064850:A:G
22:49064902:A:G
22:49065024:C:T
22:49065116:A:G
22:49065181:C:T
22:49065234:A:G
22:49065256:G:T
22:49065314:A:G
22:49065324:A:G
22:49065332:C:T
22:49065386:A:G
22:49065630:A:G
22:49065632:A:C
22:49065764:A:T
22:49065765:C:T
22:49065908:C:G
22:49065939:A:G
22:49065944:A:G
22:49065953:C:T
22:49065968:A:C
22:49066155:A:G
22:49066360:A:G
22:49066378:C:G
22:49066429:G:T
22:49066760:A:G
22:49067584:C:G
22:49067939:A:C
22:49068081:C:T
22:49068373:G:T
22:49068511:C:T
22:49068920:C:T
22:49068935:A:C
22:49069015:C:T
22:49069088:G:GT
22:49069128:G:GTC
22:49069693:A:C
22:49069724:A:G
22:49069745:A:G
22:49069776:A:G
22:49069821:C:T
22:49069822:A:G
22:49069848:C:T
22:49071731:A:G
22:49071744:A:T
22:49071768:A:G
22:49072540:C:T
22:49072541:A:G
22:49072814:C:T
22:49072993:C:T
22:49073192:G:T
22:49073989:A:G
22:49074186:C:T
22:49074301:A:G
22:49075655:A:G
22:49075686:G:T
22:49076187:C:T
22:49076357:A:G
22:49076650:C:T
22:49077113:C:T
22:49077114:A:G
22:49077325:G:T
22:49077326:A:G
22:49077463:C:CA
22:49077605:<CN0>:A
22:49077902:A:T
22:49078213:C:T
22:49078625:C:T
22:49078962:A:G
22:49079014:C:T
22:49079167:A:G
22:49079177:C:G
22:49079380:A:G
22:49079580:C:T
22:49079732:C:T
22:49079936:A:AGC
22:49081419:C:T
22:49081520:G:T
22:49083887:C:T
22:49083894:G:GT
22:49083914:G:GT
22:49084621:C:T
22:49084655:C:T
22:49084824:G:GA
22:49085169:A:G
22:49085175:A:G
22:49085205:A:G
22:49085499:C:T
22:49085783:C:T
22:49085912:G:T
22:49085923:C:T
22:49086149:A:G
22:49086167:A:G
22:49086215:A:G
22:49086236:C:T
22:49086442:C:T
22:49086481:C:T
22:49086570:C:T
22:49086589:C:G
22:49086629:C:T
22:49086655:C:T
22:49086665:A:G
22:49086731:A:G
22:49086801:C:G
22:49086836:C:G
22:49087084:C:T
22:49087185:C:T
22:49087197:A:G
22:49087328:A:G
22:49087375:A:G
22:49087423:A:C
22:49087528:G:T
22:49087595:A:G
22:49087613:C:T
22:49087796:A:G
22:49087871:A:ACTC
22:49087877:C:G
22:49087929:C:T
22:49087932:A:G
22:49088120:C:T
22:49088507:A:G
22:49088757:A:G
22:49088760:A:G
22:49088916:C:T
22:49089672:A:G
22:49089691:C:G
22:49089866:C:G
22:49089998:C:T
22:49090452:A:C
22:49090482:C:T
22:49090553:C:G
22:49090924:A:G
22:49091103:A:G
22:49091230:C:T
22:49091564:A:C
22:49091631:A:G
22:49091661:A:G
22:49091922:A:G
22:49092103:C:T
22:49092241:C:G
22:49092535:C:G
22:49092607:A:G
22:49092615:C:T
22:49092713:A:G
22:49093177:T:TGAC
22:49093260:G:GGATGGTGGTGGT
22:49093460:C:G
22:49093483:G:T
22:49093535:G:T
22:49093570:A:G
22:49093649:A:G
22:49093763:G:T
22:49093794:A:G
22:49094571:A:C
22:49094586:C:T
22:49094918:C:T
22:49095050:C:T
22:49095071:A:G
22:49095364:C:G
22:49095637:A:G
22:49095682:C:G
22:49095805:G:T
22:49095846:A:G
22:49096024:C:T
22:49096130:A:G
22:49096268:A:G
22:49096314:C:G
22:49096569:G:T
22:49096624:A:G
22:49096632:A:C
22:49096694:C:T
22:49096787:A:G
22:49096871:A:G
22:49097042:C:T
22:49097043:C:T
22:49097083:C:G
22:49097092:C:T
22:49097310:A:G
22:49097311:A:C
22:49097331:A:G
22:49097367:C:T
22:49097450:A:G
22:49097460:C:T
22:49097590:C:T
22:49098031:A:C
22:49098050:A:G
22:49098309:C:G
22:49098397:A:ACCC
22:49098505:C:G
22:49098570:A:T
22:49098688:A:G
22:49098774:A:G
22:49099125:A:C
22:49099285:A:G
22:49099353:C:G
22:49099435:C:T
22:49099451:C:T
22:49099521:C:G
22:49099888:C:T
22:49099919:C:G
22:49100001:A:AAC
22:49100053:A:G
22:49100080:A:G
22:49100102:C:T
22:49100196:A:G
22:49100491:A:G
22:49100600:C:CCGT
22:49100963:C:G
22:49101009:A:G
22:49101108:C:T
22:49101197:A:G
22:49101208:C:T
22:49101379:A:G
22:49101710:A:G
22:49102056:A:C
22:49102074:C:T
22:49102285:C:T
22:49102667:A:G
22:49102688:C:T
22:49102783:A:C
22:49102988:A:G
22:49102991:A:G
22:49102994:A:T
22:49103009:G:T
22:49103015:A:G
22:49103135:A:G
22:49103143:C:T
22:49103193:A:G
22:49103255:C:T
22:49103277:C:T
22:49103344:C:G
22:49103380:A:G
22:49103660:C:T
22:49103824:T:TTCCTGACCATCTG
22:49103893:C:G
22:49104048:A:G
22:49104073:A:G
22:49104200:C:T
22:49104321:C:T
22:49104376:G:T
22:49104388:A:G
22:49104409:A:G
22:49104460:C:T
22:49104492:C:T
22:49104493:A:G
22:49104534:A:C
22:49104965:A:G
22:49105001:A:C
22:49105162:A:G
22:49105178:C:T
22:49105211:C:T
22:49105217:T:TG
22:49105254:C:G
22:49105537:A:T
22:49105609:A:G
22:49105861:C:T
22:49105927:C:T
22:49105988:A:G
22:49106336:A:G
22:49106436:A:G
22:49106470:C:T
22:49106479:A:G
22:49106509:A:G
22:49106545:G:T
22:49106582:C:T
22:49106683:A:G
22:49106784:A:G
22:49106809:A:C
22:49106824:A:G
22:49106893:A:G
22:49106956:A:G
22:49107145:A:G
22:49107183:A:G
22:49107201:G:T
22:49107477:C:T
22:49107675:C:G
22:49107829:A:G
22:49108340:C:G
22:49108375:A:G
22:49108418:C:T
22:49108454:C:T
22:49108592:A:G
22:49109238:A:G
22:49109677:A:G
22:49110377:C:T
22:49111094:A:T
22:49111259:A:G
22:49112132:A:G
22:49113244:A:T
22:49113906:A:C
22:49113962:C:G
22:49114430:A:G
22:49114491:A:G
22:49114788:C:T
22:49114984:C:T
22:49115091:C:G
22:49115181:G:T
22:49115231:A:G
22:49115388:G:GC
22:49115439:C:T
22:49115680:A:C
22:49115890:C:T
22:49116494:A:G
22:49116574:G:GGGTT
22:49116651:A:G
22:49116663:A:G
22:49116798:C:G
22:49116883:C:T
22:49117607:C:T
22:49117758:A:C
22:49117875:G:T
22:49117890:C:T
22:49118085:C:T
22:49118111:A:G
22:49118131:A:G
22:49118141:G:T
22:49118149:A:C
22:49118359:A:G
22:49118368:A:G
22:49118516:A:T
22:49118598:C:T
22:49118657:A:G
22:49118686:C:G
22:49118774:A:G
22:49118841:C:G
22:49118895:A:C
22:49119054:A:G
22:49119061:C:G
22:49119192:A:C
22:49119238:C:T
22:49119463:A:G
22:49119597:C:T
22:49119925:C:T
22:49119926:A:G
22:49119952:C:T
22:49119974:C:CA
22:49120170:C:T
22:49120642:A:G
22:49121062:A:C
22:49121611:G:T
22:49121722:A:G
22:49122103:C:G
22:49122559:C:T
22:49122810:C:T
22:49123661:C:T
22:49123774:A:G
22:49125163:A:ATATT
22:49125189:A:ATATT
22:49125214:A:ATATATT
22:49125234:C:T
22:49125630:G:T
22:49125709:A:G
22:49125735:A:G
22:49126270:G:T
22:49127483:C:T
22:49127489:C:T
22:49127501:C:T
22:49128427:A:G
22:49129141:A:G
22:49129553:G:T
22:49129575:C:T
22:49129584:A:G
22:49130059:G:GAA
22:49131029:C:T
22:49132199:A:G
22:49132300:C:CA
22:49132340:C:T
22:49132345:C:G
22:49133146:C:T
22:49133165:C:T
22:49133362:C:T
22:49133701:A:G
22:49133792:A:G
22:49133795:A:C
22:49133999:A:G
22:49134056:A:G
22:49134227:C:T
22:49134370:A:G
22:49134478:A:G
22:49134625:A:G
22:49134717:A:C
22:49134770:A:G
22:49134788:A:T
22:49135475:A:G
22:49136285:A:G
22:49136313:G:T
22:49137578:A:C
22:49137795:A:G
22:49139145:C:T
22:49140067:G:T
22:49140231:C:T
22:49140672:A:G
22:49140702:G:T
22:49140735:C:G
22:49141016:C:T
22:49141729:C:T
22:49141827:C:T
22:49142030:C:T
22:49142530:A:C
22:49143349:C:T
22:49143396:A:C
22:49144516:C:G
22:49144833:A:G
22:49144990:A:C
22:49145300:A:G
22:49145928:A:C
22:49147821:G:T
22:49147935:A:G
22:49149667:A:C
22:49149744:C:CT
22:49150017:A:G
22:49150091:A:ATG
22:49151126:A:G
22:49152048:A:G
22:49152070:A:G
22:49152285:A:G
22:49152456:C:T
22:49152560:A:G
22:49152681:C:T
22:49153381:G:GA
22:49153926:C:T
22:49153960:C:T
22:49154161:C:T
22:49154467:C:G
22:49154585:C:G
22:49154931:A:G
22:49155087:A:G
22:49155123:G:T
22:49155155:A:G
22:49155317:C:T
22:49155329:C:T
22:49155394:T:TAC
22:49155438:A:C
22:49155448:C:T
22:49155463:G:GCA
22:49155525:G:GCA
22:49155559:A:C
22:49155706:C:T
22:49156238:A:G
22:49156378:A:G
22:49156576:A:G
22:49156676:A:T
22:49157079:C:T
22:49157118:A:G
22:49157177:A:G
22:49157487:A:G
22:49157593:C:T
22:49158833:C:T
22:49159177:A:G
22:49159284:A:T
22:49159540:A:G
22:49161027:A:T
22:49161505:C:T
22:49162191:A:G
22:49162336:C:T
22:49162510:A:AC
22:49163004:C:T
22:49163473:A:G
22:49164116:A:G
22:49165091:G:T
22:49165798:C:T
22:49166210:A:G
22:49166708:C:T
22:49167902:C:T
22:49168107:A:G
22:49168489:A:G
22:49168575:C:T
22:49168613:C:T
22:49169418:A:C
22:49170809:A:G
22:49170969:A:T
22:49170993:A:T
22:49171004:T:TA
22:49171021:A:G
22:49171196:G:GTGTTGCTAAC
22:49171202:G:T
22:49171746:A:ATACT
22:49171938:A:C
22:49172601:C:T
22:49172692:A:G
22:49172724:A:G
22:49173074:A:C
22:49173434:C:T
22:49173621:C:G
22:49173635:A:G
22:49174803:A:G
22:49176943:A:G
22:49176977:C:T
22:49177358:C:T
22:49177588:C:T
22:49178942:C:T
22:49178945:C:T
22:49179000:C:T
22:49179011:A:G
22:49180915:A:G
22:49181531:C:T
22:49182689:C:G
22:49183004:A:C
22:49183475:T:TTA
22:49183549:C:G
22:49183619:A:T
22:49183640:T:TAC
22:49183964:C:CAT
22:49184129:T:TATATA
22:49184603:C:T
22:49185061:A:G
22:49187263:C:G
22:49187409:C:T
22:49188656:A:G
22:49189650:C:T
22:49189714:A:T
22:49189733:A:C
22:49189922:G:T
22:49189998:C:T
22:49190048:C:T
22:49190061:C:G
22:49190356:A:G
22:49190362:C:G
22:49191560:A:G
22:49191754:A:G
22:49192023:A:C
22:49192030:C:G
22:49192241:G:T
22:49192415:C:T
22:49192464:C:T
22:49192756:C:T
22:49192782:C:G
22:49192955:A:G
22:49192964:A:T
22:49193051:C:T
22:49193064:A:G
22:49193067:C:T
22:49193259:A:C
22:49193324:C:T
22:49193587:A:C
22:49193949:C:T
22:49194740:A:G
22:49194844:A:G
22:49195601:A:G
22:49196743:C:G
22:49197586:G:T
22:49197635:C:T
22:49197751:C:CTG
22:49197797:A:G
22:49197806:C:T
22:49197897:T:TAC
22:49197931:C:T
22:49197941:A:C
22:49198107:C:T
22:49198136:C:T
22:49198505:A:G
22:49198612:G:T
22:49198744:C:T
22:49199432:C:T
22:49199441:C:G
22:49200095:A:G
22:49200128:C:T
22:49200215:C:T
22:49200341:A:G
22:49201480:A:C
22:49201980:C:G
22:49202946:A:G
22:49203073:C:T
22:49203503:G:T
22:49203627:A:C
22:49203675:A:G
22:49203730:C:T
22:49203932:A:G
22:49204605:C:G
22:49204613:A:G
22:49204632:A:G
22:49205169:A:G
22:49205498:G:T
22:49205530:C:CT
22:49205551:A:G
22:49205749:C:T
22:49205818:C:T
22:49205830:C:T
22:49205840:A:G
22:49206333:A:G
22:49206534:A:G
22:49206550:A:G
22:49206783:A:G
22:49206803:A:G
22:49206855:C:T
22:49206992:A:G
22:49207000:G:GTA
22:49207014:A:ATG
22:49207101:A:G
22:49207125:A:G
22:49207221:G:GTATC
22:49207247:A:T
22:49207273:G:GTATC
22:49207337:C:G
22:49207381:A:G
22:49207483:A:G
22:49207593:C:G
22:49207718:A:T
22:49207779:A:G
22:49207926:A:G
22:49207951:C:T
22:49208035:A:T
22:49208288:A:G
22:49208395:C:T
22:49208657:C:T
22:49208714:A:G
22:49208806:A:G
22:49209082:A:G
22:49209239:A:G
22:49209240:A:G
22:49209360:C:T
22:49209446:T:TTC
22:49209526:A:G
22:49209576:A:G
22:49209811:A:G
22:49209977:C:G
22:49210040:C:T
22:49210041:A:G
22:49210061:A:C
22:49210096:C:G
22:49210194:A:C
22:49210767:C:T
22:49210789:A:G
22:49211311:C:T
22:49212094:C:T
22:49212328:C:T
22:49212348:C:T
22:49212478:C:T
22:49212565:A:G
22:49212730:C:T
22:49213194:A:C
22:49214095:C:T
22:49214342:C:G
22:49214390:A:C
22:49214655:A:C
22:49214863:A:G
22:49214881:A:G
22:49214965:A:G
22:49215103:G:T
22:49215182:A:C
22:49215196:C:G
22:49215233:C:T
22:49215243:A:G
22:49215619:C:T
22:49215634:C:G
22:49215666:A:G
22:49215742:C:T
22:49216220:A:G
22:49216427:C:G
22:49216620:A:G
22:49217098:C:T
22:49217145:C:G
22:49217250:A:G
22:49217302:C:G
22:49217802:C:T
22:49218087:A:G
22:49218112:C:T
22:49218122:A:C
22:49218164:C:T
22:49218391:A:C
22:49218476:C:T
22:49218478:A:G
22:49218624:C:T
22:49218823:G:T
22:49219166:C:T
22:49219536:A:G
22:49219591:C:G
22:49219811:A:G
22:49219828:A:G
22:49219910:A:G
22:49219989:A:G
22:49220183:C:G
22:49220390:A:T
22:49220704:A:G
22:49220929:C:G
22:49220965:A:G
22:49221001:A:G
22:49221033:A:G
22:49221289:A:G
22:49221767:A:G
22:49222536:A:G
22:49222908:C:T
22:49223166:A:G
22:49223309:A:G
22:49223441:C:T
22:49223881:A:G
22:49223939:C:T
22:49223993:A:G
22:49224260:C:T
22:49224294:C:G
22:49224589:A:G
22:49224634:G:T
22:49224806:C:T
22:49225140:A:G
22:49225202:A:G
22:49225497:C:T
22:49225538:C:T
22:49225587:G:T
22:49225742:G:GT
22:49225929:A:G
22:49225933:G:GC
22:49226115:A:G
22:49226228:C:T
22:49226374:A:G
22:49226459:A:G
22:49226483:C:T
22:49226501:A:T
22:49226559:C:T
22:49226676:A:G
22:49226677:T:TA
22:49227178:C:T
22:49227201:C:T
22:49227369:C:T
22:49227637:C:T
22:49227880:G:T
22:49228232:C:T
22:49228507:G:T
22:49228547:A:G
22:49228841:A:G
22:49229027:A:G
22:49229746:A:G
22:49230481:C:T
22:49230499:A:G
22:49230589:C:T
22:49230651:G:T
22:49230819:G:T
22:49231077:C:T
22:49231328:C:G
22:49231440:C:T
22:49231823:A:C
22:49231992:G:T
22:49231995:C:G
22:49232869:A:G
22:49233005:T:TCACA
22:49233078:C:CAT
22:49233107:C:CCT
22:49233128:C:CAT
22:49233160:C:CAA
22:49233266:C:CAT
22:49233342:C:CAT
22:49233351:T:TCA
22:49233442:C:CAT
22:49233477:G:T
22:49233513:C:T
22:49233543:C:T
22:49233851:A:C
22:49233989:G:T
22:49234064:A:G
22:49234271:A:G
22:49234689:A:G
22:49234706:A:G
22:49235247:A:G
22:49235296:C:T
22:49235712:C:T
22:49236017:C:T
22:49236300:C:T
22:49236931:A:G
22:49237004:A:G
22:49237106:A:T
22:49237298:A:G
22:49237698:C:T
22:49237911:C:T
22:49238086:G:GT
22:49238096:G:T
22:49238183:C:T
22:49238218:A:G
22:49238499:C:T
22:49238662:C:T
22:49238712:C:T
22:49238932:A:G
22:49239022:A:G
22:49239128:A:G
22:49239390:C:G
22:49239520:A:G
22:49239599:A:G
22:49239711:A:G
22:49239763:C:T
22:49240106:A:G
22:49240120:C:T
22:49240474:A:G
22:49240672:C:T
22:49240689:C:T
22:49240911:C:T
22:49241330:C:T
22:49241617:A:G
22:49242217:C:T
22:49242622:A:T
22:49242830:A:T
22:49242833:A:ACACTT
22:49242858:C:G
22:49243020:C:T
22:49243227:C:T
22:49243866:A:G
22:49243884:T:TGCACACCTGTGGGAG
22:49243950:A:G
22:49244036:C:T
22:49244037:A:G
22:49244328:A:C
22:49244362:A:C
22:49244913:A:G
22:49244914:A:C
22:49244930:A:G
22:49245405:A:G
22:49245573:A:G
22:49245843:C:T
22:49246107:A:G
22:49246137:A:G
22:49246450:C:T
22:49246786:C:T
22:49247641:C:T
22:49247759:C:T
22:49247829:C:T
22:49247938:C:G
22:49247964:C:G
22:49248219:A:G
22:49248298:C:T
22:49248396:C:T
22:49248422:C:T
22:49249037:C:T
22:49249311:C:T
22:49249463:A:G
22:49251003:A:C
22:49251154:G:GTCCA
22:49251399:C:T
22:49251743:A:G
22:49252068:C:T
22:49252503:C:T
22:49252662:A:G
22:49252776:C:T
22:49252814:A:G
22:49253793:C:T
22:49254029:A:G
22:49254059:C:CCT
22:49254194:A:G
22:49254371:C:CT
22:49254766:C:G
22:49256037:C:T
22:49256712:C:T
22:49257587:A:G
22:49259059:C:T
22:49259402:C:CAAAAAT
22:49259728:A:G
22:49259785:T:TA
22:49260105:G:T
22:49260183:A:G
22:49261106:C:T
22:49261118:C:CAG
22:49261153:C:G
22:49261279:G:T
22:49261285:A:C
22:49261406:C:T
22:49262003:A:G
22:49262495:G:GAAAA
22:49263372:A:G
22:49263431:C:T
22:49264313:A:G
22:49264574:A:C
22:49264683:C:T
22:49264754:C:T
22:49265199:A:G
22:49265954:C:CT
22:49266666:A:G
22:49266796:C:T
22:49268077:C:T
22:49268243:A:G
22:49268831:C:T
22:49268845:G:T
22:49268859:A:G
22:49268887:G:T
22:49268922:G:T
22:49268979:C:G
22:49269813:C:T
22:49269926:A:G
22:49270051:A:G
22:49270317:C:T
22:49270545:A:G
22:49270641:C:G
22:49270770:A:G
22:49270899:A:G
22:49271193:C:T
22:49271817:G:GA
22:49272124:A:G
22:49272138:A:G
22:49272674:A:G
22:49272858:C:T
22:49273025:C:CCTCTCCCT
22:49273146:C:T
22:49273804:C:T
22:49273948:C:T
22:49273949:A:G
22:49274513:A:T
22:49275828:A:G
22:49275973:C:T
22:49276068:A:ATG
22:49276215:C:T
22:49276546:C:G
22:49276955:A:G
22:49277099:C:G
22:49277153:A:G
22:49277685:A:ACACACAC
22:49277752:C:T
22:49277898:C:T
22:49278546:A:G
22:49278563:C:T
22:49278565:A:G
22:49278968:C:T
22:49279094:A:G
22:49279267:C:T
22:49279277:C:T
22:49279704:A:C
22:49280113:C:T
22:49280258:A:G
22:49280786:C:T
22:49281409:A:G
22:49282167:T:TA
22:49282542:A:G
22:49282783:G:T
22:49282947:A:C
22:49283876:C:T
22:49284400:C:G
22:49285596:A:C
22:49285808:A:G
22:49285990:G:T
22:49286156:C:G
22:49286342:A:C
22:49287060:C:T
22:49287250:A:G
22:49287421:A:G
22:49287535:C:T
22:49287585:C:G
22:49288059:A:G
22:49288357:A:G
22:49288477:A:G
22:49288569:A:T
22:49288826:G:T
22:49288935:A:G
22:49289448:A:G
22:49289473:C:G
22:49289510:C:T
22:49289592:C:T
22:49289816:G:T
22:49290640:C:T
22:49290774:A:G
22:49292056:A:AGTGAAGGGCGGAGAGGGGCGAT
22:49292066:A:G
22:49292069:A:G
22:49293095:C:G
22:49293148:C:G
22:49293627:C:T
22:49293781:C:T
22:49293870:A:G
22:49294065:A:G
22:49294172:G:T
22:49294214:C:G
22:49294345:A:C
22:49294381:G:T
22:49294590:G:T
22:49294789:A:T
22:49294874:T:TG
22:49294945:A:G
22:49295112:A:C
22:49295145:C:T
22:49295183:C:CCT
22:49295400:C:T
22:49295414:C:T
22:49295483:C:T
22:49295787:A:G
22:49295816:A:G
22:49295869:C:T
22:49295878:G:T
22:49295897:A:C
22:49295902:A:T
22:49295942:C:T
22:49295973:G:T
22:49297113:A:G
22:49297452:A:G
22:49297798:C:T
22:49297867:C:T
22:49298076:C:G
22:49298491:C:T
22:49298593:C:T
22:49298842:A:G
22:49299033:C:T
22:49299435:A:G
22:49299829:A:G
22:49300023:A:C
22:49300347:A:G
22:49300692:A:G
22:49301095:C:G
22:49301520:C:T
22:49301623:C:T
22:49301987:C:T
22:49302228:A:G
22:49302455:A:G
22:49302487:C:T
22:49302624:A:C
22:49302644:A:G
22:49302696:C:T
22:49302757:C:T
22:49303084:A:G
22:49304036:C:T
22:49304040:A:G
22:49304052:C:G
22:49304472:C:T
22:49304646:A:AG
22:49305099:C:T
22:49305224:A:T
22:49305789:A:G
22:49305881:C:T
22:49305904:T:TA
22:49305921:A:G
22:49305964:C:CT
22:49305995:C:T
22:49306049:C:T
22:49306074:A:G
22:49306095:G:T
22:49306212:C:G
22:49306438:C:T
22:49306621:A:G
22:49306665:A:C
22:49306749:A:C
22:49307228:A:C
22:49307486:A:G
22:49307860:C:T
22:49308134:C:G
22:49308214:C:T
22:49308332:C:G
22:49308338:A:G
22:49308871:C:G
22:49308896:C:T
22:49309155:T:TTCTTA
22:49309230:C:T
22:49309272:A:C
22:49309948:A:G
22:49310349:C:T
22:49310436:A:G
22:49310467:A:C
22:49310651:A:C
22:49310670:C:T
22:49310823:G:T
22:49311053:A:G
22:49311408:A:G
22:49311608:C:T
22:49311921:A:T
22:49312050:A:G
22:49312147:C:T
22:49312196:A:G
22:49312390:C:T
22:49312519:C:T
22:49312520:A:G
22:49312874:C:T
22:49312893:A:C
22:49312926:C:T
22:49312941:A:G
22:49313058:A:C
22:49313096:A:C
22:49313196:A:G
22:49313485:A:AT
22:49313512:C:G
22:49313561:G:T
22:49313689:C:T
22:49314187:A:G
22:49314273:G:GAAAAA
22:49315766:A:G
22:49315794:A:G
22:49316049:A:C
22:49316305:A:G
22:49316642:A:G
22:49317742:C:T
22:49318526:A:T
22:49318696:A:G
22:49318762:A:G
22:49318900:A:G
22:49318905:A:G
22:49318977:C:T
22:49318988:A:G
22:49319826:A:G
22:49319991:A:G
22:49320904:A:ATATG
22:49320914:A:ATG
22:49321689:G:T
22:49321743:A:ATTC
22:49321780:A:G
22:49321943:G:T
22:49322837:C:T
22:49323364:C:G
22:49323527:C:T
22:49324274:C:CAT
22:49324338:A:C
22:49324642:T:TACTG
22:49324829:C:T
22:49325245:A:C
22:49325317:A:G
22:49325456:C:T
22:49325526:C:T
22:49325598:A:G
22:49325610:C:T
22:49325724:A:G
22:49325736:C:CAT
22:49326349:C:T
22:49326602:G:T
22:49326892:C:T
22:49327093:G:T
22:49327176:A:G
22:49327433:A:G
22:49327443:C:G
22:49327625:C:T
22:49327670:C:T
22:49327824:C:T
22:49327915:C:G
22:49327930:A:C
22:49328047:C:T
22:49328393:C:T
22:49328677:C:T
22:49328908:T:TCTTGGAAGCACAAAAGTTGTTA
22:49330313:C:T
22:49330723:A:T
22:49330776:C:T
22:49330850:A:C
22:49330918:C:T
22:49330955:A:T
22:49331032:C:CTTAT
22:49331473:C:T
22:49331542:A:G
22:49331823:A:G
22:49331953:A:G
22:49331967:C:T
22:49332180:C:T
22:49332268:G:GATATGA
22:49333127:C:T
22:49333169:C:T
22:49333361:C:T
22:49333421:C:T
22:49334506:T:TTTTC
22:49334556:A:ATCAG
22:49334607:A:AACAC
22:49334759:A:G
22:49335113:A:G
22:49335167:T:TTATC
22:49335230:C:T
22:49335293:A:G
22:49335307:C:T
22:49335372:C:T
22:49335432:A:C
22:49335492:A:G
22:49335507:A:G
22:49335522:C:CT
22:49335583:A:C
22:49335612:C:G
22:49335631:A:G
22:49335673:A:G
22:49335709:A:G
22:49335738:A:G
22:49335758:A:C
22:49336281:A:T
22:49336423:C:T
22:49336433:A:G
22:49336734:A:G
22:49336748:A:G
22:49336779:A:T
22:49336882:A:C
22:49337000:A:G
22:49337065:A:G
22:49337142:A:G
22:49337199:G:T
22:49337329:C:T
22:49337380:C:T
22:49337782:A:G
22:49337863:A:G
22:49337881:C:T
22:49337894:A:T
22:49338103:C:T
22:49338134:C:T
22:49338229:A:G
22:49338233:T:TGAA
22:49338292:A:C
22:49338322:A:G
22:49338340:A:G
22:49338361:A:G
22:49338383:C:G
22:49338385:A:G
22:49338412:A:G
22:49338447:C:T
22:49338468:A:G
22:49338514:C:G
22:49338596:A:G
22:49338690:A:G
22:49338771:A:C
22:49338786:C:T
22:49338861:C:G
22:49338941:A:G
22:49338946:C:T
22:49339170:A:ACTAT
22:49339205:A:G
22:49339235:A:G
22:49339278:C:T
22:49339393:A:G
22:49339467:A:T
22:49339524:A:C
22:49339740:C:T
22:49339769:A:G
22:49339839:C:T
22:49339844:C:T
22:49339856:A:G
22:49340011:C:T
22:49340035:A:G
22:49340189:A:G
22:49340268:C:T
22:49340865:C:T
22:49340942:A:G
22:49341192:C:T
22:49341381:A:G
22:49341383:G:T
22:49341458:G:T
22:49341733:A:C
22:49342032:A:G
22:49342625:A:G
22:49342818:C:T
22:49343174:A:G
22:49343197:G:GAA
22:49343391:T:TATATTA
22:49343503:A:G
22:49343781:A:C
22:49344007:A:G
22:49344361:C:T
22:49344401:A:G
22:49344487:A:G
22:49344808:T:TACTCG
22:49345144:T:TTCCAGCCTCACTCCTCC
22:49345180:C:G
22:49345303:A:G
22:49345514:A:G
22:49345516:A:C
22:49345670:G:GAC
22:49345975:A:G
22:49346349:G:T
22:49346450:C:G
22:49346530:C:T
22:49346676:C:T
22:49346920:A:G
22:49347386:C:T
22:49347691:A:G
22:49347867:A:AC
22:49347998:A:G
22:49348127:A:G
22:49348131:C:T
22:49348294:A:C
22:49348541:C:T
22:49348668:A:G
22:49349014:C:T
22:49349381:C:T
22:49349392:A:C
22:49349466:C:G
22:49349501:C:T
22:49349639:G:T
22:49349694:A:G
22:49349982:C:CA
22:49350024:A:C
22:49350190:A:G
22:49350438:C:G
22:49350461:C:T
22:49350509:C:CA
22:49350746:C:T
22:49351462:A:G
22:49351707:A:G
22:49351767:A:G
22:49352336:C:CCACA
22:49353251:C:T
22:49353547:A:G
22:49355463:C:G
22:49355466:C:T
22:49355512:C:T
22:49355573:A:G
22:49355579:A:G
22:49355715:C:G
22:49356412:C:T
22:49356638:A:C
22:49357548:C:G
22:49357869:A:G
22:49357910:A:G
22:49358584:C:T
22:49358797:A:G
22:49358965:A:C
22:49359028:C:T
22:49359355:A:C
22:49359662:A:G
22:49360076:C:CAAT
22:49360185:C:T
22:49360224:A:G
22:49360424:C:T
22:49360572:A:G
22:49360586:A:G
22:49360597:A:G
22:49361098:C:T
22:49361120:G:T
22:49361258:C:CA
22:49361341:A:G
22:49361624:A:C
22:49361627:A:G
22:49361722:A:C
22:49362176:A:G
22:49362287:C:T
22:49362308:C:T
22:49362493:G:GAAAA
22:49362494:G:T
22:49362505:A:G
22:49363020:C:T
22:49363241:A:C
22:49363362:A:G
22:49363447:A:G
22:49363459:C:T
22:49363742:A:G
22:49363783:A:T
22:49363849:C:T
22:49363925:A:G
22:49363930:A:G
22:49363964:C:T
22:49364471:C:T
22:49364562:A:G
22:49364648:C:T
22:49364664:A:G
22:49364697:A:C
22:49364780:A:G
22:49364828:C:T
22:49365184:C:G
22:49365356:A:G
22:49365546:G:GT
22:49365615:C:CA
22:49365633:A:C
22:49366123:C:T
22:49366281:A:G
22:49366413:A:C
22:49366616:G:T
22:49366954:A:T
22:49367041:A:G
22:49367144:A:ACT
22:49367277:A:G
22:49367555:C:T
22:49367894:C:G
22:49367917:C:G
22:49367966:T:TC
22:49367983:A:AAT
22:49368081:A:G
22:49368118:A:ATG
22:49368122:C:G
22:49368134:A:G
22:49368145:C:T
22:49368204:T:TA
22:49368380:A:G
22:49368486:A:G
22:49368925:C:G
22:49369267:G:T
22:49369993:A:C
22:49370002:A:G
22:49370043:A:G
22:49370277:A:G
22:49370336:A:G
22:49370602:C:G
22:49370754:A:G
22:49371163:C:T
22:49371286:A:G
22:49372052:C:T
22:49372356:C:G
22:49372372:A:G
22:49372831:A:G
22:49372880:A:G
22:49373145:C:CG
22:49374424:C:G
22:49374589:A:T
22:49375004:C:T
22:49375050:C:T
22:49375251:C:CA
22:49375594:C:T
22:49375684:G:T
22:49376986:C:G
22:49377974:A:G
22:49378494:A:G
22:49379066:G:T
22:49379342:A:G
22:49379438:C:CA
22:49379532:A:AGAG
22:49379536:A:AG
22:49379588:A:T
22:49379608:A:C
22:49379620:A:AAAAG
22:49380164:A:C
22:49380351:A:G
22:49380360:C:T
22:49380710:A:G
22:49380753:A:G
22:49381241:C:G
22:49388065:T:TGATA
22:49388301:T:TAGAC
22:49394664:G:T
22:49395046:T:TCACA
22:49395529:G:GTGTGTGTA
22:49395845:A:G
22:49396148:A:G
22:49396312:A:T
22:49396413:C:T
22:49396512:A:G
22:49396849:A:G
22:49397077:A:C
22:49397438:C:T
22:49397439:G:T
22:49397538:A:G
22:49398026:A:C
22:49398145:A:C
22:49398427:C:T
22:49399048:C:T
22:49399079:A:T
22:49399232:A:T
22:49399242:A:T
22:49399383:C:T
22:49399415:C:T
22:49399524:A:G
22:49399994:C:T
22:49400384:C:T
22:49401116:A:G
22:49401129:C:G
22:49401486:C:T
22:49401488:C:T
22:49401510:A:T
22:49401918:G:T
22:49402276:A:T
22:49402307:A:G
22:49402542:C:G
22:49402606:G:T
22:49403241:C:T
22:49404049:A:G
22:49404587:C:G
22:49404702:C:G
22:49405431:C:T
22:49405576:A:G
22:49405861:A:G
22:49405995:A:G
22:49406563:A:G
22:49406663:C:T
22:49406723:C:T
22:49407323:C:T
22:49407612:C:T
22:49407716:C:T
22:49407798:C:T
22:49408047:A:G
22:49408222:C:T
22:49408394:A:G
22:49409335:A:AATT
22:49409446:C:T
22:49409644:A:G
22:49409852:A:G
22:49409956:A:G
22:49410124:C:T
22:49410505:G:T
22:49411575:C:T
22:49411595:A:G
22:49411854:A:T
22:49412197:A:C
22:49413019:A:G
22:49413055:A:C
22:49413433:C:T
22:49413467:A:G
22:49413741:C:G
22:49413903:A:ACCATGCCCCACCC
22:49414226:A:C
22:49414315:A:G
22:49414320:C:T
22:49414427:C:G
22:49414516:A:G
22:49414719:A:G
22:49414821:C:T
22:49414829:A:G
22:49415057:A:G
22:49415376:C:T
22:49415667:A:C
22:49415756:C:T
22:49415942:C:T
22:49416063:C:T
22:49416154:A:G
22:49416259:A:G
22:49416401:A:G
22:49416424:A:G
22:49416692:T:TAA
22:49417110:A:G
22:49418270:C:T
22:49418648:A:G
22:49419615:C:CT
22:49419807:C:T
22:49420129:G:T
22:49420162:C:T
22:49420371:A:G
22:49420391:C:T
22:49420481:C:T
22:49421231:A:G
22:49421381:A:C
22:49421540:T:TGG
22:49421591:A:G
22:49422037:C:G
22:49422073:A:G
22:49422075:A:G
22:49422624:G:T
22:49423286:C:T
22:49423287:A:G
22:49423542:A:G
22:49423828:C:T
22:49423865:A:G
22:49423990:G:T
22:49424079:A:G
22:49424346:C:G
22:49425529:C:CT
22:49425566:C:T
22:49425605:A:G
22:49425621:C:T
22:49425684:A:C
22:49425847:A:G
22:49426007:A:G
22:49426252:A:G
22:49426434:C:T
22:49426541:A:G
22:49427475:A:G
22:49428435:C:T
22:49428878:A:G
22:49428911:C:T
22:49428988:A:G
22:49429049:C:T
22:49429055:A:G
22:49429075:C:G
22:49429531:A:G
22:49429675:C:T
22:49429719:A:G
22:49430125:C:T
22:49430268:T:TG
22:49430725:A:G
22:49431431:C:CA
22:49431518:C:T
22:49431702:G:T
22:49432485:C:T
22:49432489:C:CG
22:49433366:A:C
22:49433619:C:G
22:49433824:C:T
22:49434247:A:G
22:49434878:C:T
22:49435793:A:G
22:49435910:C:G
22:49436037:C:T
22:49436115:C:G
22:49436235:C:G
22:49436623:G:T
22:49436707:C:T
22:49436731:C:T
22:49437057:A:G
22:49437074:C:T
22:49437154:C:T
22:49437208:G:T
22:49437242:A:G
22:49437344:A:G
22:49437633:A:T
22:49437976:A:G
22:49438481:A:G
22:49438736:A:G
22:49440713:C:G
22:49440715:A:G
22:49440744:C:T
22:49440826:C:T
22:49441681:C:T
22:49442366:A:G
22:49443666:C:T
22:49444855:A:G
22:49445078:C:G
22:49445896:A:G
22:49446094:A:C
22:49446282:C:CAT
22:49446616:C:T
22:49446998:A:G
22:49447101:C:T
22:49448164:G:T
22:49448591:A:G
22:49448700:C:G
22:49448815:A:G
22:49448832:A:G
22:49448834:A:G
22:49449290:C:T
22:49449618:G:T
22:49450060:C:T
22:49450066:G:T
22:49450437:C:CCTT
22:49451932:C:T
22:49452108:C:T
22:49453390:G:T
22:49453545:A:G
22:49453817:C:T
22:49454748:C:G
22:49456722:C:T
22:49457840:C:T
22:49458421:G:T
22:49458835:G:GGAAATGGGATCA
22:49458885:A:G
22:49458900:A:T
22:49458914:C:T
22:49458986:C:T
22:49458996:A:G
22:49459047:A:T
22:49459098:C:G
22:49459147:A:G
22:49461764:C:T
22:49461893:G:T
22:49462753:A:T
22:49463302:C:T
22:49463323:C:CTG
22:49463332:C:T
22:49463665:A:G
22:49464521:A:C
22:49465203:A:G
22:49465356:A:G
22:49465454:C:T
22:49465455:A:G
22:49465481:C:G
22:49465536:A:G
22:49465629:C:T
22:49465653:A:G
22:49465735:A:G
22:49465881:C:T
22:49465900:T:TTGA
22:49466738:A:T
22:49466740:A:G
22:49466813:C:CCCTT
22:49466840:C:G
22:49467206:C:T
22:49467378:C:T
22:49467485:C:T
22:49467660:A:T
22:49467831:C:T
22:49467932:C:T
22:49467981:C:G
22:49468170:C:T
22:49468175:C:T
22:49468667:A:G
22:49468688:C:T
22:49468937:G:T
22:49469026:A:G
22:49469047:A:G
22:49469090:A:T
22:49469372:G:T
22:49469870:A:C
22:49470221:C:CCAA
22:49470373:A:G
22:49470397:A:T
22:49470410:A:G
22:49470585:A:G
22:49470622:C:G
22:49470738:A:G
22:49470797:G:T
22:49470918:A:G
22:49471011:A:G
22:49471115:C:T
22:49471221:A:C
22:49471475:A:G
22:49471519:C:T
22:49471684:G:T
22:49472021:A:C
22:49472027:A:C
22:49472034:C:G
22:49472415:A:G
22:49472447:A:C
22:49472463:C:T
22:49472782:C:G
22:49473067:C:G
22:49473105:C:T
22:49473220:A:C
22:49473466:A:G
22:49473621:C:T
22:49473623:A:G
22:49473747:A:G
22:49473867:A:C
22:49473871:C:T
22:49474231:C:T
22:49474375:G:GC
22:49475094:C:T
22:49475224:C:T
22:49475389:C:T
22:49475392:C:T
22:49475412:A:G
22:49475430:C:G
22:49475506:C:T
22:49476403:C:T
22:49476436:A:G
22:49476530:A:AC
22:49476782:A:G
22:49478028:C:G
22:49478408:A:G
22:49478680:C:T
22:49478958:A:G
22:49479310:C:CTGTGTGTGTGTG
22:49481246:G:T
22:49481590:C:T
22:49481919:A:G
22:49482274:C:CCCTGGCCA
22:49482408:C:T
22:49482416:C:T
22:49482864:C:T
22:49483238:C:G
22:49484533:C:T
22:49484826:C:T
22:49485325:C:T
22:49485456:A:G
22:49485920:A:G
22:49486349:A:G
22:49486490:C:T
22:49486535:C:G
22:49486691:A:G
22:49487114:C:T
22:49487162:G:T
22:49487192:A:C
22:49487417:C:T
22:49487452:G:T
22:49488391:A:T
22:49488772:G:T
22:49489295:C:T
22:49489528:G:T
22:49489727:C:G
22:49489913:A:G
22:49489917:A:G
22:49490181:C:T
22:49490247:A:G
22:49491123:C:G
22:49491576:A:C
22:49491796:A:T
22:49491890:A:C
22:49492120:A:AC
22:49492130:A:G
22:49492241:C:G
22:49492650:A:C
22:49492784:C:T
22:49493066:C:T
22:49493092:C:T
22:49493805:G:GCGCGCCA
22:49495277:A:G
22:49496139:A:G
22:49496213:C:G
22:49496505:A:G
22:49496527:C:T
22:49496532:C:T
22:49496534:C:T
22:49496821:A:G
22:49496835:A:G
22:49497133:G:T
22:49497303:C:T
22:49497469:A:G
22:49497674:A:G
22:49497757:A:G
22:49497949:C:G
22:49499224:A:G
22:49502193:A:AG
22:49503077:A:G
22:49503452:C:T
22:49504732:A:G
22:49504833:A:G
22:49506256:C:T
22:49506679:C:T
22:49507111:C:G
22:49507434:A:G
22:49507660:C:CA
22:49507801:C:G
22:49508504:C:G
22:49508703:A:G
22:49509002:A:C
22:49509063:A:G
22:49509140:G:T
22:49509418:C:T
22:49509456:C:T
22:49509526:C:T
22:49509803:A:G
22:49509884:A:G
22:49510180:C:G
22:49510379:A:G
22:49510456:C:G
22:49510768:C:T
22:49510871:C:T
22:49511361:C:G
22:49511483:A:G
22:49511588:C:T
22:49511619:A:C
22:49511797:C:T
22:49512164:C:T
22:49512565:C:T
22:49512609:C:T
22:49512622:A:G
22:49512630:C:G
22:49512652:C:T
22:49512800:G:T
22:49512891:A:AGGCAGG
22:49513206:A:G
22:49513518:A:G
22:49513663:A:G
22:49513705:C:T
22:49514449:A:G
22:49514531:G:T
22:49514848:A:C
22:49514932:A:G
22:49515406:C:T
22:49515452:A:C
22:49516325:C:T
22:49516712:C:T
22:49517709:G:T
22:49517972:C:T
22:49518104:G:GTC
22:49518143:C:T
22:49518144:A:G
22:49518444:A:C
22:49518541:A:G
22:49519463:A:G
22:49519617:C:T
22:49521365:C:CTATTG
22:49522232:C:G
22:49523118:A:G
22:49525246:A:G
22:49525272:C:T
22:49526767:A:G
22:49527653:A:G
22:49528199:A:G
22:49528357:A:G
22:49529366:A:C
22:49529412:C:T
22:49529515:C:G
22:49529815:A:G
22:49529965:C:T
22:49530268:A:G
22:49530321:G:T
22:49530337:C:T
22:49530363:C:T
22:49530425:A:G
22:49530553:C:G
22:49530818:C:T
22:49531700:A:G
22:49531895:A:T
22:49532043:A:G
22:49532171:C:T
22:49532218:G:T
22:49532518:C:T
22:49532519:A:G
22:49532595:C:T
22:49532727:C:T
22:49533397:G:T
22:49533411:C:T
22:49533923:G:GTCCACCCATCCATCAACTCATC
22:49534101:A:AATCC
22:49534864:A:C
22:49534988:A:C
22:49535105:A:C
22:49535204:C:T
22:49535208:A:G
22:49535338:G:T
22:49535461:C:T
22:49535682:A:G
22:49535773:C:G
22:49536389:A:G
22:49536675:A:G
22:49536709:A:G
22:49537043:A:C
22:49537511:C:T
22:49537845:C:T
22:49537896:C:G
22:49538009:C:CAA
22:49538064:C:T
22:49538066:A:G
22:49538205:G:T
22:49538217:C:T
22:49538250:A:G
22:49538611:A:T
22:49538675:A:G
22:49538692:A:C
22:49538713:G:T
22:49538745:A:G
22:49538836:C:T
22:49538837:C:G
22:49539101:C:T
22:49539202:A:C
22:49539203:A:G
22:49539208:A:T
22:49539280:A:G
22:49539303:A:G
22:49539333:A:G
22:49539363:C:T
22:49539384:A:G
22:49539399:C:T
22:49539530:C:T
22:49539584:A:G
22:49539767:A:C
22:49540415:C:G
22:49541239:A:C
22:49541419:C:T
22:49541427:A:C
22:49542028:A:G
22:49542106:C:T
22:49542146:A:C
22:49542221:A:G
22:49542298:A:ATGAGCG
22:49542557:C:T
22:49542774:C:T
22:49543251:A:G
22:49543442:C:G
22:49543769:A:G
22:49543781:A:G
22:49543954:G:T
22:49544961:C:T
22:49545005:A:G
22:49545025:A:G
22:49545244:A:G
22:49545430:A:G
22:49545449:A:AGGGAG
22:49545617:A:T
22:49545688:A:G
22:49545711:A:G
22:49545740:A:C
22:49545750:G:T
22:49545804:A:G
22:49545832:A:G
22:49545985:A:G
22:49546122:A:G
22:49546237:A:G
22:49546297:G:T
22:49546453:C:T
22:49546553:C:T
22:49547164:A:G
22:49547295:C:G
22:49547466:C:G
22:49547474:A:C
22:49547498:C:T
22:49547529:A:G
22:49547721:C:T
22:49547809:C:T
22:49547964:C:G
22:49548108:A:G
22:49548341:C:T
22:49548625:A:ATGCACC
22:49548867:A:G
22:49548905:C:T
22:49549268:A:G
22:49549291:A:G
22:49549388:A:G
22:49549599:A:C
22:49549680:A:C
22:49549835:A:G
22:49549865:C:T
22:49549971:C:T
22:49550030:C:T
22:49550046:A:G
22:49550176:C:G
22:49550329:A:G
22:49550372:A:G
22:49550421:C:T
22:49550571:A:C
22:49550630:C:T
22:49550794:A:G
22:49550911:C:G
22:49551137:A:G
22:49551354:A:G
22:49551612:C:G
22:49551619:A:C
22:49551734:C:T
22:49551990:C:T
22:49552118:C:T
22:49552222:A:G
22:49552804:A:G
22:49553568:A:C
22:49553690:A:T
22:49554338:C:T
22:49554421:C:G
22:49555014:C:G
22:49555287:A:G
22:49555340:G:T
22:49556096:C:G
22:49556117:A:G
22:49556200:A:T
22:49556463:C:T
22:49556646:C:G
22:49558793:A:C
22:49558857:C:T
22:49559160:C:T
22:49559174:A:G
22:49559373:C:G
22:49559456:A:G
22:49559478:A:G
22:49559598:C:T
22:49559888:A:G
22:49559930:A:G
22:49560073:A:G
22:49560278:A:G
22:49560321:C:T
22:49560327:C:T
22:49560434:A:G
22:49560437:C:T
22:49560487:C:T
22:49560497:C:T
22:49560581:A:G
22:49560770:C:T
22:49560771:C:T
22:49560775:G:GCCCCACCCACAGC
22:49560822:C:G
22:49560980:A:C
22:49560995:A:C
22:49561085:C:T
22:49561160:G:T
22:49561287:C:T
22:49561345:C:G
22:49561389:C:CCCCGAGAGAGACACTAGCGAG
22:49561405:A:C
22:49561450:C:G
22:49561521:G:T
22:49561528:A:T
22:49561545:A:G
22:49561598:A:G
22:49561619:A:G
22:49561709:C:T
22:49561811:C:CAG
22:49561813:C:T
22:49561843:A:ATGATAGATCTAGG
22:49561876:C:T
22:49561994:A:C
22:49562024:A:G
22:49562314:A:G
22:49562828:C:T
22:49563111:C:T
22:49563119:C:T
22:49563192:G:T
22:49563403:G:T
22:49563743:C:T
22:49563952:A:G
22:49564275:A:G
22:49564291:A:G
22:49564317:C:T
22:49564488:C:G
22:49564665:A:T
22:49564839:A:G
22:49564850:A:G
22:49564866:T:TAGA
22:49564986:C:T
22:49565144:C:G
22:49565207:C:T
22:49565310:C:G
22:49565377:A:C
22:49565404:A:G
22:49565494:G:T
22:49565526:C:T
22:49565704:A:G
22:49565778:A:C
22:49566111:A:G
22:49566158:C:T
22:49566186:A:C
22:49566350:G:GA
22:49566507:C:T
22:49567032:A:G
22:49567353:C:T
22:49567438:A:G
22:49567545:A:C
22:49567580:C:G
22:49567761:C:T
22:49567774:A:C
22:49567775:A:G
22:49568201:A:G
22:49568230:C:T
22:49568309:A:G
22:49568462:C:T
22:49568652:C:T
22:49568708:A:G
22:49568753:A:C
22:49569013:C:G
22:49569242:A:G
22:49569291:C:T
22:49570163:C:T
22:49570231:A:C
22:49570455:G:T
22:49570534:C:G
22:49570542:A:G
22:49570587:C:T
22:49570808:A:G
22:49570899:C:G
22:49570911:A:G
22:49571163:C:T
22:49571205:C:T
22:49571223:C:T
22:49571362:A:G
22:49571530:A:C
22:49571596:A:G
22:49571743:C:T
22:49571749:A:G
22:49571784:A:G
22:49571936:C:T
22:49571997:C:T
22:49572023:A:G
22:49572024:A:G
22:49572068:A:G
22:49572165:C:T
22:49572674:A:T
22:49572751:A:G
22:49572757:C:G
22:49572777:C:G
22:49572845:A:G
22:49572923:A:G
22:49572940:A:G
22:49572978:A:T
22:49573010:G:T
22:49573016:C:G
22:49573017:C:T
22:49573190:C:T
22:49573359:C:T
22:49573394:A:G
22:49573400:A:G
22:49573505:A:G
22:49573628:A:G
22:49573657:A:G
22:49573874:C:G
22:49574088:A:T
22:49574284:A:G
22:49574417:A:G
22:49574543:A:G
22:49574579:A:G
22:49574728:A:G
22:49574733:A:G
22:49574758:A:G
22:49574828:C:T
22:49574991:C:T
22:49575024:A:G
22:49575067:A:G
22:49575076:A:G
22:49575173:A:G
22:49575187:A:G
22:49575260:A:G
22:49575263:A:G
22:49575291:C:G
22:49575441:A:C
22:49575503:C:T
22:49575594:C:T
22:49575617:A:G
22:49575758:C:T
22:49575789:C:T
22:49575942:A:G
22:49576222:A:G
22:49576907:T:TAC
22:49577020:A:T
22:49577306:A:G
22:49577420:G:T
22:49577622:A:G
22:49577790:A:G
22:49577871:C:T
22:49578409:C:G
22:49578653:G:T
22:49579215:C:G
22:49579266:C:G
22:49580069:C:T
22:49580450:C:T
22:49580648:C:T
22:49580892:C:T
22:49580910:G:T
22:49580950:A:G
22:49581063:A:T
22:49581436:A:G
22:49581463:A:C
22:49581514:A:G
22:49581637:A:G
22:49582143:C:G
22:49582574:A:G
22:49582703:A:G
22:49582753:A:G
22:49582975:A:G
22:49583019:C:T
22:49583035:A:G
22:49583651:A:C
22:49583668:A:T
22:49583786:A:G
22:49583870:C:CTGTGATTCA
22:49583882:C:CA
22:49584090:A:G
22:49584408:C:T
22:49584602:C:T
22:49585044:G:T
22:49585158:G:T
22:49585721:A:T
22:49585934:A:G
22:49586272:A:G
22:49586723:A:C
22:49587140:C:G
22:49587368:A:G
22:49587438:A:C
22:49587626:A:G
22:49587757:C:T
22:49587987:C:T
22:49588197:A:C
22:49589007:A:T
22:49589086:A:G
22:49589104:A:G
22:49589114:C:T
22:49589163:C:T
22:49589243:A:G
22:49590406:C:T
22:49590442:G:T
22:49590975:G:GAAGGGAAAACA
22:49591115:A:G
22:49591189:C:T
22:49591391:C:T
22:49591393:A:T
22:49591403:G:T
22:49591437:A:G
22:49591443:G:T
22:49591609:C:T
22:49591786:A:G
22:49592082:A:G
22:49592535:A:G
22:49592809:A:G
22:49592848:C:T
22:49592884:A:G
22:49593076:C:T
22:49593425:G:T
22:49593506:C:T
22:49593552:A:G
22:49593564:A:G
22:49593761:A:G
22:49594014:C:T
22:49594256:A:T
22:49594356:A:G
22:49594557:C:T
22:49594575:A:G
22:49594656:A:T
22:49594796:C:T
22:49595020:C:G
22:49595350:A:G
22:49595756:A:G
22:49596000:A:T
22:49596835:C:T
22:49597147:A:G
22:49597647:C:T
22:49597724:A:G
22:49597752:A:G
22:49597865:A:G
22:49597957:C:T
22:49598050:C:T
22:49598479:A:C
22:49598826:A:C
22:49598945:A:G
22:49599135:A:G
22:49599160:A:G
22:49599212:A:G
22:49599403:A:G
22:49600124:A:G
22:49600869:C:T
22:49600883:C:T
22:49601128:A:G
22:49601285:A:G
22:49601379:C:T
22:49601410:C:T
22:49601489:A:G
22:49602052:A:G
22:49602081:A:C
22:49602143:A:AC
22:49602260:C:G
22:49602414:A:C
22:49603973:A:C
22:49604094:C:T
22:49605276:A:T
22:49605296:C:G
22:49606334:C:T
22:49607081:C:G
22:49607480:C:T
22:49608168:A:T
22:49608873:C:G
22:49611103:G:T
22:49611257:G:T
22:49611272:C:T
22:49611552:G:T
22:49612593:C:G
22:49612732:C:T
22:49612799:C:T
22:49613140:A:C
22:49613592:C:T
22:49613664:A:G
22:49613856:C:G
22:49613906:C:T
22:49614983:C:T
22:49615674:A:G
22:49615762:A:T
22:49616360:G:T
22:49616438:C:T
22:49616449:C:G
22:49616535:A:G
22:49616743:C:T
22:49617004:A:T
22:49617362:A:G
22:49617443:C:T
22:49617514:A:T
22:49617547:C:T
22:49617564:A:G
22:49617589:C:T
22:49617610:A:G
22:49618154:A:T
22:49618268:A:G
22:49618548:A:C
22:49618819:A:G
22:49618911:C:T
22:49619450:C:T
22:49620150:G:T
22:49620258:C:CATGGATGG
22:49620319:A:ATGAC
22:49620335:A:C
22:49620397:C:CGTTG
22:49620399:A:T
22:49620465:A:G
22:49620766:A:T
22:49620817:C:G
22:49620916:A:C
22:49621061:A:AC
22:49622126:A:G
22:49622536:C:G
22:49622668:C:G
22:49622690:C:G
22:49623181:C:T
22:49623408:A:G
22:49623801:A:G
22:49625210:A:G
22:49625501:A:T
22:49625538:C:T
22:49625582:A:G
22:49625895:A:G
22:49626396:C:T
22:49626489:G:GC
22:49626625:C:T
22:49626627:C:T
22:49626710:A:G
22:49626712:C:G
22:49626725:C:T
22:49626753:C:T
22:49627046:C:T
22:49627125:C:T
22:49627304:A:C
22:49627461:A:G
22:49627526:A:T
22:49627671:C:T
22:49627690:A:C
22:49627708:C:G
22:49627740:G:T
22:49627770:A:C
22:49627850:C:G
22:49627928:C:T
22:49627979:A:C
22:49627999:A:T
22:49628033:C:T
22:49628592:A:T
22:49628760:A:G
22:49628853:C:T
22:49628952:C:T
22:49629190:C:G
22:49630263:A:C
22:49630496:C:T
22:49631503:C:T
22:49631577:A:G
22:49631597:A:C
22:49631625:C:T
22:49631660:A:G
22:49632209:A:G
22:49632465:A:G
22:49633263:G:T
22:49633266:A:G
22:49633767:A:G
22:49633769:A:G
22:49633896:A:G
22:49633930:A:G
22:49634055:A:T
22:49634140:A:G
22:49634172:C:T
22:49634434:G:T
22:49634456:C:T
22:49634632:A:C
22:49634639:A:G
22:49634768:A:T
22:49634852:A:G
22:49634914:A:G
22:49635241:A:T
22:49635321:A:C
22:49635527:A:G
22:49635619:A:G
22:49635673:A:G
22:49636023:C:T
22:49636042:A:G
22:49636063:A:G
22:49636141:C:G
22:49636168:C:T
22:49636259:C:T
22:49636272:A:G
22:49636279:C:T
22:49636451:A:G
22:49636549:A:G
22:49636560:A:G
22:49636680:C:T
22:49636753:C:T
22:49636869:C:T
22:49637264:C:T
22:49639143:A:G
22:49639584:A:G
22:49640299:A:G
22:49640648:C:T
22:49641581:C:T
22:49643618:A:C
22:49644255:C:CT
22:49644775:C:T
22:49646564:C:T
22:49646752:G:GCTTTCTTGACTAAT
22:49647564:C:T
22:49648687:C:T
22:49649302:C:T
22:49649344:C:T
22:49649564:A:G
22:49650418:G:T
22:49650813:A:G
22:49651186:A:T
22:49651210:A:T
22:49651243:C:CG
22:49651708:A:G
22:49651872:A:G
22:49651937:A:C
22:49652142:C:G
22:49652528:A:G
22:49653029:A:G
22:49653408:C:T
22:49653521:G:T
22:49653524:C:T
22:49654459:C:T
22:49654728:C:G
22:49656282:A:G
22:49656334:A:G
22:49656406:A:T
22:49656585:C:T
22:49656816:A:G
22:49656963:C:G
22:49657282:A:AC
22:49658565:C:T
22:49658926:A:G
22:49658998:A:C
22:49659604:A:G
22:49661315:C:T
22:49661318:T:TG
22:49661325:C:G
22:49661335:A:G
22:49662317:A:G
22:49662324:G:T
22:49662338:C:T
22:49662340:C:G
22:49662352:A:G
22:49662549:G:T
22:49662931:C:T
22:49662955:C:T
22:49663371:A:G
22:49663540:C:T
22:49664105:A:G
22:49664833:T:TC
22:49665013:C:T
22:49666078:C:T
22:49666248:A:G
22:49666369:A:G
22:49666651:A:G
22:49666713:C:T
22:49666841:A:G
22:49667912:C:T
22:49667985:A:G
22:49668137:G:T
22:49668188:C:T
22:49668364:C:T
22:49669296:A:G
22:49669743:C:T
22:49669972:C:T
22:49670476:A:G
22:49670653:C:T
22:49670661:G:GACCCAGGTGCTCAGCCCTCCCC
22:49670789:A:G
22:49671315:A:G
22:49671359:A:T
22:49671612:C:G
22:49671776:G:T
22:49671812:C:T
22:49672171:G:T
22:49672912:A:G
22:49673234:A:G
22:49673236:C:T
22:49673341:A:G
22:49673452:A:G
22:49673547:A:G
22:49673735:A:G
22:49674140:A:G
22:49674144:C:T
22:49674511:A:G
22:49674549:A:G
22:49675668:A:G
22:49675958:A:T
22:49676056:C:G
22:49676609:C:T
22:49676835:A:G
22:49677464:A:G
22:49677646:C:T
22:49677726:G:T
22:49677816:A:G
22:49678086:C:T
22:49678172:A:C
22:49678713:C:T
22:49678782:A:T
22:49678925:A:T
22:49679043:A:C
22:49679359:A:G
22:49680263:A:G
22:49680328:G:T
22:49680395:G:T
22:49680401:A:G
22:49680429:A:G
22:49680493:C:T
22:49680760:C:T
22:49680775:C:T
22:49680781:A:C
22:49681055:C:T
22:49681064:A:G
22:49681231:C:T
22:49681255:C:G
22:49681350:A:G
22:49681524:A:G
22:49681771:A:G
22:49681875:C:T
22:49681932:C:G
22:49682042:C:T
22:49682075:A:G
22:49682352:C:T
22:49682373:C:T
22:49682375:A:T
22:49682385:A:G
22:49682491:C:T
22:49682538:A:C
22:49682546:A:G
22:49682556:A:T
22:49682882:C:G
22:49682956:A:G
22:49683048:C:T
22:49683116:A:G
22:49683307:C:G
22:49683352:C:T
22:49683355:A:G
22:49683687:C:G
22:49683905:C:T
22:49684110:A:G
22:49684418:A:G
22:49684733:G:T
22:49684807:C:T
22:49684995:C:T
22:49684996:A:G
22:49685143:A:G
22:49685400:A:C
22:49685425:A:T
22:49685647:A:G
22:49685818:C:T
22:49686094:G:T
22:49686283:C:T
22:49686438:A:G
22:49686549:A:G
22:49686659:A:G
22:49686896:A:G
22:49687042:C:T
22:49687136:C:T
22:49687152:C:T
22:49687210:C:T
22:49687242:C:T
22:49687307:A:G
22:49687397:C:T
22:49687413:A:G
22:49687592:C:T
22:49687593:A:G
22:49687602:A:G
22:49687671:C:T
22:49687701:C:T
22:49687723:C:T
22:49687842:C:T
22:49687988:A:G
22:49688048:C:T
22:49688151:C:T
22:49688168:A:C
22:49688171:A:T
22:49688179:A:G
22:49688184:A:G
22:49688275:C:T
22:49688345:A:C
22:49688404:C:G
22:49688440:C:T
22:49688606:A:AAC
22:49688675:A:T
22:49688677:G:T
22:49689312:C:T
22:49689443:C:G
22:49689619:A:T
22:49691274:C:T
22:49692040:A:G
22:49692169:C:G
22:49692253:A:T
22:49692593:G:T
22:49692737:A:G
22:49694002:C:T
22:49694278:A:G
22:49694915:A:G
22:49695267:A:G
22:49695492:A:G
22:49695708:A:G
22:49695771:A:G
22:49696009:C:T
22:49696067:C:T
22:49696080:A:G
22:49696528:A:AGTGTGTGTGTGT
22:49696556:A:T
22:49696675:C:T
22:49696751:C:T
22:49696807:C:CTTG
22:49696834:C:G
22:49696965:G:T
22:49696985:C:T
22:49697541:C:T
22:49697671:A:G
22:49697848:G:T
22:49698410:C:G
22:49698416:C:T
22:49698578:C:T
22:49698669:G:GA
22:49698680:C:T
22:49698938:C:T
22:49698995:G:T
22:49698997:C:T
22:49699009:A:G
22:49700550:A:G
22:49700660:A:T
22:49702239:A:G
22:49702637:A:AC
22:49702857:A:G
22:49704193:A:G
22:49704217:G:GA
22:49704907:A:G
22:49705010:C:T
22:49705342:A:G
22:49706433:C:T
22:49706577:C:T
22:49707202:A:G
22:49708114:C:CA
22:49708492:C:T
22:49708613:G:T
22:49708833:G:GT
22:49709216:G:GAATA
22:49709694:A:T
22:49711778:C:T
22:49712192:C:T
22:49712761:C:CT
22:49712770:T:TG
22:49712872:C:T
22:49713835:A:G
22:49714517:G:T
22:49714781:A:G
22:49715029:G:T
22:49718065:C:T
22:49718320:A:G
22:49718403:C:T
22:49718404:A:G
22:49718612:A:G
22:49718822:C:T
22:49719636:A:G
22:49721286:C:T
22:49721556:C:T
22:49721638:C:T
22:49722595:C:T
22:49723435:A:G
22:49723455:C:T
22:49723716:C:G
22:49723985:A:G
22:49724019:C:CA
22:49724442:A:AT
22:49725276:C:T
22:49725719:C:T
22:49725751:A:G
22:49726027:G:T
22:49726068:A:G
22:49726366:C:T
22:49726986:C:T
22:49728054:A:G
22:49728790:A:C
22:49729175:C:G
22:49730075:A:C
22:49730117:G:T
22:49730547:C:T
22:49730993:A:G
22:49731198:C:T
22:49731297:C:T
22:49731737:C:G
22:49732031:C:T
22:49732073:A:G
22:49732186:A:C
22:49733196:A:G
22:49733217:A:G
22:49733239:C:G
22:49733658:A:G
22:49733961:G:GT
22:49734130:C:CT
22:49734173:A:T
22:49734775:A:C
22:49736160:C:T
22:49736199:A:C
22:49736955:A:G
22:49737067:A:G
22:49737239:A:G
22:49737299:A:G
22:49738358:A:C
22:49738473:C:T
22:49739360:A:C
22:49740050:G:T
22:49740384:A:G
22:49740456:A:G
22:49740513:C:T
22:49740616:A:G
22:49740630:A:G
22:49740659:C:T
22:49741210:A:G
22:49742224:C:T
22:49742522:A:G
22:49742994:C:T
22:49743271:A:G
22:49743306:C:T
22:49743605:C:T
22:49743613:A:C
22:49743627:A:G
22:49743881:A:G
22:49744569:C:T
22:49745224:A:G
22:49745605:A:G
22:49746185:G:T
22:49746231:A:C
22:49746514:C:G
22:49746788:A:G
22:49746915:C:T
22:49747011:C:T
22:49747228:A:C
22:49747643:C:T
22:49747722:C:T
22:49747805:C:T
22:49748175:G:GAGTGC
22:49748380:A:G
22:49748617:A:G
22:49748669:A:G
22:49748690:C:T
22:49749332:C:G
22:49749466:A:G
22:49749712:A:G
22:49749990:C:T
22:49750340:A:G
22:49750348:C:T
22:49750406:C:T
22:49750607:C:G
22:49750715:A:G
22:49751203:G:T
22:49751204:G:T
22:49751323:A:G
22:49751418:G:T
22:49753114:A:G
22:49753204:A:G
22:49753316:C:G
22:49753722:C:T
22:49754182:A:G
22:49754251:A:G
22:49754325:C:T
22:49754901:G:GACACACAC
22:49755141:C:G
22:49755284:A:ACTGGTGTAGAAAATGTCTTACC
22:49755544:A:G
22:49755629:C:G
22:49755812:G:T
22:49755856:C:T
22:49757255:G:T
22:49757783:A:G
22:49758334:A:C
22:49758581:C:T
22:49758970:A:G
22:49759102:C:G
22:49759105:A:AT
22:49759122:A:G
22:49759260:C:T
22:49759337:A:T
22:49759466:A:C
22:49759641:A:G
22:49759734:C:T
22:49759847:A:G
22:49759861:C:T
22:49760068:A:G
22:49760208:C:T
22:49760223:C:T
22:49760226:C:T
22:49760419:A:G
22:49760631:C:G
22:49761224:A:AG
22:49762030:A:G
22:49762158:C:T
22:49762389:G:T
22:49762528:A:G
22:49762643:A:G
22:49762750:C:CAT
22:49762760:C:T
22:49762799:A:AGTTTT
22:49763076:C:T
22:49763347:C:T
22:49763477:C:T
22:49763598:C:T
22:49764048:A:G
22:49764063:C:T
22:49764257:A:G
22:49764369:A:G
22:49764455:A:T
22:49764543:A:C
22:49764879:A:G
22:49764893:C:T
22:49765146:A:G
22:49765214:C:T
22:49765587:A:G
22:49765780:A:T
22:49765958:A:G
22:49766069:A:G
22:49766266:A:G
22:49766276:C:T
22:49766368:C:G
22:49766454:A:G
22:49766469:A:G
22:49766486:A:C
22:49766527:A:G
22:49766597:A:G
22:49766927:A:G
22:49767024:A:G
22:49767063:A:G
22:49767325:A:G
22:49767383:G:T
22:49767390:A:C
22:49767505:A:G
22:49767507:A:G
22:49767516:C:G
22:49767567:C:T
22:49767659:C:T
22:49767757:G:T
22:49767779:C:T
22:49767900:A:G
22:49768165:A:G
22:49768506:C:T
22:49768542:C:G
22:49768677:G:T
22:49768930:A:G
22:49768947:A:G
22:49769057:A:G
22:49769753:A:G
22:49770061:C:T
22:49770623:C:T
22:49771060:C:T
22:49771248:C:T
22:49771402:G:T
22:49771466:A:T
22:49771536:G:GA
22:49771592:A:G
22:49771595:A:G
22:49771690:C:G
22:49771692:A:C
22:49771815:C:T
22:49772096:C:T
22:49772768:A:G
22:49772829:C:G
22:49773145:A:G
22:49773414:A:G
22:49773504:A:C
22:49773625:C:T
22:49774599:A:G
22:49774634:C:T
22:49774989:C:T
22:49775151:A:G
22:49775182:C:T
22:49776115:C:G
22:49776121:A:G
22:49776181:A:C
22:49776190:A:G
22:49776193:A:G
22:49776200:A:C
22:49776856:A:G
22:49776874:A:G
22:49777002:C:T
22:49777195:A:G
22:49777381:A:G
22:49778214:C:T
22:49778241:T:TG
22:49778574:C:T
22:49779586:C:T
22:49781023:A:G
22:49781287:A:G
22:49781291:C:G
22:49781344:C:T
22:49781525:A:G
22:49781750:C:G
22:49782700:C:G
22:49783021:A:G
22:49783510:G:T
22:49783907:A:G
22:49784354:C:G
22:49784591:A:G
22:49784848:C:T
22:49784995:C:T
22:49785232:A:G
22:49785633:A:G
22:49785645:C:T
22:49785703:A:C
22:49785729:C:T
22:49785767:C:T
22:49785913:A:C
22:49785946:A:G
22:49786016:A:G
22:49786180:T:TA
22:49786251:C:T
22:49786493:A:C
22:49786587:A:C
22:49786627:C:T
22:49786687:C:T
22:49786826:C:T
22:49786886:A:G
22:49786909:A:G
22:49786986:A:T
22:49786994:A:G
22:49787078:C:T
22:49787186:A:G
22:49787514:A:C
22:49787695:A:G
22:49787926:A:G
22:49787965:A:G
22:49788075:A:G
22:49788148:A:G
22:49788151:A:G
22:49788186:A:G
22:49788201:A:C
22:49788363:C:T
22:49788559:C:T
22:49788698:A:G
22:49788790:C:T
22:49788916:C:T
22:49788938:A:G
22:49789018:C:T
22:49789488:C:T
22:49789705:A:C
22:49789812:A:C
22:49789827:C:T
22:49790217:C:T
22:49790228:C:T
22:49790288:A:G
22:49790418:A:G
22:49790537:C:T
22:49790597:C:T
22:49790669:C:T
22:49790673:G:T
22:49790713:A:G
22:49790744:A:G
22:49791263:A:G
22:49791837:A:G
22:49791853:A:C
22:49792091:C:T
22:49793181:A:ACAC
22:49793380:A:ACC
22:49793940:A:G
22:49794052:A:G
22:49794342:A:G
22:49794409:A:C
22:49794551:A:G
22:49795368:G:T
22:49795384:A:G
22:49795466:C:T
22:49795501:C:T
22:49795510:C:T
22:49795527:C:T
22:49795676:G:T
22:49795704:G:T
22:49795705:A:C
22:49795779:C:T
22:49795877:A:G
22:49795912:A:G
22:49795916:C:T
22:49795967:C:T
22:49796081:A:G
22:49796103:A:G
22:49796117:A:G
22:49796144:A:G
22:49796179:A:G
22:49796277:C:T
22:49796392:A:G
22:49796416:G:T
22:49796563:A:C
22:49796784:C:T
22:49796800:C:T
22:49796921:C:G
22:49796922:A:C
22:49797064:A:C
22:49797186:C:G
22:49797301:A:G
22:49797417:A:G
22:49797422:A:C
22:49797614:C:G
22:49797810:A:G
22:49797905:A:G
22:49797914:A:G
22:49798011:A:G
22:49798728:C:G
22:49798730:G:T
22:49798768:C:G
22:49798819:A:G
22:49798823:C:T
22:49799030:A:G
22:49799119:A:G
22:49799265:G:T
22:49799398:A:G
22:49799421:A:G
22:49799427:A:G
22:49799492:A:C
22:49799840:G:T
22:49800107:A:G
22:49800326:A:C
22:49800445:A:G
22:49801026:A:G
22:49801334:A:G
22:49802450:A:G
22:49802712:C:T
22:49802824:C:G
22:49802858:A:G
22:49802888:A:G
22:49803008:A:C
22:49803108:A:G
22:49803175:C:T
22:49803179:C:G
22:49803261:C:T
22:49803451:C:G
22:49803587:G:T
22:49803808:G:T
22:49804092:A:G
22:49804272:C:T
22:49805177:C:G
22:49805180:A:G
22:49805751:T:TGAGGAAGA
22:49805790:G:T
22:49805951:C:T
22:49806600:G:T
22:49806863:A:G
22:49806906:A:G
22:49807447:A:T
22:49807496:A:G
22:49807696:C:T
22:49807823:A:G
22:49807961:A:G
22:49808567:A:G
22:49809465:G:T
22:49809716:A:G
22:49809789:A:C
22:49810658:C:T
22:49810843:C:G
22:49811147:A:T
22:49811154:C:T
22:49811984:A:C
22:49812031:A:AGAG
22:49812076:C:T
22:49812148:C:T
22:49812223:A:C
22:49812480:C:T
22:49812531:A:G
22:49812875:C:T
22:49813435:A:G
22:49813502:C:T
22:49813668:A:C
22:49816364:A:G
22:49816591:C:T
22:49817197:A:G
22:49817400:G:T
22:49818342:C:CCA
22:49819671:A:G
22:49820729:A:G
22:49821415:A:G
22:49821783:A:T
22:49822381:C:T
22:49823082:C:T
22:49823224:A:G
22:49823886:G:T
22:49823893:A:AC
22:49825918:A:G
22:49826024:C:T
22:49826381:C:T
22:49826679:C:T
22:49827084:A:G
22:49827164:A:G
22:49827239:C:T
22:49827249:A:G
22:49827426:A:G
22:49827880:C:T
22:49829118:A:G
22:49829196:C:G
22:49829247:C:G
22:49829356:A:C
22:49829517:A:T
22:49829653:A:G
22:49830485:C:T
22:49830851:C:T
22:49831638:A:G
22:49832000:A:C
22:49833903:A:C
22:49834026:G:T
22:49834931:C:G
22:49835673:A:G
22:49835928:C:T
22:49836053:C:T
22:49836313:A:AG
22:49836322:C:T
22:49836933:G:T
22:49837099:A:G
22:49837102:C:G
22:49837109:A:G
22:49837111:A:G
22:49837232:C:T
22:49837658:C:G
22:49839114:C:CA
22:49839228:A:G
22:49839273:A:G
22:49841412:A:C
22:49841671:C:T
22:49841960:A:G
22:49842208:A:ATAAT
22:49842289:A:T
22:49842398:A:G
22:49842416:A:G
22:49842941:A:AAC
22:49843014:T:TAC
22:49843053:A:G
22:49843058:C:T
22:49843235:C:G
22:49843955:C:G
22:49844724:A:G
22:49845258:G:T
22:49845286:A:G
22:49847424:A:T
22:49847501:G:T
22:49847719:A:G
22:49847736:A:G
22:49848016:A:G
22:49848561:C:T
22:49848883:A:T
22:49849024:C:T
22:49849120:C:T
22:49850026:A:AT
22:49851019:G:T
22:49851581:C:CT
22:49852154:A:T
22:49852158:A:T
22:49853431:C:T
22:49854245:A:G
22:49854246:A:C
22:49855402:C:T
22:49855792:G:T
22:49856277:C:T
22:49857677:C:CTGTG
22:49857687:C:G
22:49858135:C:T
22:49858580:A:G
22:49858590:A:G
22:49858742:C:T
22:49858923:A:AG
22:49859243:G:T
22:49859387:G:T
22:49861033:C:T
22:49861397:A:G
22:49861619:C:CA
22:49861858:A:G
22:49861906:C:T
22:49861915:A:G
22:49862038:A:G
22:49862903:G:T
22:49862965:A:T
22:49862986:C:T
22:49863694:A:G
22:49863849:A:G
22:49864494:C:T
22:49865112:A:G
22:49865123:T:TA
22:49865882:C:T
22:49866137:C:T
22:49867931:A:G
22:49869081:A:G
22:49869864:C:G
22:49870104:A:G
22:49870539:C:T
22:49870827:G:GTGGA
22:49871518:C:G
22:49872176:C:G
22:49872775:G:T
22:49873149:G:T
22:49873174:C:T
22:49873206:A:G
22:49873261:C:T
22:49873411:G:T
22:49873496:C:T
22:49873588:A:G
22:49873732:C:T
22:49873922:G:T
22:49874106:A:T
22:49874124:C:T
22:49874136:C:T
22:49874149:C:G
22:49874196:C:T
22:49874243:G:GAC
22:49874467:A:G
22:49874509:C:T
22:49874690:A:G
22:49874704:C:G
22:49874843:C:T
22:49874957:A:G
22:49875622:A:G
22:49875736:C:T
22:49875893:A:G
22:49875956:C:G
22:49876484:A:G
22:49876600:C:T
22:49877353:C:T
22:49877754:G:T
22:49877822:C:T
22:49877875:C:T
22:49877947:A:G
22:49878293:C:T
22:49878613:G:T
22:49878996:G:T
22:49880165:C:T
22:49880187:G:GT
22:49880577:C:T
22:49880762:G:T
22:49880763:A:T
22:49880882:A:G
22:49881273:C:T
22:49881321:A:G
22:49881634:A:G
22:49882096:A:AGTTTT
22:49882851:G:T
22:49883458:C:T
22:49884597:A:C
22:49885275:C:CT
22:49885398:C:T
22:49885836:A:G
22:49885856:C:G
22:49885897:A:G
22:49886273:G:T
22:49887069:A:G
22:49887133:C:G
22:49887393:C:T
22:49887506:A:G
22:49887840:A:G
22:49887903:A:G
22:49887913:A:G
22:49888006:A:G
22:49888356:C:G
22:49888580:A:G
22:49888671:A:G
22:49888767:A:G
22:49888837:C:T
22:49889086:C:T
22:49889113:A:G
22:49889189:A:G
22:49889570:A:T
22:49889954:A:G
22:49890246:C:T
22:49892168:G:T
22:49892316:A:G
22:49892317:C:T
22:49893005:G:T
22:49893188:A:G
22:49893409:A:C
22:49893635:T:TA
22:49893638:T:TA
22:49894287:T:TAATAATCACCAC
22:49894332:C:CCAT
22:49894415:C:T
22:49894530:C:T
22:49896904:A:C
22:49897464:A:G
22:49897982:A:C
22:49899139:A:G
22:49900276:C:T
22:49900837:C:T
22:49900951:C:T
22:49901635:C:T
22:49902969:G:T
22:49905109:A:G
22:49906162:C:T
22:49906749:C:T
22:49907424:G:T
22:49908368:C:T
22:49908506:C:T
22:49908598:A:G
22:49909658:C:T
22:49909891:A:G
22:49911677:C:T
22:49912000:G:T
22:49913359:C:T
22:49913377:A:C
22:49913434:A:G
22:49913787:T:TGTGGTG
22:49913820:A:G
22:49913926:T:TAA
22:49913983:C:T
22:49913992:G:GA
22:49914179:C:T
22:49914602:A:G
22:49914776:C:T
22:49914898:C:T
22:49915570:C:T
22:49915815:C:T
22:49915932:A:G
22:49916410:C:G
22:49916533:A:G
22:49917604:T:TG
22:49917935:A:G
22:49918160:A:T
22:49918705:C:CAT
22:49918784:A:G
22:49918817:C:G
22:49919182:C:G
22:49919891:A:G
22:49920855:A:G
22:49921020:C:T
22:49921079:A:C
22:49921446:C:T
22:49921564:G:T
22:49921716:C:G
22:49921946:C:G
22:49922226:A:G
22:49922340:C:T
22:49922430:A:G
22:49922697:C:T
22:49922963:A:G
22:49923260:C:T
22:49923804:A:C
22:49924528:A:G
22:49924530:C:G
22:49924659:C:T
22:49924929:C:T
22:49925268:A:G
22:49925408:A:G
22:49925602:A:T
22:49925863:A:C
22:49926047:C:T
22:49926061:C:T
22:49926611:C:CAGCAAAGG
22:49926897:A:AGGCAGAGGCCTCCCT
22:49926943:A:G
22:49926967:C:T
22:49927174:C:T
22:49928388:A:G
22:49928522:A:G
22:49928846:G:T
22:49929361:G:T
22:49930286:A:G
22:49930455:C:T
22:49931136:C:T
22:49932391:A:G
22:49932960:C:T
22:49933292:A:G
22:49937184:A:G
22:49937381:C:T
22:49939234:A:G
22:49939309:C:T
22:49940256:A:G
22:49940361:C:CA
22:49940792:C:T
22:49941982:A:G
22:49942573:A:C
22:49942768:C:T
22:49942778:A:G
22:49942820:C:T
22:49943151:C:T
22:49943496:A:C
22:49944064:A:C
22:49945041:C:T
22:49946773:A:G
22:49949761:C:T
22:49951918:C:G
22:49956793:C:CCAT
22:49959052:A:C
22:49959344:C:T
22:49960229:C:T
22:49960391:A:G
22:49961842:C:CA
22:49962044:C:G
22:49962307:A:G
22:49962414:A:C
22:49962605:G:T
22:49962635:C:T
22:49962890:A:G
22:49962954:A:G
22:49963113:A:G
22:49963817:A:G
22:49964709:A:AT
22:49965048:C:T
22:49967101:A:G
22:49967915:C:T
22:49968720:A:G
22:49969091:C:T
22:49969153:C:T
22:49970798:C:G
22:49971949:A:G
22:49973471:C:T
22:49973691:C:G
22:49974075:G:GCA
22:49974204:A:ACAC
22:49974610:A:G
22:49976055:A:G
22:49977198:C:T
22:49978200:C:G
22:49978575:C:T
22:49978711:C:G
22:49980759:A:G
22:49988449:A:T
22:49988815:C:T
22:49989203:A:ATGG
22:49989248:C:CGATGAT
22:49989272:C:T
22:49990248:A:G
22:49990401:C:CA
22:49990493:C:T
22:49990495:A:G
22:49991377:A:G
22:49991396:G:GTGATGATGA
22:49994152:C:T
22:49994292:A:G
22:49996657:C:T
22:49998118:A:G
22:49998607:G:GA
22:49999960:G:T
22:50000058:A:G
22:50001291:A:G
22:50003305:C:G
22:50003453:A:G
22:50003639:T:TTTAA
22:50005464:A:G
22:50007307:C:T
22:50007488:C:CA
22:50007672:A:G
22:50008369:C:T
22:50008969:A:G
22:50009300:C:T
22:50010570:C:T
22:50010812:C:G
22:50011001:C:G
22:50011750:C:T
22:50011983:C:T
22:50012310:A:C
22:50012419:G:T
22:50012614:T:TAGA
22:50013573:A:G
22:50014002:A:G
22:50015145:A:G
22:50017234:A:G
22:50018045:A:G
22:50018069:A:G
22:50019981:C:G
22:50021903:A:G
22:50021973:A:G
22:50022716:G:GCACAGAGCAAGATGATGGGCAG
22:50022840:T:TG
22:50024801:A:G
22:50025265:C:T
22:50025938:A:G
22:50027150:T:TG
22:50027456:A:G
22:50027978:G:GCGGGGTCCATGGATGTGTCTC
22:50028887:C:T
22:50029640:A:G
22:50030325:C:T
22:50031521:C:T
22:50032400:A:ATTCTAT
22:50032872:A:G
22:50034517:A:G
22:50034538:C:G
22:50034703:C:T
22:50034987:A:G
22:50036900:C:T
22:50037306:A:G
22:50039634:A:AAAATAAACCAGCGGTCCACAGG
22:50040310:A:G
22:50040601:A:G
22:50041602:A:G
22:50041972:C:T
22:50042383:C:T
22:50042513:C:G
22:50043750:A:G
22:50043795:A:G
22:50044516:A:G
22:50045803:C:CA
22:50047469:A:C
22:50048083:A:T
22:50048084:A:T
22:50048849:G:T
22:50051007:A:G
22:50051989:A:G
22:50052175:A:G
22:50052607:A:C
22:50055154:C:T
22:50057116:A:G
22:50057391:T:TA
22:50057488:A:G
22:50058413:A:G
22:50058561:C:T
22:50058582:C:T
22:50058715:C:T
22:50058753:A:G
22:50058922:A:G
22:50059251:T:TAAA
22:50059540:A:G
22:50059706:A:G
22:50059816:A:G
22:50060123:C:G
22:50060158:A:G
22:50060930:A:G
22:50061678:C:G
22:50061914:A:G
22:50062014:A:G
22:50062101:A:G
22:50062130:C:T
22:50062133:C:G
22:50062242:A:G
22:50062427:A:G
22:50063130:T:TACAGAGAGCTGATTGGTCTGTG
22:50063951:A:G
22:50063980:A:C
22:50064279:A:G
22:50066750:C:T
22:50067315:G:T
22:50067805:A:G
22:50069539:G:T
22:50069833:A:G
22:50070944:C:T
22:50070991:A:G
22:50071019:A:G
22:50071037:A:G
22:50071198:C:T
22:50071574:A:G
22:50071794:G:GCACACACA
22:50071813:C:T
22:50071817:C:T
22:50072035:C:G
22:50072123:C:T
22:50072369:A:G
22:50072710:C:T
22:50073591:A:T
22:50074483:A:G
22:50074719:A:T
22:50075339:C:T
22:50076099:A:G
22:50076447:T:TTTTA
22:50076477:C:G
22:50076709:C:T
22:50076787:C:T
22:50077205:C:T
22:50077262:A:T
22:50077362:A:C
22:50079038:A:G
22:50079563:A:G
22:50080164:A:G
22:50081845:C:G
22:50081854:A:T
22:50082127:C:T
22:50082673:C:T
22:50082971:C:G
22:50083019:A:G
22:50083108:C:G
22:50083193:C:T
22:50083962:A:G
22:50084174:A:G
22:50084291:C:T
22:50084443:C:T
22:50084473:A:G
22:50084649:C:T
22:50084765:A:G
22:50085210:A:G
22:50085220:C:T
22:50085456:C:T
22:50085484:C:T
22:50085697:C:T
22:50086373:A:G
22:50086405:C:T
22:50087193:C:T
22:50087337:C:T
22:50087685:A:G
22:50087855:A:C
22:50088272:G:T
22:50089542:A:G
22:50089761:A:G
22:50090243:A:T
22:50090422:A:G
22:50090512:A:G
22:50091052:A:C
22:50092324:A:G
22:50092890:G:T
22:50094041:C:G
22:50094368:C:T
22:50094480:C:T
22:50095813:A:G
22:50096505:A:G
22:50099495:C:G
22:50099556:C:G
22:50100557:C:T
22:50100581:C:T
22:50100697:A:T
22:50101489:C:T
22:50102685:C:T
22:50102970:C:T
22:50104311:C:T
22:50104639:A:G
22:50105000:A:G
22:50105163:C:G
22:50106458:C:CT
22:50107030:G:GAGACGGGCAGGCATCGCTGAGC
22:50107064:A:G
22:50107396:C:T
22:50110334:G:T
22:50110693:T:TAC
22:50110721:G:T
22:50110759:C:T
22:50111097:G:GGTC
22:50111889:C:T
22:50112132:C:G
22:50113084:C:T
22:50113185:A:G
22:50113393:A:G
22:50113409:A:G
22:50114478:G:GC
22:50115716:A:G
22:50117870:G:GGGAAGCCGGAAGAGGCA
22:50118723:A:C
22:50118803:C:G
22:50119885:A:G
22:50120525:A:G
22:50120721:A:G
22:50121483:C:T
22:50121525:A:T
22:50122475:A:G
22:50122502:A:C
22:50123044:C:T
22:50123406:A:G
22:50124094:C:T
22:50125153:C:T
22:50125423:A:G
22:50125798:A:G
22:50125820:C:T
22:50126546:A:C
22:50126892:A:G
22:50127572:C:T
22:50127716:C:G
22:50128213:A:G
22:50128268:A:G
22:50129978:C:T
22:50130576:C:T
22:50131006:C:G
22:50131487:A:G
22:50132379:G:T
22:50132421:C:T
22:50133226:A:G
22:50133480:A:G
22:50133708:C:T
22:50134204:G:T
22:50135197:T:TTCTC
22:50136680:G:GA
22:50138633:C:T
22:50138772:A:T
22:50139600:C:CAAAG
22:50140802:C:T
22:50141710:C:CT
22:50141778:C:T
22:50142587:A:AGCCCCAGCCCCG
22:50142599:A:G
22:50143670:C:T
22:50144112:C:T
22:50144162:C:G
22:50144169:A:AC
22:50145202:C:G
22:50145276:A:G
22:50145852:G:T
22:50146469:C:T
22:50147076:A:G
22:50147784:A:G
22:50148763:C:T
22:50148842:C:T
22:50151818:G:T
22:50152008:C:T
22:50152229:C:T
22:50152389:A:G
22:50152568:A:G
22:50153500:C:T
22:50153721:G:T
22:50155550:A:G
22:50156286:A:G
22:50156872:C:T
22:50156898:C:T
22:50157212:A:G
22:50157707:C:T
22:50157981:G:T
22:50158136:C:T
22:50158296:C:T
22:50158340:A:C
22:50158411:A:G
22:50158455:A:G
22:50158535:C:T
22:50158749:A:G
22:50158874:A:G
22:50158882:C:T
22:50158979:A:G
22:50159072:A:G
22:50159372:A:G
22:50159377:A:G
22:50159948:C:T
22:50160217:G:T
22:50160983:A:G
22:50161021:C:CTCTG
22:50162955:A:G
22:50163419:A:G
22:50163806:A:G
22:50163814:A:G
22:50164239:G:GCCCCCTGCCTGAA
22:50164438:A:G
22:50165295:C:T
22:50168264:C:G
22:50169852:A:G
22:50171275:C:T
22:50171906:C:T
22:50172037:A:G
22:50172226:A:G
22:50172281:C:T
22:50172597:C:T
22:50173910:A:T
22:50174290:A:C
22:50175089:A:G
22:50175994:A:G
22:50176948:A:G
22:50177279:A:G
22:50177970:A:G
22:50178288:A:G
22:50178442:A:G
22:50179738:C:G
22:50180616:C:G
22:50180952:C:G
22:50181915:C:T
22:50182040:C:G
22:50182185:A:G
22:50183249:C:T
22:50183605:A:G
22:50184263:C:T
22:50185334:C:G
22:50186056:A:G
22:50186926:A:G
22:50187374:A:T
22:50187853:C:T
22:50189212:G:T
22:50190003:C:CTTTT
22:50191136:C:G
22:50191890:G:T
22:50193636:C:T
22:50193909:C:T
22:50195375:A:G
22:50196321:C:G
22:50197465:A:G
22:50201097:G:T
22:50201675:C:CA
22:50201789:A:T
22:50202956:A:G
22:50204273:A:G
22:50204808:C:CA
22:50206573:A:G
22:50209120:A:G
22:50211294:C:T
22:50211295:A:G
22:50212566:C:T
22:50215987:G:T
22:50216231:A:G
22:50217387:A:G
22:50218299:C:G
22:50219351:A:G
22:50219952:C:T
22:50220482:A:G
22:50221476:C:T
22:50221965:A:G
22:50221973:C:T
22:50222614:A:G
22:50223001:G:GACGA
22:50223024:C:G
22:50223509:C:T
22:50223974:C:CA
22:50226603:A:G
22:50227165:A:G
22:50228044:C:T
22:50228087:C:T
22:50228456:C:CT
22:50228705:G:T
22:50228751:C:T
22:50229163:C:T
22:50229805:T:TAC
22:50230422:C:T
22:50231490:C:T
22:50231932:G:T
22:50231962:A:G
22:50232097:C:T
22:50232194:A:C
22:50233524:C:G
22:50234373:A:G
22:50234552:C:G
22:50235192:A:G
22:50235976:C:CA
22:50236458:C:G
22:50236623:A:AC
22:50236729:A:G
22:50237296:A:T
22:50237366:A:G
22:50237512:A:G
22:50237595:A:G
22:50237606:A:G
22:50239153:C:G
22:50241024:C:T
22:50241300:C:CT
22:50241859:T:TC
22:50242192:A:G
22:50242553:G:T
22:50242686:A:G
22:50242733:G:T
22:50242810:C:T
22:50242933:C:T
22:50243719:C:G
22:50243747:C:T
22:50244777:C:G
22:50246466:C:T
22:50248389:A:G
22:50249459:T:TAG
22:50249983:A:G
22:50250443:C:T
22:50250465:A:G
22:50251349:C:G
22:50251492:C:T
22:50252854:C:G
22:50253137:C:T
22:50253190:C:G
22:50253683:C:T
22:50255486:C:T
22:50255872:C:G
22:50257666:G:T
22:50258709:C:T
22:50258798:A:G
22:50258868:A:G
22:50258914:C:T
22:50259784:A:ATTTCT
22:50260472:A:G
22:50260523:C:G
22:50260904:A:G
22:50262431:A:G
22:50262656:C:G
22:50262769:C:CA
22:50264019:C:T
22:50264591:A:AT
22:50264652:A:G
22:50266317:C:G
22:50269289:A:G
22:50269646:A:G
22:50270464:C:T
22:50271161:A:T
22:50271414:C:T
22:50272228:A:G
22:50272650:A:G
22:50272748:A:G
22:50272962:A:AC
22:50273028:G:T
22:50273181:A:T
22:50273183:A:T
22:50273916:A:G
22:50274293:A:G
22:50274731:C:G
22:50274751:C:T
22:50275180:A:G
22:50275325:C:T
22:50277835:C:T
22:50277883:A:G
22:50278438:A:G
22:50280655:C:T
22:50280688:A:C
22:50281344:A:G
22:50282986:C:T
22:50284020:A:G
22:50284078:A:G
22:50284305:A:G
22:50284345:A:G
22:50284974:C:T
22:50285118:G:T
22:50285348:C:T
22:50286273:C:T
22:50288724:C:G
22:50288783:T:TTCA
22:50288861:A:G
22:50288983:A:G
22:50289570:C:T
22:50289925:C:T
22:50289994:C:T
22:50290441:A:G
22:50290478:C:CG
22:50290856:C:T
22:50290868:T:TCACCTA
22:50290897:C:T
22:50291603:A:G
22:50292178:C:G
22:50292545:C:T
22:50292983:A:G
22:50294176:A:C
22:50295105:A:ATG
22:50295366:G:T
22:50295432:C:CTG
22:50295589:A:G
22:50295646:A:ACT
22:50295733:C:G
22:50295791:A:T
22:50296226:C:CTG
22:50296281:A:T
22:50297034:C:CCT
22:50297888:C:T
22:50298844:A:G
22:50298867:C:T
22:50298925:C:G
22:50299919:C:T
22:50300672:C:T
22:50301251:C:T
22:50302021:C:CA
22:50302270:C:T
22:50302430:C:T
22:50302469:A:G
22:50302549:A:G
22:50302629:A:G
22:50302671:A:T
22:50303149:C:G
22:50303515:A:C
22:50303530:C:T
22:50303533:C:G
22:50303990:C:T
22:50304935:A:C
22:50305098:A:T
22:50305244:C:G
22:50305362:A:G
22:50305515:C:T
22:50305634:C:T
22:50306316:C:T
22:50306338:A:G
22:50306521:G:GA
22:50306741:A:G
22:50306940:C:T
22:50306969:A:G
22:50307184:G:T
22:50307932:C:T
22:50308437:A:G
22:50308597:A:G
22:50309088:C:T
22:50309446:A:G
22:50309911:A:T
22:50309997:C:G
22:50310046:C:T
22:50310410:A:G
22:50310600:A:G
22:50310829:A:G
22:50310847:G:T
22:50310880:C:T
22:50310882:C:T
22:50311206:C:T
22:50311353:C:CT
22:50311367:A:T
22:50311473:A:AT
22:50311579:C:T
22:50311596:A:G
22:50311726:A:G
22:50311793:A:G
22:50311989:A:AAC
22:50312035:C:T
22:50312225:C:T
22:50312382:A:G
22:50312630:A:G
22:50312651:C:T
22:50312659:C:G
22:50312663:C:T
22:50312668:C:G
22:50312672:A:G
22:50312673:C:T
22:50312674:C:T
22:50312801:A:ACCCTCGACCTGGGCTCG
22:50312869:C:T
22:50312979:C:T
22:50313014:C:T
22:50313082:C:T
22:50313124:C:T
22:50313179:A:G
22:50313219:A:G
22:50313235:T:TC
22:50313359:A:G
22:50313438:C:T
22:50313727:A:G
22:50314068:A:C
22:50314074:C:T
22:50314289:C:G
22:50314316:A:G
22:50314573:C:T
22:50314705:A:G
22:50314711:T:TCCACACG
22:50314809:C:T
22:50314927:C:G
22:50315413:C:T
22:50315507:C:CT
22:50315627:A:G
22:50315924:G:T
22:50315928:C:G
22:50316369:C:T
22:50316374:A:G
22:50316797:A:G
22:50317145:A:G
22:50317296:C:T
22:50317346:C:T
22:50317569:A:G
22:50317714:A:G
22:50317803:A:G
22:50317857:A:G
22:50317989:C:T
22:50318621:C:T
22:50318695:C:T
22:50318735:C:T
22:50318834:C:T
22:50319079:G:T
22:50319170:A:G
22:50319701:A:G
22:50320105:A:G
22:50320943:C:T
22:50321193:C:T
22:50321746:G:GT
22:50321921:C:G
22:50321955:A:G
22:50321959:C:G
22:50322249:C:G
22:50322324:C:G
22:50322389:G:GAGGGTGGAGCCACCCACGGGTG
22:50322670:A:G
22:50323790:A:G
22:50324037:A:G
22:50324118:A:G
22:50324154:A:G
22:50324403:C:T
22:50325556:A:T
22:50325701:A:G
22:50325714:C:T
22:50325770:C:T
22:50325891:A:G
22:50326104:C:T
22:50326145:C:CG
22:50326155:A:G
22:50326814:A:G
22:50326871:A:G
22:50326882:A:G
22:50327117:C:T
22:50327170:C:T
22:50327186:C:T
22:50327189:C:T
22:50327190:A:G
22:50327416:G:T
22:50327482:G:T
22:50327975:C:G
22:50328231:A:C
22:50328731:C:T
22:50329062:C:T
22:50329459:C:G
22:50329830:A:G
22:50330015:G:GC
22:50330546:G:T
22:50332409:A:G
22:50333130:A:G
22:50333415:A:G
22:50333697:C:G
22:50334114:C:T
22:50334409:A:G
22:50334443:C:T
22:50334680:A:G
22:50334764:C:T
22:50334779:C:G
22:50335034:A:G
22:50335839:G:T
22:50336003:G:GTGAA
22:50336118:C:G
22:50336541:T:TGAGTGAGGGAGG
22:50336609:C:T
22:50337021:A:G
22:50338212:A:G
22:50338497:A:G
22:50338589:A:G
22:50338686:T:TC
22:50338703:C:T
22:50338783:C:T
22:50338827:G:T
22:50338828:C:T
22:50338919:C:G
22:50339007:C:G
22:50339008:C:T
22:50339084:A:G
22:50339129:A:G
22:50339158:C:T
22:50339247:C:T
22:50339352:T:TC
22:50339850:C:G
22:50339932:A:T
22:50340077:A:G
22:50340360:C:T
22:50340884:C:T
22:50340944:C:G
22:50341729:C:T
22:50342282:C:T
22:50342728:G:T
22:50343144:C:T
22:50343738:G:T
22:50343919:C:T
22:50345556:C:G
22:50346042:C:T
22:50346312:A:T
22:50346320:A:T
22:50346321:G:T
22:50346648:C:T
22:50348353:A:G
22:50349029:A:G
22:50349453:A:G
22:50351413:C:T
22:50351977:A:G
22:50352623:A:G
22:50353499:A:G
22:50353917:C:G
22:50353919:A:G
22:50354011:A:G
22:50354255:A:G
22:50354272:A:C
22:50354819:A:C
22:50355627:A:G
22:50356274:C:T
22:50356302:C:T
22:50356555:C:T
22:50356693:C:T
22:50356850:C:T
22:50357416:C:T
22:50358136:C:CG
22:50358197:A:G
22:50359167:G:T
22:50359902:C:T
22:50360220:C:CAG
22:50360463:A:T
22:50360545:C:T
22:50360740:G:T
22:50361063:C:T
22:50361397:C:G
22:50361465:C:CAGAGGGTGAGGAGGCCAGG
22:50361476:A:G
22:50361482:C:T
22:50361483:C:G
22:50362491:A:C
22:50363794:C:T
22:50364098:A:C
22:50414983:C:T
22:50415657:A:T
22:50415805:A:G
22:50415900:C:T
22:50415918:C:CA
22:50416205:A:C
22:50416247:A:G
22:50416506:C:T
22:50416718:C:T
22:50416854:C:CATT
22:50417258:A:G
22:50417483:C:T
22:50417685:C:T
22:50418996:A:G
22:50419266:C:T
22:50420391:A:T
22:50422348:A:G
22:50422385:A:G
22:50422420:C:G
22:50423419:A:G
22:50424400:C:T
22:50424893:C:T
22:50425779:C:T
22:50426987:A:G
22:50427776:C:CT
22:50428069:A:G
22:50428382:C:T
22:50428656:A:C
22:50428839:C:T
22:50429332:A:C
22:50431414:C:T
22:50432604:A:C
22:50433020:A:G
22:50434619:C:G
22:50435086:A:G
22:50435480:A:G
22:50437202:C:G
22:50437372:A:G
22:50437976:G:T
22:50439194:C:T
22:50439430:A:G
22:50439755:G:GCA
22:50439798:C:G
22:50439881:C:T
22:50439936:A:C
22:50440296:C:T
22:50440651:C:T
22:50441167:A:G
22:50441298:C:G
22:50441521:C:T
22:50441673:A:G
22:50441985:A:C
22:50442628:C:T
22:50442869:A:G
22:50443153:A:G
22:50443280:C:CA
22:50443449:C:T
22:50444043:C:G
22:50444066:A:G
22:50444188:C:T
22:50444253:A:AAAAAT
22:50444484:A:G
22:50444577:A:G
22:50444649:C:G
22:50445601:C:T
22:50445704:C:T
22:50445922:C:T
22:50445966:A:AT
22:50445974:G:T
22:50445975:C:G
22:50446282:T:TAAAC
22:50446550:A:C
22:50446643:A:G
22:50446988:C:T
22:50447352:C:T
22:50447354:C:T
22:50447384:A:G
22:50448519:A:G
22:50448549:A:G
22:50448628:A:G
22:50449433:T:TC
22:50449531:A:G
22:50449762:A:C
22:50450133:C:G
22:50450491:C:T
22:50450508:C:CTGAG
22:50450543:C:T
22:50451279:C:CG
22:50451687:C:T
22:50451771:C:T
22:50451951:A:G
22:50452207:A:G
22:50453036:C:T
22:50453795:C:T
22:50453828:G:T
22:50453878:A:G
22:50454000:A:G
22:50454499:C:G
22:50455283:C:T
22:50455498:A:G
22:50455521:A:G
22:50455595:G:T
22:50456791:A:G
22:50457762:A:G
22:50458020:A:G
22:50460076:G:T
22:50460078:C:T
22:50460217:C:T
22:50460340:C:T
22:50460568:A:G
22:50460687:A:G
22:50460746:C:T
22:50461477:C:T
22:50461607:C:T
22:50462113:A:AAAATAAATAAAT
22:50462606:A:C
22:50462626:C:T
22:50462732:C:T
22:50462800:C:T
22:50462805:C:T
22:50463231:C:T
22:50463709:C:CA
22:50464397:A:G
22:50464439:C:G
22:50464496:A:G
22:50464740:C:G
22:50464755:A:G
22:50466542:C:T
22:50466543:A:G
22:50467965:C:G
22:50467978:A:G
22:50467985:C:T
22:50468116:C:T
22:50468933:G:T
22:50469545:A:C
22:50469578:C:G
22:50469680:C:T
22:50469969:C:T
22:50470516:C:T
22:50471442:G:T
22:50471468:A:G
22:50471620:A:AC
22:50472042:G:T
22:50472186:A:G
22:50472354:C:T
22:50472712:C:T
22:50473055:C:T
22:50473177:A:G
22:50473396:C:G
22:50473618:A:G
22:50473631:C:T
22:50473636:G:T
22:50473644:A:G
22:50473719:A:G
22:50473781:C:T
22:50473961:C:T
22:50474857:A:G
22:50474943:A:G
22:50475316:C:T
22:50475637:C:CT
22:50478472:C:T
22:50478828:C:T
22:50479044:A:T
22:50479856:A:C
22:50480108:C:T
22:50480915:A:T
22:50480926:C:T
22:50481673:C:T
22:50482126:A:C
22:50482251:A:G
22:50483117:A:G
22:50483850:C:T
22:50483889:A:G
22:50483926:C:T
22:50484893:C:T
22:50485026:A:C
22:50485793:C:T
22:50486017:C:T
22:50487314:A:C
22:50487315:C:G
22:50487567:C:T
22:50488153:C:T
22:50488804:C:CT
22:50488995:A:C
22:50491441:A:G
22:50491713:A:G
22:50491997:A:G
22:50492121:A:G
22:50492443:A:G
22:50492952:A:G
22:50492970:C:T
22:50494084:C:CAA
22:50495656:A:G
22:50496069:T:TGGGGG
22:50496910:A:G
22:50497603:C:T
22:50497694:A:G
22:50498030:G:GC
22:50498176:C:T
22:50498248:A:C
22:50498389:A:C
22:50499021:A:C
22:50499075:A:G
22:50499239:C:T
22:50499634:T:TGACCCCC
22:50499967:C:T
22:50500263:C:T
22:50500527:C:T
22:50500554:C:T
22:50500600:A:C
22:50500673:A:G
22:50500696:A:G
22:50500703:C:T
22:50501059:A:G
22:50501137:A:G
22:50501281:C:T
22:50501485:A:G
22:50501544:A:G
22:50501586:C:T
22:50501630:G:T
22:50501834:A:G
22:50501887:C:G
22:50501888:C:T
22:50502135:C:T
22:50502491:C:T
22:50502526:A:G
22:50502544:A:G
22:50502636:A:G
22:50502650:A:G
22:50502766:C:T
22:50503061:G:GT
22:50503359:A:G
22:50503378:C:CAG
22:50503797:C:CAA
22:50503840:C:T
22:50504079:C:T
22:50504310:C:T
22:50504446:A:G
22:50504487:C:T
22:50504507:T:TC
22:50504637:A:G
22:50504737:A:G
22:50504741:A:G
22:50504781:A:G
22:50504804:C:T
22:50504907:A:G
22:50504953:G:T
22:50505088:T:TAA
22:50505289:T:TA
22:50505321:C:G
22:50505584:A:G
22:50505859:C:T
22:50505953:C:T
22:50506385:A:C
22:50506663:A:G
22:50506668:C:T
22:50506810:A:G
22:50507019:A:G
22:50507064:C:G
22:50507094:C:T
22:50507347:G:T
22:50507358:A:G
22:50507407:C:T
22:50507527:A:C
22:50507640:C:T
22:50507739:C:G
22:50507786:C:T
22:50507801:A:C
22:50507916:A:G
22:50508139:C:T
22:50508192:A:C
22:50508331:C:T
22:50508349:A:G
22:50508428:C:G
22:50508586:A:G
22:50508702:A:C
22:50508781:A:G
22:50508796:A:G
22:50508798:C:T
22:50508895:A:G
22:50508897:G:T
22:50509544:C:CT
22:50509675:C:T
22:50509917:C:T
22:50509977:A:G
22:50510015:C:T
22:50510258:C:T
22:50510533:A:T
22:50510849:C:T
22:50510925:A:G
22:50511374:C:T
22:50511433:T:TGGCAGGCGTGGGCCCCTTCTCG
22:50511538:C:T
22:50511746:C:T
22:50511819:A:G
22:50512116:G:T
22:50512617:C:T
22:50513225:T:TG
22:50513631:A:C
22:50513784:A:G
22:50513871:C:T
22:50514461:C:T
22:50514611:C:CAT
22:50514712:A:G
22:50515270:C:T
22:50515273:A:G
22:50515459:A:G
22:50515766:C:T
22:50515808:C:T
22:50515843:A:C
22:50516195:C:T
22:50517329:A:G
22:50517713:A:AAAAAC
22:50517742:A:G
22:50518226:A:C
22:50518239:C:T
22:50519332:C:G
22:50519580:C:T
22:50520191:A:G
22:50520473:C:T
22:50520636:A:G
22:50520637:C:T
22:50520879:A:G
22:50520896:A:G
22:50521130:A:G
22:50521157:A:G
22:50521781:A:C
22:50522136:C:T
22:50522153:A:G
22:50522315:C:T
22:50522524:C:T
22:50522677:A:G
22:50522930:A:G
22:50523417:A:G
22:50524250:G:GC
22:50524285:C:T
22:50524400:A:G
22:50525124:C:T
22:50525957:C:T
22:50527047:A:G
22:50527474:A:C
22:50527740:A:G
22:50527818:A:G
22:50528132:A:G
22:50528255:C:G
22:50528362:C:T
22:50528569:A:T
22:50528623:A:C
22:50528916:C:T
22:50529134:C:T
22:50529146:C:T
22:50529148:C:G
22:50529462:A:G
22:50529850:C:T
22:50529984:G:T
22:50530501:A:T
22:50530651:A:G
22:50530863:C:T
22:50531204:A:G
22:50531253:A:G
22:50531565:C:G
22:50531938:A:ATT
22:50531948:C:T
22:50532001:A:G
22:50532283:G:T
22:50532551:A:T
22:50532598:C:G
22:50532782:C:T
22:50532828:A:AT
22:50533030:A:G
22:50533049:C:T
22:50533114:A:T
22:50533409:C:T
22:50533422:C:T
22:50533747:A:G
22:50534582:A:C
22:50534909:G:T
22:50534952:G:T
22:50535316:A:G
22:50535927:C:T
22:50536061:A:G
22:50536252:A:C
22:50536546:A:G
22:50536990:A:G
22:50537235:A:T
22:50537682:G:T
22:50537752:C:T
22:50538174:A:G
22:50538191:A:G
22:50538244:G:T
22:50538265:A:T
22:50538408:T:TTTTTTG
22:50538681:C:T
22:50539413:C:T
22:50540229:C:CT
22:50540349:A:G
22:50540455:A:G
22:50540674:A:G
22:50541262:A:G
22:50541416:A:G
22:50541917:C:T
22:50542122:A:G
22:50543316:C:G
22:50543760:C:T
22:50543846:C:G
22:50544000:C:T
22:50544700:C:T
22:50544730:C:T
22:50544741:A:AC
22:50545223:C:T
22:50545279:C:T
22:50545421:C:T
22:50545643:A:G
22:50545688:A:G
22:50545734:A:G
22:50546098:C:T
22:50546185:G:T
22:50546264:A:G
22:50546666:C:T
22:50546788:C:G
22:50546797:C:T
22:50546844:A:T
22:50546868:G:T
22:50546900:C:T
22:50546971:A:G
22:50547389:C:T
22:50547529:C:T
22:50547712:A:G
22:50547864:C:T
22:50547921:A:AC
22:50547985:A:G
22:50548214:C:T
22:50548270:T:TA
22:50548277:A:T
22:50548317:A:C
22:50548626:A:C
22:50548708:A:C
22:50548738:C:T
22:50548747:C:G
22:50548773:G:T
22:50548849:A:G
22:50548952:C:G
22:50549193:C:G
22:50549277:G:T
22:50550413:A:G
22:50550462:G:T
22:50550808:C:T
22:50551312:A:G
22:50551824:A:G
22:50552278:C:T
22:50552736:C:T
22:50553148:C:T
22:50553514:A:T
22:50554054:C:G
22:50554875:C:CA
22:50555299:G:T
22:50555635:C:T
22:50555686:A:C
22:50555825:A:T
22:50556141:C:T
22:50556331:C:T
22:50556487:A:G
22:50556652:C:CCATTGTTTGAAT
22:50556736:A:G
22:50556787:A:G
22:50556815:A:G
22:50557120:A:C
22:50557235:G:T
22:50557407:A:G
22:50557463:A:G
22:50557591:A:AC
22:50557640:C:T
22:50557840:A:G
22:50558406:C:T
22:50558505:A:G
22:50559247:A:G
22:50559838:C:G
22:50559953:A:G
22:50560372:C:T
22:50560465:C:T
22:50560769:G:T
22:50561222:A:T
22:50561364:A:G
22:50561417:A:G
22:50561456:C:T
22:50561584:C:T
22:50561590:A:G
22:50561625:C:CAAAA
22:50561798:G:T
22:50562311:C:G
22:50562803:A:C
22:50562945:C:T
22:50563140:C:T
22:50563194:C:T
22:50563708:C:T
22:50564145:A:T
22:50564181:G:T
22:50564212:G:T
22:50564238:A:G
22:50564380:C:T
22:50564383:A:AT
22:50564413:A:G
22:50564419:C:T
22:50564442:C:T
22:50564510:C:T
22:50564535:C:T
22:50564618:A:AT
22:50565367:C:T
22:50565583:A:G
22:50565638:A:G
22:50565689:A:G
22:50565908:A:G
22:50566182:G:T
22:50566199:G:GT
22:50566208:G:GT
22:50566634:C:G
22:50566781:G:T
22:50566835:C:T
22:50567038:A:G
22:50567268:A:G
22:50567607:G:T
22:50567608:C:T
22:50568067:A:G
22:50568395:C:G
22:50568563:C:G
22:50568571:A:G
22:50569006:A:AG
22:50569014:A:G
22:50569102:G:GGAT
22:50569404:C:T
22:50569451:A:G
22:50569667:A:G
22:50569790:C:T
22:50570138:A:G
22:50570283:C:G
22:50570366:G:T
22:50570428:A:G
22:50570873:G:T
22:50570877:A:G
22:50570953:G:T
22:50570963:C:CAG
22:50570987:A:G
22:50571034:A:G
22:50571121:C:T
22:50571160:C:G
22:50571379:C:T
22:50571389:C:T
22:50571442:C:T
22:50571470:A:AAAAAC
22:50571488:A:T
22:50571530:C:T
22:50571897:A:G
22:50572174:C:T
22:50572406:A:G
22:50572473:A:G
22:50572748:A:T
22:50572750:G:GAA
22:50572770:A:G
22:50573081:G:T
22:50573223:C:T
22:50573492:G:GAGTGCAGTGGTGCA
22:50573612:G:T
22:50573690:C:T
22:50574388:A:T
22:50574924:A:G
22:50575360:A:G
22:50575399:C:T
22:50575596:A:C
22:50575634:A:C
22:50576020:A:G
22:50576083:A:G
22:50576170:A:T
22:50576208:C:T
22:50577521:A:G
22:50577613:C:T
22:50578075:A:G
22:50578304:C:T
22:50578386:A:G
22:50578450:A:T
22:50578503:A:G
22:50578813:A:G
22:50579119:C:T
22:50579158:C:CTTTT
22:50579575:G:T
22:50579764:C:CTT
22:50579806:C:T
22:50580044:C:T
22:50580113:C:G
22:50580699:C:T
22:50580904:A:G
22:50581237:C:G
22:50581252:C:G
22:50581299:A:G
22:50581707:C:T
22:50581890:A:C
22:50582046:C:T
22:50582237:A:G
22:50582278:A:ACT
22:50582550:A:C
22:50583021:G:T
22:50583136:A:G
22:50583232:A:G
22:50583246:A:G
22:50583252:C:T
22:50583253:A:G
22:50583257:A:G
22:50583361:A:G
22:50583498:A:C
22:50583682:A:G
22:50583744:C:G
22:50584201:A:C
22:50584577:A:AGGCCTGGAGCCTG
22:50584608:C:CT
22:50584693:C:T
22:50584801:A:G
22:50585174:G:T
22:50585442:C:G
22:50586415:C:G
22:50586673:C:G
22:50586803:C:G
22:50586867:A:G
22:50586987:C:G
22:50587314:C:T
22:50587344:C:T
22:50588131:C:T
22:50588153:A:G
22:50588470:A:T
22:50588475:A:G
22:50588708:C:G
22:50589196:A:C
22:50589576:A:G
22:50590007:G:GT
22:50590037:C:T
22:50590286:A:G
22:50590331:A:C
22:50590471:A:G
22:50590505:A:G
22:50590543:C:T
22:50590566:A:AACAG
22:50590634:A:G
22:50591683:A:G
22:50591864:A:G
22:50591964:A:G
22:50592126:C:T
22:50592517:A:G
22:50593226:G:T
22:50593861:C:T
22:50594339:G:T
22:50594772:G:T
22:50594835:A:G
22:50595182:A:T
22:50595256:C:T
22:50595366:C:G
22:50595435:C:T
22:50595641:G:T
22:50595699:T:TC
22:50595842:C:T
22:50595913:A:G
22:50596054:G:T
22:50596267:C:G
22:50596318:C:CATT
22:50597466:C:T
22:50597545:A:G
22:50597979:C:T
22:50598296:A:G
22:50598476:C:T
22:50598551:A:G
22:50599111:C:T
22:50599466:A:C
22:50600619:C:T
22:50600789:C:T
22:50600819:C:T
22:50601063:C:T
22:50601246:C:G
22:50601319:G:T
22:50601762:C:T
22:50601907:C:T
22:50602303:A:T
22:50602316:A:T
22:50602319:A:T
22:50602340:G:T
22:50602421:C:G
22:50603020:A:G
22:50603718:T:TAAAG
22:50604013:G:T
22:50604191:G:T
22:50604277:A:G
22:50604473:A:C
22:50604498:A:G
22:50604696:A:G
22:50604705:A:G
22:50604785:C:T
22:50604793:A:G
22:50604830:C:T
22:50605137:A:G
22:50605226:T:TG
22:50605746:A:G
22:50605809:C:T
22:50605811:C:G
22:50606183:A:G
22:50606194:C:G
22:50607268:C:T
22:50607411:A:G
22:50608278:C:G
22:50609653:A:G
22:50609904:G:T
22:50609905:A:G
22:50610354:G:T
22:50610628:A:G
22:50611915:C:G
22:50612184:C:T
22:50613093:C:T
22:50613202:A:G
22:50613714:A:G
22:50614476:C:T
22:50614941:G:GC
22:50616806:A:G
22:50617726:C:T
22:50617884:C:T
22:50617968:C:T
22:50618066:A:G
22:50618278:A:G
22:50618738:A:G
22:50619920:A:G
22:50620456:C:T
22:50620467:C:T
22:50620508:C:T
22:50620567:A:G
22:50620867:C:T
22:50621268:A:G
22:50621366:C:T
22:50621433:C:T
22:50621952:C:T
22:50621973:C:T
22:50622197:A:G
22:50622214:A:C
22:50622227:A:G
22:50622404:C:G
22:50624082:C:G
22:50624110:A:G
22:50624257:C:T
22:50624909:C:G
22:50625079:C:G
22:50625271:C:T
22:50625449:C:T
22:50625800:A:G
22:50626301:C:T
22:50626791:A:C
22:50627188:C:T
22:50627253:C:T
22:50627704:G:T
22:50628996:A:G
22:50629872:C:T
22:50630794:A:G
22:50630973:A:G
22:50631146:A:G
22:50631190:G:GCACCAGCAACCCGCCCTGGGCC
22:50631226:C:T
22:50632505:C:T
22:50632963:G:T
22:50633048:G:T
22:50633686:C:T
22:50633890:A:G
22:50634526:A:G
22:50634544:A:G
22:50634552:A:G
22:50634587:C:T
22:50635193:A:G
22:50635332:C:T
22:50635627:C:T
22:50635848:C:G
22:50637193:A:G
22:50637597:C:G
22:50638086:C:G
22:50638171:C:CA
22:50639059:G:T
22:50639636:C:G
22:50639778:C:T
22:50639965:A:C
22:50642359:C:T
22:50642777:C:T
22:50642793:C:G
22:50643629:A:G
22:50644177:A:G
22:50644480:C:T
22:50644969:A:G
22:50645219:A:G
22:50645321:T:TG
22:50645650:C:T
22:50646202:A:G
22:50646936:C:G
22:50647375:C:T
22:50647448:G:T
22:50647966:A:G
22:50647969:C:T
22:50648002:A:T
22:50648482:G:T
22:50648577:C:T
22:50649545:A:G
22:50649560:C:G
22:50650597:C:G
22:50651238:G:T
22:50651685:T:TC
22:50651839:A:G
22:50652427:C:T
22:50652866:C:T
22:50653018:A:G
22:50653099:C:T
22:50653895:C:G
22:50654888:C:G
22:50655098:A:G
22:50656053:A:T
22:50656096:A:G
22:50657112:C:T
22:50658274:C:G
22:50658424:C:T
22:50658494:A:C
22:50658501:A:G
22:50658570:A:G
22:50658698:A:T
22:50661869:C:T
22:50662037:A:G
22:50663421:C:T
22:50664054:C:CCTT
22:50666087:C:T
22:50669287:C:T
22:50669642:G:T
22:50669926:C:G
22:50670063:C:T
22:50670416:A:G
22:50670652:A:G
22:50670801:A:AAAAAAG
22:50672097:C:T
22:50672154:A:G
22:50672228:A:G
22:50672233:C:T
22:50672239:A:G
22:50672250:C:G
22:50672479:A:G
22:50672877:C:T
22:50673250:C:T
22:50673439:A:G
22:50674232:A:G
22:50675447:C:T
22:50675714:A:G
22:50675962:A:G
22:50676340:G:T
22:50676459:A:G
22:50676839:C:T
22:50676893:C:CA
22:50678571:C:T
22:50679436:A:G
22:50679471:C:T
22:50679758:A:G
22:50680490:A:G
22:50681029:C:T
22:50683395:A:G
22:50683418:C:T
22:50684256:C:T
22:50684296:C:T
22:50684708:A:G
22:50685508:A:G
22:50687595:A:G
22:50689030:A:G
22:50692028:A:G
22:50692115:C:T
22:50692562:A:G
22:50692709:C:CG
22:50692848:A:G
22:50692853:A:G
22:50692856:C:T
22:50692878:A:G
22:50692908:C:T
22:50692966:A:G
22:50693158:C:T
22:50693534:A:G
22:50693538:A:G
22:50694297:A:G
22:50695270:A:C
22:50696648:C:T
22:50696662:C:T
22:50697119:C:T
22:50697636:A:G
22:50698157:A:C
22:50698337:C:T
22:50698731:A:G
22:50699331:C:G
22:50699487:C:G
22:50699668:A:G
22:50700347:C:G
22:50703572:C:CAG
22:50704267:C:T
22:50704398:G:GGT
22:50704661:C:T
22:50705059:A:G
22:50705304:C:T
22:50706381:A:G
22:50706546:A:C
22:50707012:C:T
22:50707522:C:T
22:50707537:G:T
22:50707541:A:C
22:50708594:C:T
22:50708731:A:G
22:50709226:A:G
22:50709495:A:G
22:50709957:A:C
22:50710810:C:T
22:50711774:A:C
22:50711890:A:G
22:50712075:C:G
22:50712310:A:G
22:50712314:A:T
22:50712322:A:G
22:50712383:A:C
22:50712385:C:T
22:50713252:C:T
22:50713282:C:T
22:50713283:C:T
22:50713371:A:G
22:50713375:C:T
22:50713409:A:G
22:50714491:A:C
22:50714541:A:G
22:50714616:A:G
22:50715973:G:T
22:50716167:A:G
22:50717129:G:T
22:50717547:C:T
22:50717833:C:T
22:50718397:A:G
22:50719165:C:T
22:50719251:A:G
22:50719976:C:T
22:50720181:C:G
22:50720622:C:T
22:50721003:A:G
22:50722939:A:AC
22:50723501:C:G
22:50723568:C:T
22:50723608:A:G
22:50725301:A:G
22:50725553:C:T
22:50731310:A:G
22:50731808:C:T
22:50732510:A:G
22:50733227:C:T
22:50733678:C:G
22:50733818:C:G
22:50734418:C:T
22:50734890:C:T
22:50735230:A:G
22:50735604:A:G
22:50736787:A:G
22:50737584:G:T
22:50738967:C:G
22:50739838:G:GCACA
22:50741504:C:T
22:50742611:A:C
22:50742935:A:G
22:50743510:A:G
22:50743827:A:G
22:50744821:A:G
22:50745902:A:G
22:50746317:A:G
22:50746403:G:T
22:50746656:G:T
22:50746955:C:T
22:50747101:C:T
22:50747507:A:G
22:50747598:C:T
22:50747995:C:T
22:50748325:C:T
22:50748943:C:T
22:50749153:C:T
22:50749197:C:T
22:50749241:C:T
22:50749352:A:G
22:50751529:C:G
22:50752150:C:T
22:50752169:A:G
22:50753334:A:G
22:50753676:C:T
22:50753973:C:T
22:50754052:T:TACTC
22:50754363:A:G
22:50754466:C:T
22:50756048:C:T
22:50757112:A:G
22:50757348:A:G
22:50757470:C:T
22:50757541:C:T
22:50758701:G:T
22:50758873:C:T
22:50759482:A:G
22:50759892:A:C
22:50760475:T:TA
22:50760507:A:ATT
22:50761281:A:AT
22:50761432:A:G
22:50761710:C:CT
22:50761999:A:G
22:50762000:A:C
22:50762150:C:CTTT
22:50762615:C:T
22:50762876:A:G
22:50763342:C:T
22:50764057:C:T
22:50764854:A:C
22:50765523:A:C
22:50765842:G:T
22:50765888:C:T
22:50767351:A:G
22:50767453:A:G
22:50768317:C:CA
22:50768834:G:GA
22:50768939:A:G
22:50768981:C:CA
22:50769029:A:G
22:50770043:A:AT
22:50770110:G:T
22:50771188:G:T
22:50771202:A:G
22:50771464:A:G
22:50771629:A:C
22:50773691:A:G
22:50775691:A:AGT
22:50776030:T:TGGG
22:50776096:G:T
22:50776152:C:T
22:50777443:G:GGT
22:50778121:T:TTGG
22:50778219:T:TGTG
22:50778227:G:T
22:50778343:G:GGT
22:50781776:C:G
22:50784502:G:T
22:50784655:G:GC
22:50785994:C:T
22:50786976:A:G
22:50788053:C:G
22:50788567:A:C
22:50788848:C:T
22:50789029:C:G
22:50789053:C:T
22:50789056:C:T
22:50789273:C:CA
22:50789454:T:TG
22:50791182:A:C
22:50792104:A:C
22:50792246:C:CT
22:50794255:A:T
22:50794396:C:CT
22:50795362:C:CA
22:50796545:A:T
22:50797646:C:CTTTTTTTTTT
22:50798464:C:CT
22:50798779:C:CT
22:50806805:C:T
22:50808249:C:T
22:50809045:A:T
22:50809482:A:G
22:50809687:C:T
22:50810077:C:CT
22:50810900:C:T
22:50811358:C:T
22:50812086:A:T
22:50812367:C:T
22:50814075:C:T
22:50814261:A:ATTTTTTTTTT
22:50814319:A:G
22:50815104:C:T
22:50815881:T:TAATA
22:50816305:A:G
22:50816619:A:G
22:50817006:A:ACTCT
22:50817144:A:AC
22:50818715:C:T
22:50819161:G:T
22:50819212:A:G
22:50819415:C:CA
22:50819441:A:G
22:50819861:C:T
22:50820076:A:G
22:50820124:C:T
22:50820125:A:G
22:50820948:C:CA
22:50821256:C:T
22:50821263:A:G
22:50821557:A:G
22:50822335:A:G
22:50823099:A:G
22:50823137:A:G
22:50824550:A:G
22:50825615:A:G
22:50826838:A:T
22:50828155:C:G
22:50828206:G:T
22:50828427:C:CT
22:50829249:A:G
22:50830044:A:G
22:50830131:G:GT
22:50830697:A:G
22:50830769:G:GAA
22:50830787:A:C
22:50831053:A:G
22:50832752:A:C
22:50832843:A:G
22:50832846:A:C
22:50832864:A:AT
22:50833259:C:T
22:50833816:A:G
22:50834181:A:G
22:50834923:C:CA
22:50835731:A:G
22:50835976:A:AG
22:50836522:A:G
22:50836578:A:T
22:50836982:C:T
22:50837449:A:G
22:50837868:C:G
22:50837915:C:T
22:50839797:A:G
22:50839903:T:TG
22:50840223:A:G
22:50840757:C:CT
22:50840783:C:T
22:50842518:A:AT
22:50843925:C:T
22:50845628:C:T
22:50845704:A:AGGCAGAGG
22:50845773:C:CA
22:50846887:G:T
22:50847159:A:T
22:50847372:A:C
22:50849382:C:G
22:50849572:C:T
22:50850541:A:G
22:50850739:A:G
22:50851420:C:G
22:50851463:C:T
22:50851475:C:T
22:50851873:C:T
22:50851948:C:T
22:50852357:C:T
22:50852367:A:G
22:50853134:C:T
22:50853274:C:T
22:50853811:G:T
22:50854317:C:T
22:50854752:A:AT
22:50855411:C:T
22:50855413:A:G
22:50856145:C:T
22:50856222:G:T
22:50856354:A:G
22:50856937:A:T
22:50856938:A:C
22:50857140:A:G
22:50857613:G:T
22:50858120:C:T
22:50858287:A:G
22:50858813:C:G
22:50859049:C:T
22:50859121:A:G
22:50859164:C:G
22:50859698:C:T
22:50860114:C:T
22:50860398:A:C
22:50860495:A:G
22:50860565:A:G
22:50860573:C:T
22:50860583:C:T
22:50860932:C:T
22:50861324:C:T
22:50862602:C:G
22:50862755:A:C
22:50862770:C:T
22:50862946:A:G
22:50863134:C:T
22:50864696:C:T
22:50864874:A:G
22:50865133:A:G
22:50865338:C:T
22:50865434:A:G
22:50865863:A:T
22:50866161:G:GT
22:50866306:C:T
22:50866356:A:G
22:50866439:A:G
22:50866559:C:T
22:50867093:A:G
22:50867136:A:G
22:50867139:C:T
22:50867167:T:TA
22:50867268:A:G
22:50868013:A:G
22:50868669:A:T
22:50868789:A:G
22:50868925:A:C
22:50869915:A:G
22:50870222:A:G
22:50870620:G:T
22:50871492:C:G
22:50871795:G:T
22:50871974:C:T
22:50872040:C:T
22:50872842:C:T
22:50873135:G:T
22:50873262:A:G
22:50873263:C:T
22:50873267:C:T
22:50873268:A:G
22:50873497:C:T
22:50873546:C:T
22:50873557:A:G
22:50873561:C:T
22:50873644:A:G
22:50873694:C:T
22:50874614:C:T
22:50874893:C:T
22:50875745:A:T
22:50876235:C:T
22:50876526:C:G
22:50877779:A:G
22:50878196:A:G
22:50878891:G:GGTGA
22:50878927:A:G
22:50879447:G:T
22:50879651:A:G
22:50879931:A:G
22:50880095:C:T
22:50880391:C:T
22:50880959:C:CTTAAAGT
22:50881253:C:T
22:50881302:A:G
22:50881443:A:T
22:50881518:A:G
22:50881796:C:G
22:50882590:A:G
22:50882752:C:CT
22:50882953:C:CGGGGTG
22:50883058:G:T
22:50883961:A:G
22:50884075:C:T
22:50884345:C:CCCACCTGAGAGGA
22:50888453:A:T
22:50889886:C:G
22:50890755:A:G
22:50891422:G:GA
22:50891775:A:T
22:50891812:A:G
22:50891905:A:G
22:50892044:A:G
22:50892049:C:T
22:50892415:A:G
22:50896001:G:T
22:50896121:C:T
22:50896384:C:G
22:50896385:A:G
22:50896778:A:G
22:50896901:A:G
22:50897215:A:G
22:50898619:A:G
22:50899425:C:T
22:50899758:C:G
22:50900951:C:T
22:50902075:A:G
22:50902231:A:G
22:50902254:C:T
22:50902702:T:TG
22:50903221:C:T
22:50905445:C:CG
22:50906581:A:G
22:50907195:A:G
22:50907981:G:T
22:50909181:C:T
22:50910875:A:G
22:50911553:C:CT
22:50911864:A:G
22:50912755:C:G
22:50914239:A:G
22:50917986:A:G
22:50921148:A:AACACTCGGGCCCCCGAAG
22:50923775:C:CA
22:50925098:A:G
22:50925432:C:CCCT
22:50925914:G:GC
22:50925997:A:C
22:50926894:C:T
22:50926922:C:T
22:50926984:C:T
22:50927164:G:GC
22:50927189:T:TGTCCCTCCTGTCCCTCCCATCC
22:50927216:C:T
22:50927393:C:T
22:50927442:A:C
22:50928026:A:G
22:50928331:A:G
22:50929692:A:ATTT
22:50930802:A:G
22:50931121:C:CA
22:50931282:C:T
22:50931383:A:G
22:50931486:C:T
22:50932434:C:T
22:50932563:C:T
22:50932796:C:T
22:50933754:C:T
22:50934751:A:G
22:50935082:C:T
22:50935155:C:G
22:50935385:C:T
22:50935458:A:G
22:50935536:A:G
22:50936035:A:C
22:50936324:C:T
22:50937445:C:T
22:50937900:A:G
22:50937969:G:T
22:50938611:T:TC
22:50938614:C:T
22:50938771:A:G
22:50939304:C:G
22:50939586:C:G
22:50939714:A:G
22:50940120:A:G
22:50940138:C:CA
22:50940564:A:G
22:50940762:A:G
22:50941985:C:T
22:50942121:C:T
22:50942533:C:T
22:50942534:A:G
22:50942623:A:G
22:50942761:A:G
22:50943004:A:C
22:50943010:A:G
22:50943232:A:G
22:50943423:A:G
22:50945799:C:G
22:50946521:A:AC
22:50946618:G:T
22:50948652:C:T
22:50950076:A:AT
22:50952392:A:C
22:50954124:C:CT
22:50954436:G:GA
22:50955399:C:T
22:50955538:A:G
22:50957520:A:G
22:50959052:A:G
22:50959608:C:T
22:50959765:C:T
22:50959773:A:ACTC
22:50960101:A:G
22:50960682:C:T
22:50961169:A:G
22:50961854:C:T
22:50962208:G:T
22:50962782:C:G
22:50963357:C:G
22:50963540:C:G
22:50963905:C:T
22:50963965:C:G
22:50964153:C:T
22:50964236:A:G
22:50964862:A:G
22:50966197:C:CTTTT
22:50966545:A:G
22:50971266:C:T
22:50971509:G:T
22:50971706:A:T
22:50971752:A:C
22:50971795:A:G
22:50972541:C:T
22:50973113:C:T
22:50973779:A:G
22:50973817:C:T
22:50974100:A:G
22:50974438:A:G
22:50974501:C:T
22:50974608:A:C
22:50974609:A:C
22:50974610:A:C
22:50975230:C:CT
22:50975601:A:G
22:50975645:A:G
22:50975686:A:T
22:50976152:C:T
22:50976539:A:AACTC
22:50976754:C:T
22:50977167:A:T
22:50977345:A:G
22:50977738:C:T
22:50978024:A:C
22:50978262:A:G
22:50978504:A:G
22:50978520:C:T
22:50978875:G:GTATATA
22:50978931:C:T
22:50978942:T:TC
22:50979103:C:CA
22:50979746:A:AT
22:50980071:A:G
22:50980173:T:TTTTG
22:50980818:A:C
22:50980985:G:T
22:50981214:C:T
22:50981326:C:T
22:50981436:A:G
22:50981678:C:T
22:50981829:C:T
22:50982158:C:T
22:50982272:A:G
22:50982457:A:G
22:50982539:C:G
22:50983332:C:G
22:50983936:A:G
22:50984003:A:G
22:50984055:C:T
22:50984416:C:CTGGTGGGGT
22:50985023:A:C
22:50985269:C:T
22:50985703:A:G
22:50985732:C:T
22:50985875:C:T
22:50986360:C:T
22:50986465:C:G
22:50986470:A:G
22:50986472:C:T
22:50986476:A:G
22:50986647:A:G
22:50987175:G:T
22:50987287:A:G
22:50987843:C:T
22:50988062:G:T
22:50988193:A:G
22:50988695:C:T
22:50989197:C:T
22:50989537:A:G
22:50990086:A:G
22:50991033:C:T
22:50991787:A:G
22:50992097:C:T
22:50992232:A:G
22:50992967:A:G
22:50993225:C:T
22:50993420:A:G
22:50993499:C:T
22:50993798:C:G
22:50993807:C:T
22:50994222:C:CT
22:50994503:C:T
22:50995599:C:T
22:50996166:A:ATGT
22:50996177:A:G
22:50996681:A:C
22:50996860:C:CAA
22:50998238:C:T
22:50998796:C:G
22:50998973:A:C
22:50998983:A:AT
22:50999490:A:G
22:50999502:A:G
22:50999538:A:G
22:50999681:A:G
22:51000060:C:T
22:51000098:A:G
22:51000205:A:C
22:51000306:C:T
22:51000346:G:T
22:51000543:A:G
22:51001216:C:G
22:51001271:A:G
22:51001391:C:G
22:51001394:G:T
22:51001432:C:G
22:51001838:C:T
22:51002576:C:CT
22:51003836:A:G
22:51004053:C:T
22:51004170:A:G
22:51004348:C:T
22:51004421:A:G
22:51005160:A:G
22:51005659:A:T
22:51005682:A:AT
22:51006716:A:G
22:51007452:C:T
22:51008452:A:G
22:51009212:C:T
22:51009953:C:T
22:51010062:A:G
22:51010416:C:T
22:51010788:A:T
22:51010939:A:G
22:51011115:C:T
22:51011241:C:T
22:51011933:C:T
22:51011936:C:T
22:51011937:A:G
22:51012311:G:T
22:51012381:C:T
22:51012775:C:T
22:51013196:A:G
22:51013440:T:TTTTA
22:51015674:C:T
22:51015838:C:T
22:51017082:A:T
22:51017167:A:G
22:51017209:C:CCTT
22:51017296:C:G
22:51017353:C:T
22:51017394:C:G
22:51017476:A:G
22:51017514:C:G
22:51017713:A:G
22:51017794:A:G
22:51018911:C:T
22:51019438:A:G
22:51019615:C:T
22:51020069:C:G
22:51021264:G:GGCTCGGTTCCTTCCGGCCGC
22:51022117:A:C
22:51022519:C:T
22:51023152:G:T
22:51023924:C:T
22:51024308:C:T
22:51024542:C:T
22:51024624:C:T
22:51025074:C:T
22:51025326:A:G
22:51025391:C:T
22:51025469:G:T
22:51025490:C:T
22:51025741:C:T
22:51026241:A:G
22:51026405:A:G
22:51026458:A:G
22:51026842:A:G
22:51027059:A:G
22:51027071:A:C
22:51027122:C:T
22:51027127:T:TA
22:51027889:A:G
22:51028202:C:T
22:51030166:C:T
22:51031140:A:G
22:51031267:C:T
22:51032671:T:TG
22:51033119:C:T
22:51034177:A:G
22:51034565:C:T
22:51034867:C:T
22:51034870:A:G
22:51034882:C:T
22:51034961:C:T
22:51034991:C:CA
22:51035427:A:G
22:51035829:A:G
22:51035885:C:T
22:51035938:C:G
22:51036021:A:G
22:51036387:C:T
22:51036634:A:G
22:51036790:A:T
22:51036925:C:G
22:51037683:C:G
22:51037751:A:G
22:51037774:C:G
22:51038312:C:T
22:51038824:C:G
22:51039713:C:T
22:51039768:A:T
22:51039778:A:C
22:51040387:C:G
22:51040430:C:T
22:51040895:A:G
22:51040988:A:T
22:51042032:G:T
22:51042034:C:G
22:51045744:C:G
22:51045816:A:G
22:51046096:A:G
22:51046163:C:T
22:51046605:C:CGGA
22:51046755:C:T
22:51047150:C:T
22:51047218:A:G
22:51047241:C:T
22:51047640:C:G
22:51048059:A:G
22:51048400:A:G
22:51048514:C:T
22:51048721:A:G
22:51048781:G:T
22:51048812:C:G
22:51053070:C:T
22:51053131:A:G
22:51053719:C:T
22:51053890:A:ACT
22:51054264:C:T
22:51054559:C:T
22:51055231:G:T
22:51055900:C:T
22:51055968:A:T
22:51056151:C:CT
22:51057902:C:T
22:51058500:A:C
22:51059118:G:T
22:51059874:C:T
22:51060049:A:G
22:51060340:C:G
22:51060353:A:ATT
22:51060471:C:T
22:51060668:A:G
22:51062003:A:G
22:51062051:G:T
22:51062204:A:G
22:51062654:C:T
22:51062718:C:T
22:51062832:A:G
22:51062891:C:G
22:51062938:C:T
22:51063987:C:G
22:51064039:C:G
22:51064141:A:G
22:51064818:C:T
22:51064862:A:AC
22:51064915:A:G
22:51066921:A:G
22:51066990:C:T
22:51067346:G:GTGT
22:51067943:T:TG
22:51068016:A:G
22:51068517:C:G
22:51068560:A:G
22:51068815:A:C
22:51070157:C:G
22:51070285:C:T
22:51070401:C:T
22:51071110:G:GT
22:51071278:G:T
22:51071367:C:T
22:51071455:C:G
22:51071783:T:TAAAA
22:51071795:G:T
22:51072161:C:T
22:51072289:A:C
22:51073266:C:G
22:51073461:C:T
22:51073574:G:T
22:51073893:C:G
22:51074628:A:G
22:51075403:A:C
22:51075524:C:T
22:51075638:A:T
22:51076095:A:G
22:51076193:C:G
22:51076686:C:T
22:51078547:T:TG
22:51078620:A:G
22:51078655:C:T
22:51079220:C:T
22:51079221:A:G
22:51079621:C:T
22:51080757:A:G
22:51081332:C:T
22:51084405:A:T
22:51085928:A:AAAAAGAAAAG
22:51086684:A:AT
22:51089213:A:C
22:51089462:C:CA
22:51089624:A:T
22:51089716:C:G
22:51091914:C:T
22:51096310:A:AC
22:51097011:A:AT
22:51098863:C:T
22:51099133:A:G
22:51099671:C:T
22:51099874:C:G
22:51101899:A:C
22:51101938:A:C
22:51102299:T:TA
22:51103091:C:T
22:51103919:C:T
22:51106436:G:GAAACA
22:51109735:A:G
22:51110925:C:G
22:51110928:G:T
22:51115723:A:G
22:51118894:A:G
22:51119608:A:G
22:51122593:A:C
22:51123467:C:T
22:51123832:A:G
22:51124789:A:T
22:51125132:C:T
22:51126075:A:G
22:51128648:C:T
22:51131384:A:G
22:51131736:C:T
22:51133580:A:C
22:51134888:C:T
22:51134993:C:G
22:51135240:C:T
22:51135451:C:G
22:51135545:C:T
22:51135595:A:T
22:51136408:C:T
22:51136646:C:T
22:51137094:A:G
22:51137249:C:T
22:51137886:C:T
22:51138354:C:G
22:51138535:A:C
22:51138753:A:G
22:51139178:C:T
22:51139380:C:T
22:51139617:C:T
22:51139635:C:T
22:51141410:C:G
22:51141611:A:G
22:51142381:A:G
22:51143309:C:G
22:51143606:C:G
22:51144731:C:T
22:51146139:A:G
22:51146737:A:T
22:51148424:A:G
22:51148993:C:T
22:51152265:C:G
22:51153840:G:T
22:51154458:C:T
22:51155151:C:T
22:51155733:C:T
22:51155826:A:G
22:51156078:A:G
22:51156109:A:G
22:51156666:C:T
22:51156732:A:G
22:51157483:C:T
22:51157531:A:G
22:51158017:C:G
22:51158499:G:T
22:51161019:C:T
22:51161281:A:C
22:51162059:A:G
22:51163039:G:T
22:51163138:C:T
22:51164109:C:G
22:51164115:C:T
22:51164287:C:T
22:51165390:C:T
22:51165664:A:G
22:51169045:C:T
22:51171497:A:G
22:51171667:A:G
22:51172460:C:T
22:51174083:A:AG
22:51174331:C:G
22:51174662:C:T
22:51175626:A:G
22:51178090:A:G
22:51178607:C:G
22:51179000:A:C
22:51179770:A:G
22:51180855:C:T
22:51180878:A:G
22:51180934:C:T
22:51180971:C:CAAAAA
22:51181502:C:G
22:51181507:A:G
22:51181519:A:G
22:51181563:A:C
22:51181600:A:G
22:51181620:C:T
22:51181685:A:G
22:51182399:A:G
22:51183017:C:T
22:51183255:A:G
22:51183935:C:T
22:51185740:A:ACATTGT
22:51185743:A:AAGC
22:51186143:C:T
22:51186228:C:T
22:51186276:C:T
22:51187027:C:T
22:51187197:A:G
22:51187386:A:G
22:51189328:C:G
22:51190830:G:T
22:51190878:A:G
22:51191334:C:G
22:51192137:A:G
22:51192518:C:G
22:51192586:A:G
22:51193227:G:T
22:51193629:A:G
22:51194265:A:C
22:51194639:C:T
22:51194874:C:T
22:51194960:A:AAGTTTTGTCTCAGAGGAGTACC
22:51195066:C:T
22:51195145:G:GCT
22:51195156:C:T
22:51196224:A:ATTAT
22:51197266:A:G
22:51198232:C:G
22:51198569:C:G
22:51199281:C:T
22:51203312:C:T
22:51203316:C:T
22:51206413:A:T
22:51206426:C:T
22:51206454:G:T
22:51208537:A:G
22:51210268:G:T
22:51210289:C:T
22:51212207:A:G
22:51212330:A:AT
22:51212575:A:G
22:51212624:A:G
22:51212875:A:C
22:51213613:C:T
22:51213826:A:G
22:51215028:C:G
22:51216024:C:G
22:51216051:A:G
22:51216149:A:C
22:51216564:C:T
22:51216679:A:C
22:51216731:C:T
22:51217134:A:G
22:51217954:A:G
22:51218224:A:C
22:51218377:C:G
22:51218615:A:T
22:51219387:C:T
22:51220249:A:T
22:51221731:C:T
22:51222052:A:G
22:51222100:G:T
22:51222965:A:G
22:51228888:G:T
22:51228910:A:G
22:51229656:A:G
22:51229704:G:GC
22:51229717:A:T
22:51229805:C:T
22:51231220:A:G
22:51232581:C:T
22:51233010:C:G
22:51233182:A:G
22:51233312:A:G
22:51233347:C:T
22:51233666:C:T
22:51237063:C:T
22:51237712:A:G
